-- MySQL dump 10.13  Distrib 8.0.40, for Win64 (x86_64)
--
-- Host: 106.53.217.216    Database: 129club
-- ------------------------------------------------------
-- Server version	8.0.43-0ubuntu0.24.04.2

/*!40101 SET @OLD_CHARACTER_SET_CLIENT=@@CHARACTER_SET_CLIENT */;
/*!40101 SET @OLD_CHARACTER_SET_RESULTS=@@CHARACTER_SET_RESULTS */;
/*!40101 SET @OLD_COLLATION_CONNECTION=@@COLLATION_CONNECTION */;
/*!50503 SET NAMES utf8mb4 */;
/*!40103 SET @OLD_TIME_ZONE=@@TIME_ZONE */;
/*!40103 SET TIME_ZONE='+00:00' */;
/*!40014 SET @OLD_UNIQUE_CHECKS=@@UNIQUE_CHECKS, UNIQUE_CHECKS=0 */;
/*!40014 SET @OLD_FOREIGN_KEY_CHECKS=@@FOREIGN_KEY_CHECKS, FOREIGN_KEY_CHECKS=0 */;
/*!40101 SET @OLD_SQL_MODE=@@SQL_MODE, SQL_MODE='NO_AUTO_VALUE_ON_ZERO' */;
/*!40111 SET @OLD_SQL_NOTES=@@SQL_NOTES, SQL_NOTES=0 */;

--
-- Table structure for table `achievements`
--

DROP TABLE IF EXISTS `achievements`;
/*!40101 SET @saved_cs_client     = @@character_set_client */;
/*!50503 SET character_set_client = utf8mb4 */;
CREATE TABLE `achievements` (
  `id` varchar(36) CHARACTER SET utf8mb4 COLLATE utf8mb4_unicode_ci NOT NULL,
  `code` varchar(50) CHARACTER SET utf8mb4 COLLATE utf8mb4_unicode_ci NOT NULL,
  `name` varchar(100) CHARACTER SET utf8mb4 COLLATE utf8mb4_unicode_ci NOT NULL,
  `description` text CHARACTER SET utf8mb4 COLLATE utf8mb4_unicode_ci,
  `icon` varchar(200) CHARACTER SET utf8mb4 COLLATE utf8mb4_unicode_ci DEFAULT NULL,
  `type` enum('single_match','cumulative','streak') CHARACTER SET utf8mb4 COLLATE utf8mb4_unicode_ci NOT NULL DEFAULT 'single_match',
  `condition` json DEFAULT NULL,
  `is_season_bound` tinyint(1) DEFAULT '0',
  `is_repeatable` tinyint(1) DEFAULT '0',
  `sort_order` int DEFAULT '0',
  `is_active` tinyint(1) DEFAULT '1',
  `created_at` datetime DEFAULT CURRENT_TIMESTAMP,
  `updated_at` datetime DEFAULT CURRENT_TIMESTAMP ON UPDATE CURRENT_TIMESTAMP,
  PRIMARY KEY (`id`) USING BTREE,
  UNIQUE KEY `code` (`code`) USING BTREE,
  KEY `idx_code` (`code`) USING BTREE,
  KEY `idx_is_active` (`is_active`) USING BTREE
) ENGINE=InnoDB DEFAULT CHARSET=utf8mb4 COLLATE=utf8mb4_unicode_ci ROW_FORMAT=DYNAMIC;
/*!40101 SET character_set_client = @saved_cs_client */;

--
-- Dumping data for table `achievements`
--

LOCK TABLES `achievements` WRITE;
/*!40000 ALTER TABLE `achievements` DISABLE KEYS */;
INSERT INTO `achievements` VALUES ('1419c44b-ced4-4c8f-86e8-06ff3f3231c7','goal_machine','进球机器','Score 10 goals in the season','/static/images/goal-machine.png','cumulative','{\"field\": \"goals\", \"value\": 10, \"operator\": \">=\"}',1,0,5,1,'2025-10-20 22:16:50','2025-10-22 09:33:46'),('3dbd056d-3118-4710-80ca-47d708c69625','hat_trick','帽子戏法','Score 3 goals in a single match','/static/images/hat-trick.png','single_match','{\"field\": \"goals\", \"value\": 3, \"operator\": \">=\"}',1,1,1,1,'2025-10-20 22:16:50','2025-10-22 09:33:46'),('467aaca6-8016-4703-a1e1-4d2d05061994','perfect_attendance','全勤奖','100% attendance rate in the season','/static/images/perfect-attendence.png','cumulative','{\"field\": \"attendance\", \"value\": 100, \"operator\": \">=\"}',1,0,3,1,'2025-10-20 22:16:50','2025-10-22 09:33:46'),('48cb9e16-4137-4006-b774-a7829c79708b','winning_streak','连胜王','Win 3 matches in a row','/static/images/winning-streak.png','streak','{\"field\": \"consecutive_wins\", \"value\": 3, \"operator\": \">=\"}',1,1,6,1,'2025-10-20 22:16:50','2025-10-22 09:33:46'),('ab18c592-ef34-4dca-a577-75a08e59e4c4','assist_king','助攻王','Make 3 assists in a single match','/static/images/assist-king.png','single_match','{\"field\": \"assists\", \"value\": 3, \"operator\": \">=\"}',1,1,2,1,'2025-10-20 22:16:50','2025-10-22 09:33:46'),('b8e8584b-48fc-4e46-9429-775b5dcf3baa','mvp_collector','MVP收集者','Win MVP 5 times in the season','/static/images/mvp-collector.png','cumulative','{\"field\": \"mvp_count\", \"value\": 5, \"operator\": \">=\"}',1,0,4,1,'2025-10-20 22:16:50','2025-10-22 09:33:46');
/*!40000 ALTER TABLE `achievements` ENABLE KEYS */;
UNLOCK TABLES;

--
-- Table structure for table `draft_picks`
--

DROP TABLE IF EXISTS `draft_picks`;
/*!40101 SET @saved_cs_client     = @@character_set_client */;
/*!50503 SET character_set_client = utf8mb4 */;
CREATE TABLE `draft_picks` (
  `id` varchar(36) CHARACTER SET utf8mb4 COLLATE utf8mb4_0900_ai_ci NOT NULL COMMENT '选人记录ID',
  `reshuffle_id` varchar(36) CHARACTER SET utf8mb4 COLLATE utf8mb4_0900_ai_ci NOT NULL COMMENT '重组ID',
  `round` int NOT NULL COMMENT '轮次',
  `pick_order` int NOT NULL COMMENT '选人顺序',
  `captain_id` varchar(36) CHARACTER SET utf8mb4 COLLATE utf8mb4_0900_ai_ci NOT NULL COMMENT '队长ID',
  `picked_user_id` varchar(36) CHARACTER SET utf8mb4 COLLATE utf8mb4_0900_ai_ci NOT NULL COMMENT '被选中的用户ID',
  `team_id` varchar(36) CHARACTER SET utf8mb4 COLLATE utf8mb4_0900_ai_ci NOT NULL COMMENT '队伍ID',
  `picked_at` timestamp NULL DEFAULT CURRENT_TIMESTAMP COMMENT '选择时间',
  PRIMARY KEY (`id`) USING BTREE,
  KEY `captain_id` (`captain_id`) USING BTREE,
  KEY `picked_user_id` (`picked_user_id`) USING BTREE,
  KEY `team_id` (`team_id`) USING BTREE,
  KEY `idx_reshuffle` (`reshuffle_id`) USING BTREE,
  KEY `idx_round` (`round`) USING BTREE,
  CONSTRAINT `draft_picks_ibfk_1` FOREIGN KEY (`reshuffle_id`) REFERENCES `team_reshuffles` (`id`) ON DELETE CASCADE ON UPDATE RESTRICT,
  CONSTRAINT `draft_picks_ibfk_2` FOREIGN KEY (`captain_id`) REFERENCES `users` (`id`) ON DELETE RESTRICT ON UPDATE RESTRICT,
  CONSTRAINT `draft_picks_ibfk_3` FOREIGN KEY (`picked_user_id`) REFERENCES `users` (`id`) ON DELETE RESTRICT ON UPDATE RESTRICT,
  CONSTRAINT `draft_picks_ibfk_4` FOREIGN KEY (`team_id`) REFERENCES `teams` (`id`) ON DELETE RESTRICT ON UPDATE RESTRICT
) ENGINE=InnoDB DEFAULT CHARSET=utf8mb4 COLLATE=utf8mb4_0900_ai_ci ROW_FORMAT=DYNAMIC COMMENT='Draft选人记录表';
/*!40101 SET character_set_client = @saved_cs_client */;

--
-- Dumping data for table `draft_picks`
--

LOCK TABLES `draft_picks` WRITE;
/*!40000 ALTER TABLE `draft_picks` DISABLE KEYS */;
/*!40000 ALTER TABLE `draft_picks` ENABLE KEYS */;
UNLOCK TABLES;

--
-- Table structure for table `lineups`
--

DROP TABLE IF EXISTS `lineups`;
/*!40101 SET @saved_cs_client     = @@character_set_client */;
/*!50503 SET character_set_client = utf8mb4 */;
CREATE TABLE `lineups` (
  `id` varchar(36) CHARACTER SET utf8mb4 COLLATE utf8mb4_0900_ai_ci NOT NULL COMMENT '阵容ID',
  `match_id` varchar(36) CHARACTER SET utf8mb4 COLLATE utf8mb4_0900_ai_ci NOT NULL COMMENT '比赛ID',
  `team_id` varchar(36) CHARACTER SET utf8mb4 COLLATE utf8mb4_0900_ai_ci NOT NULL COMMENT '队伍ID',
  `user_id` varchar(36) CHARACTER SET utf8mb4 COLLATE utf8mb4_0900_ai_ci NOT NULL COMMENT '用户ID',
  `position` enum('GK','DF','MF','FW','SUB') CHARACTER SET utf8mb4 COLLATE utf8mb4_0900_ai_ci NOT NULL COMMENT '场上位置',
  `jersey_number` int DEFAULT NULL COMMENT '球衣号码',
  `is_starter` tinyint(1) DEFAULT '1' COMMENT '是否首发',
  `set_by` varchar(36) CHARACTER SET utf8mb4 COLLATE utf8mb4_0900_ai_ci DEFAULT NULL COMMENT '设置者ID（队长）',
  `set_at` timestamp NULL DEFAULT CURRENT_TIMESTAMP COMMENT '设置时间',
  PRIMARY KEY (`id`) USING BTREE,
  UNIQUE KEY `uk_match_team_user` (`match_id`,`team_id`,`user_id`) USING BTREE,
  KEY `user_id` (`user_id`) USING BTREE,
  KEY `set_by` (`set_by`) USING BTREE,
  KEY `idx_match` (`match_id`) USING BTREE,
  KEY `idx_team` (`team_id`) USING BTREE,
  CONSTRAINT `lineups_ibfk_1` FOREIGN KEY (`match_id`) REFERENCES `matches` (`id`) ON DELETE CASCADE ON UPDATE RESTRICT,
  CONSTRAINT `lineups_ibfk_2` FOREIGN KEY (`team_id`) REFERENCES `teams` (`id`) ON DELETE RESTRICT ON UPDATE RESTRICT,
  CONSTRAINT `lineups_ibfk_3` FOREIGN KEY (`user_id`) REFERENCES `users` (`id`) ON DELETE RESTRICT ON UPDATE RESTRICT,
  CONSTRAINT `lineups_ibfk_4` FOREIGN KEY (`set_by`) REFERENCES `users` (`id`) ON DELETE RESTRICT ON UPDATE RESTRICT
) ENGINE=InnoDB DEFAULT CHARSET=utf8mb4 COLLATE=utf8mb4_0900_ai_ci ROW_FORMAT=DYNAMIC COMMENT='比赛阵容表';
/*!40101 SET character_set_client = @saved_cs_client */;

--
-- Dumping data for table `lineups`
--

LOCK TABLES `lineups` WRITE;
/*!40000 ALTER TABLE `lineups` DISABLE KEYS */;
/*!40000 ALTER TABLE `lineups` ENABLE KEYS */;
UNLOCK TABLES;

--
-- Table structure for table `match_events`
--

DROP TABLE IF EXISTS `match_events`;
/*!40101 SET @saved_cs_client     = @@character_set_client */;
/*!50503 SET character_set_client = utf8mb4 */;
CREATE TABLE `match_events` (
  `id` varchar(36) CHARACTER SET utf8mb4 COLLATE utf8mb4_0900_ai_ci NOT NULL COMMENT '事件ID',
  `match_id` varchar(36) CHARACTER SET utf8mb4 COLLATE utf8mb4_0900_ai_ci NOT NULL COMMENT '比赛ID',
  `team_id` varchar(36) CHARACTER SET utf8mb4 COLLATE utf8mb4_0900_ai_ci NOT NULL COMMENT '队伍ID',
  `user_id` varchar(36) CHARACTER SET utf8mb4 COLLATE utf8mb4_0900_ai_ci NOT NULL COMMENT '用户ID',
  `event_type` enum('goal','assist','save','yellow_card','red_card','substitution_in','substitution_out','referee') CHARACTER SET utf8mb4 COLLATE utf8mb4_0900_ai_ci NOT NULL COMMENT '事件类型（新增save扑救、referee裁判）',
  `minute` int DEFAULT NULL COMMENT '发生时间（分钟）',
  `assist_user_id` varchar(36) CHARACTER SET utf8mb4 COLLATE utf8mb4_0900_ai_ci DEFAULT NULL COMMENT '助攻者ID（进球事件）',
  `notes` varchar(255) CHARACTER SET utf8mb4 COLLATE utf8mb4_0900_ai_ci DEFAULT NULL COMMENT '备注',
  `recorded_by` varchar(36) CHARACTER SET utf8mb4 COLLATE utf8mb4_0900_ai_ci DEFAULT NULL COMMENT '记录者ID',
  `recorded_at` timestamp NULL DEFAULT CURRENT_TIMESTAMP COMMENT '记录时间',
  `quarter_number` tinyint DEFAULT NULL COMMENT '发生在第几节（1-4）',
  `event_subtype` varchar(20) CHARACTER SET utf8mb4 COLLATE utf8mb4_0900_ai_ci DEFAULT NULL COMMENT '事件子类型（如：far_shot远射, penalty点球）',
  PRIMARY KEY (`id`) USING BTREE,
  KEY `team_id` (`team_id`) USING BTREE,
  KEY `assist_user_id` (`assist_user_id`) USING BTREE,
  KEY `recorded_by` (`recorded_by`) USING BTREE,
  KEY `idx_match` (`match_id`) USING BTREE,
  KEY `idx_type` (`event_type`) USING BTREE,
  KEY `idx_user` (`user_id`) USING BTREE,
  CONSTRAINT `match_events_ibfk_1` FOREIGN KEY (`match_id`) REFERENCES `matches` (`id`) ON DELETE CASCADE ON UPDATE RESTRICT,
  CONSTRAINT `match_events_ibfk_2` FOREIGN KEY (`team_id`) REFERENCES `teams` (`id`) ON DELETE RESTRICT ON UPDATE RESTRICT,
  CONSTRAINT `match_events_ibfk_3` FOREIGN KEY (`user_id`) REFERENCES `users` (`id`) ON DELETE RESTRICT ON UPDATE RESTRICT,
  CONSTRAINT `match_events_ibfk_4` FOREIGN KEY (`assist_user_id`) REFERENCES `users` (`id`) ON DELETE RESTRICT ON UPDATE RESTRICT,
  CONSTRAINT `match_events_ibfk_5` FOREIGN KEY (`recorded_by`) REFERENCES `users` (`id`) ON DELETE RESTRICT ON UPDATE RESTRICT
) ENGINE=InnoDB DEFAULT CHARSET=utf8mb4 COLLATE=utf8mb4_0900_ai_ci ROW_FORMAT=DYNAMIC COMMENT='比赛事件表';
/*!40101 SET character_set_client = @saved_cs_client */;

--
-- Dumping data for table `match_events`
--

LOCK TABLES `match_events` WRITE;
/*!40000 ALTER TABLE `match_events` DISABLE KEYS */;
INSERT INTO `match_events` VALUES ('00425d7f-4089-4f96-993a-12577395bbb6','4af19f47-c436-11f0-b163-525400735d47','281a79c2-e10a-4bfa-8dc8-def0b7b7580a','7fbeef0d-dd93-457b-a259-16e869430e28','goal',20,'41097aab-54bd-4800-84cf-f79e8f7d3d2b','','942b0614-06e4-4e35-acd8-52f806a9a5c7','2025-11-18 04:26:36',3,NULL),('04096ee1-9267-453c-983d-4bba2162539e','3b05c8af-c4a8-47a4-a789-15d5c63ffc3d','b6ab3e9b-7bd7-468f-ae54-51c7675831e3','d2f05391-e6e4-4109-a0ef-47631700cb69','goal',21,'e18ad310-339b-48b4-8745-58630b87ba3d','','277dc273-6b68-4d68-8414-3f2672278a6e','2025-11-23 01:14:24',1,NULL),('08f5c2aa-2c82-4714-b17f-b6e6408347bc','aa3eb715-c42e-11f0-b163-525400735d47','b6ab3e9b-7bd7-468f-ae54-51c7675831e3','370f143c-17fe-4df4-b2d6-f75ed4a97a99','goal',30,NULL,'','942b0614-06e4-4e35-acd8-52f806a9a5c7','2025-11-18 03:33:05',2,NULL),('09c417e2-d7df-485b-bae6-dfac38b9f4c6','b474ed84-c440-11f0-b163-525400735d47','b6ab3e9b-7bd7-468f-ae54-51c7675831e3','d2f05391-e6e4-4109-a0ef-47631700cb69','goal',18,NULL,'','942b0614-06e4-4e35-acd8-52f806a9a5c7','2025-11-18 05:43:34',4,NULL),('11972a94-d997-44ee-9f69-ad5782dc5bb1','4af19f47-c436-11f0-b163-525400735d47','b6ab3e9b-7bd7-468f-ae54-51c7675831e3','6a1ea615-5f87-4e6a-bc3a-214ee9a48646','goal',13,'9bb0beb2-1810-466e-9e60-713a82f2c6df','','942b0614-06e4-4e35-acd8-52f806a9a5c7','2025-11-18 04:26:21',3,NULL),('11c07872-b87d-4979-a8b3-fb7d92750ce8','4af19f47-c436-11f0-b163-525400735d47','b6ab3e9b-7bd7-468f-ae54-51c7675831e3','21a35430-9b03-4adf-9ac1-be66f1aad476','goal',5,NULL,'','942b0614-06e4-4e35-acd8-52f806a9a5c7','2025-11-18 04:28:57',4,NULL),('12c8b244-c34c-48db-9e18-27424de6f3b4','b474ed84-c440-11f0-b163-525400735d47','281a79c2-e10a-4bfa-8dc8-def0b7b7580a','6f19ae14-c42c-11f0-b163-525400735d47','goal',24,NULL,'','942b0614-06e4-4e35-acd8-52f806a9a5c7','2025-11-18 05:46:11',4,NULL),('153fe8ce-3021-49e3-99c1-ff35e0fc9992','5514dd79-c447-11f0-b163-525400735d47','281a79c2-e10a-4bfa-8dc8-def0b7b7580a','8cf5f4ad-3159-41e2-942f-b77804afe972','goal',26,'8cf4f261-5ddb-446b-9064-dacbe9c59f1f','','942b0614-06e4-4e35-acd8-52f806a9a5c7','2025-11-18 06:29:14',4,NULL),('15e2a7bf-cb94-49ec-8f7f-1d235581007d','aa3eb715-c42e-11f0-b163-525400735d47','281a79c2-e10a-4bfa-8dc8-def0b7b7580a','7dda9b5f-62ca-4e98-a44d-943cb982c684','goal',6,'8cd7500c-c95e-4f3e-b776-c9bfaa5c0235','','942b0614-06e4-4e35-acd8-52f806a9a5c7','2025-11-18 03:31:57',1,NULL),('171b612f-ceca-4207-98e4-ffb5a27a4d90','3f2c0475-c443-11f0-b163-525400735d47','281a79c2-e10a-4bfa-8dc8-def0b7b7580a','7dda9b5f-62ca-4e98-a44d-943cb982c684','goal',10,'9c0ccbee-c7a4-4da5-9147-7e117f9eb16a','','942b0614-06e4-4e35-acd8-52f806a9a5c7','2025-11-18 05:58:15',1,NULL),('1caa8b6b-1a1e-4801-b8f5-b96c99c786ce','5514dd79-c447-11f0-b163-525400735d47','b6ab3e9b-7bd7-468f-ae54-51c7675831e3','d2f05391-e6e4-4109-a0ef-47631700cb69','goal',26,NULL,'','942b0614-06e4-4e35-acd8-52f806a9a5c7','2025-11-18 06:25:50',1,NULL),('1f32196f-9a50-4e03-9419-0c9d85484ed6','3f2c0475-c443-11f0-b163-525400735d47','b6ab3e9b-7bd7-468f-ae54-51c7675831e3','e18ad310-339b-48b4-8745-58630b87ba3d','goal',9,NULL,'','942b0614-06e4-4e35-acd8-52f806a9a5c7','2025-11-18 06:00:03',2,NULL),('1fd11cb7-49dc-429c-8db3-a3f02839bd53','5514dd79-c447-11f0-b163-525400735d47','281a79c2-e10a-4bfa-8dc8-def0b7b7580a','8cf5f4ad-3159-41e2-942f-b77804afe972','goal',21,'8cf4f261-5ddb-446b-9064-dacbe9c59f1f','','942b0614-06e4-4e35-acd8-52f806a9a5c7','2025-11-18 06:29:05',4,NULL),('20defd1c-1a8f-4841-93e9-dca165bf8075','4af19f47-c436-11f0-b163-525400735d47','b6ab3e9b-7bd7-468f-ae54-51c7675831e3','003d0cec-2665-4655-82aa-198784fd2886','goal',23,NULL,'','942b0614-06e4-4e35-acd8-52f806a9a5c7','2025-11-18 04:27:46',4,NULL),('217cf43c-35f5-4f81-8027-658c08424405','3b05c8af-c4a8-47a4-a789-15d5c63ffc3d','281a79c2-e10a-4bfa-8dc8-def0b7b7580a','7e769d4a-ca83-469d-a117-75b84313ed6c','goal',20,NULL,'','942b0614-06e4-4e35-acd8-52f806a9a5c7','2025-11-23 13:12:22',4,NULL),('23ee246a-efe9-43cd-8f3a-789a262bb868','b474ed84-c440-11f0-b163-525400735d47','281a79c2-e10a-4bfa-8dc8-def0b7b7580a','8cf4f261-5ddb-446b-9064-dacbe9c59f1f','goal',25,'7fbeef0d-dd93-457b-a259-16e869430e28','','942b0614-06e4-4e35-acd8-52f806a9a5c7','2025-11-18 05:41:34',3,NULL),('25e93599-1ff9-470d-97e6-1c3b0d9b787e','4af19f47-c436-11f0-b163-525400735d47','b6ab3e9b-7bd7-468f-ae54-51c7675831e3','277dc273-6b68-4d68-8414-3f2672278a6e','goal',19,'6a1ea615-5f87-4e6a-bc3a-214ee9a48646','','942b0614-06e4-4e35-acd8-52f806a9a5c7','2025-11-18 04:24:36',2,NULL),('2708616f-51d5-40d5-b092-e35d2df0ef2b','3f2c0475-c443-11f0-b163-525400735d47','b6ab3e9b-7bd7-468f-ae54-51c7675831e3','277dc273-6b68-4d68-8414-3f2672278a6e','goal',22,'370f143c-17fe-4df4-b2d6-f75ed4a97a99','','942b0614-06e4-4e35-acd8-52f806a9a5c7','2025-11-18 05:58:37',1,NULL),('27aa05a1-305d-40d6-83d2-6e66348151d9','5cb22fa6-c432-11f0-b163-525400735d47','281a79c2-e10a-4bfa-8dc8-def0b7b7580a','8cd7500c-c95e-4f3e-b776-c9bfaa5c0235','goal',15,NULL,'','942b0614-06e4-4e35-acd8-52f806a9a5c7','2025-11-18 03:55:39',1,NULL),('2adbadbc-4972-4f2f-8db7-de161cb76fe3','aa3eb715-c42e-11f0-b163-525400735d47','281a79c2-e10a-4bfa-8dc8-def0b7b7580a','7dda9b5f-62ca-4e98-a44d-943cb982c684','goal',10,NULL,'','942b0614-06e4-4e35-acd8-52f806a9a5c7','2025-11-18 03:32:51',2,NULL),('2cf5945a-8d99-46e2-a3c4-c6b82b38f38a','4c78f684-c439-11f0-b163-525400735d47','b6ab3e9b-7bd7-468f-ae54-51c7675831e3','277dc273-6b68-4d68-8414-3f2672278a6e','goal',21,NULL,'','942b0614-06e4-4e35-acd8-52f806a9a5c7','2025-11-18 04:55:42',2,NULL),('2e1ae4da-58e2-4c7a-90bc-dd2c25129dab','4c78f684-c439-11f0-b163-525400735d47','b6ab3e9b-7bd7-468f-ae54-51c7675831e3','277dc273-6b68-4d68-8414-3f2672278a6e','goal',17,'21a35430-9b03-4adf-9ac1-be66f1aad476','','942b0614-06e4-4e35-acd8-52f806a9a5c7','2025-11-18 04:47:55',1,NULL),('2f806ba8-52f3-4a8f-8c54-11c160ffaca7','b474ed84-c440-11f0-b163-525400735d47','b6ab3e9b-7bd7-468f-ae54-51c7675831e3','9bb0beb2-1810-466e-9e60-713a82f2c6df','goal',15,'277dc273-6b68-4d68-8414-3f2672278a6e','','942b0614-06e4-4e35-acd8-52f806a9a5c7','2025-11-18 06:11:09',3,NULL),('3032de33-8169-431d-9886-0083ef320eb4','3b05c8af-c4a8-47a4-a789-15d5c63ffc3d','281a79c2-e10a-4bfa-8dc8-def0b7b7580a','0d6d6f93-fc4b-4512-bd9f-4bb08178c742','goal',10,NULL,'','277dc273-6b68-4d68-8414-3f2672278a6e','2025-11-23 01:10:10',1,NULL),('31b67bf4-e143-40d7-a46c-6a2ff33e28ee','5514dd79-c447-11f0-b163-525400735d47','b6ab3e9b-7bd7-468f-ae54-51c7675831e3','003d0cec-2665-4655-82aa-198784fd2886','goal',17,NULL,'','942b0614-06e4-4e35-acd8-52f806a9a5c7','2025-11-18 06:28:36',4,NULL),('331fb8f1-1633-45b7-b3d0-cad13aebd7e9','5514dd79-c447-11f0-b163-525400735d47','b6ab3e9b-7bd7-468f-ae54-51c7675831e3','84e2f056-3854-41e6-9941-25f9a428fcda','goal',15,NULL,'','942b0614-06e4-4e35-acd8-52f806a9a5c7','2025-11-18 06:27:28',3,NULL),('34be68f7-c804-4818-82b0-15a1f6b80ba2','3f2c0475-c443-11f0-b163-525400735d47','b6ab3e9b-7bd7-468f-ae54-51c7675831e3','d2f05391-e6e4-4109-a0ef-47631700cb69','goal',10,NULL,'','942b0614-06e4-4e35-acd8-52f806a9a5c7','2025-11-18 06:03:05',4,NULL),('355d3c48-2dfe-48f8-9678-89441b7a456b','3f2c0475-c443-11f0-b163-525400735d47','b6ab3e9b-7bd7-468f-ae54-51c7675831e3','21a35430-9b03-4adf-9ac1-be66f1aad476','goal',19,NULL,'','942b0614-06e4-4e35-acd8-52f806a9a5c7','2025-11-18 06:07:12',2,NULL),('359c24cc-c89e-4a2d-87e5-7577f3937f2f','b474ed84-c440-11f0-b163-525400735d47','b6ab3e9b-7bd7-468f-ae54-51c7675831e3','277dc273-6b68-4d68-8414-3f2672278a6e','goal',6,'6a1ea615-5f87-4e6a-bc3a-214ee9a48646','','942b0614-06e4-4e35-acd8-52f806a9a5c7','2025-11-18 05:38:42',1,NULL),('35d38eff-c871-4a6d-9368-9352a015321c','4af19f47-c436-11f0-b163-525400735d47','281a79c2-e10a-4bfa-8dc8-def0b7b7580a','7fbeef0d-dd93-457b-a259-16e869430e28','goal',17,'180d92e2-5a13-450e-97ea-9e19283c860b','','942b0614-06e4-4e35-acd8-52f806a9a5c7','2025-11-18 04:25:28',2,NULL),('36c8aa4c-c379-428f-9a35-4c46c2f327e9','3f2c0475-c443-11f0-b163-525400735d47','281a79c2-e10a-4bfa-8dc8-def0b7b7580a','9c0ccbee-c7a4-4da5-9147-7e117f9eb16a','goal',17,NULL,'','942b0614-06e4-4e35-acd8-52f806a9a5c7','2025-11-18 06:08:50',3,NULL),('37c8fa4e-9640-43e4-8031-1b44ec2f42c4','b474ed84-c440-11f0-b163-525400735d47','b6ab3e9b-7bd7-468f-ae54-51c7675831e3','6a1ea615-5f87-4e6a-bc3a-214ee9a48646','goal',7,NULL,'','942b0614-06e4-4e35-acd8-52f806a9a5c7','2025-11-18 05:43:03',4,NULL),('37f19be5-db7c-409a-8259-2094eac6a6ce','3b05c8af-c4a8-47a4-a789-15d5c63ffc3d','281a79c2-e10a-4bfa-8dc8-def0b7b7580a','7e769d4a-ca83-469d-a117-75b84313ed6c','goal',17,NULL,'','942b0614-06e4-4e35-acd8-52f806a9a5c7','2025-11-23 13:11:56',1,NULL),('39839706-d91c-4264-9ec4-431e59407afe','3f2c0475-c443-11f0-b163-525400735d47','b6ab3e9b-7bd7-468f-ae54-51c7675831e3','942b0614-06e4-4e35-acd8-52f806a9a5c7','goal',30,'21a35430-9b03-4adf-9ac1-be66f1aad476','','942b0614-06e4-4e35-acd8-52f806a9a5c7','2025-11-18 05:58:53',1,NULL),('3a7552fa-3bbb-40c0-ac22-59929029dbc9','aa3eb715-c42e-11f0-b163-525400735d47','b6ab3e9b-7bd7-468f-ae54-51c7675831e3','84e2f056-3854-41e6-9941-25f9a428fcda','goal',15,NULL,'','942b0614-06e4-4e35-acd8-52f806a9a5c7','2025-11-18 03:34:24',4,NULL),('3c36022c-2c22-412f-92ff-027154f6bd58','4c78f684-c439-11f0-b163-525400735d47','b6ab3e9b-7bd7-468f-ae54-51c7675831e3','942b0614-06e4-4e35-acd8-52f806a9a5c7','goal',9,NULL,'','942b0614-06e4-4e35-acd8-52f806a9a5c7','2025-11-18 04:46:34',1,NULL),('40fb5f10-2df2-4c30-bc49-5966cc0a1866','3f2c0475-c443-11f0-b163-525400735d47','b6ab3e9b-7bd7-468f-ae54-51c7675831e3','d2f05391-e6e4-4109-a0ef-47631700cb69','goal',23,'21a35430-9b03-4adf-9ac1-be66f1aad476','','942b0614-06e4-4e35-acd8-52f806a9a5c7','2025-11-18 06:00:36',2,NULL),('420fbc13-ac32-4540-8f05-ca6096a9beb1','3b05c8af-c4a8-47a4-a789-15d5c63ffc3d','b6ab3e9b-7bd7-468f-ae54-51c7675831e3','6a1ea615-5f87-4e6a-bc3a-214ee9a48646','goal',30,'277dc273-6b68-4d68-8414-3f2672278a6e','','277dc273-6b68-4d68-8414-3f2672278a6e','2025-11-23 01:16:40',1,NULL),('4235a7f9-13b0-4eb6-9667-678896a39e0e','4c78f684-c439-11f0-b163-525400735d47','281a79c2-e10a-4bfa-8dc8-def0b7b7580a','8cf4f261-5ddb-446b-9064-dacbe9c59f1f','goal',13,NULL,'','942b0614-06e4-4e35-acd8-52f806a9a5c7','2025-11-18 04:47:22',1,NULL),('42d854b8-42f7-47b1-b625-fb3772d25272','4c78f684-c439-11f0-b163-525400735d47','b6ab3e9b-7bd7-468f-ae54-51c7675831e3','d2f05391-e6e4-4109-a0ef-47631700cb69','goal',23,'277dc273-6b68-4d68-8414-3f2672278a6e','','942b0614-06e4-4e35-acd8-52f806a9a5c7','2025-11-18 04:48:12',1,NULL),('45a52bde-8893-4c76-89c6-a27acefffe41','fed55d17-c43b-11f0-b163-525400735d47','281a79c2-e10a-4bfa-8dc8-def0b7b7580a','9c0ccbee-c7a4-4da5-9147-7e117f9eb16a','goal',11,NULL,'','942b0614-06e4-4e35-acd8-52f806a9a5c7','2025-11-18 05:08:04',2,NULL),('46b6c149-a869-4998-951a-eddf64c31f5f','b474ed84-c440-11f0-b163-525400735d47','281a79c2-e10a-4bfa-8dc8-def0b7b7580a','8cf5f4ad-3159-41e2-942f-b77804afe972','goal',23,'7fbeef0d-dd93-457b-a259-16e869430e28','','942b0614-06e4-4e35-acd8-52f806a9a5c7','2025-11-18 05:39:16',1,NULL),('4716fe3d-7f32-49cb-9338-779c2c35febf','3b05c8af-c4a8-47a4-a789-15d5c63ffc3d','b6ab3e9b-7bd7-468f-ae54-51c7675831e3','21a35430-9b03-4adf-9ac1-be66f1aad476','goal',25,NULL,'','277dc273-6b68-4d68-8414-3f2672278a6e','2025-11-23 01:20:54',2,NULL),('4e0acf8b-da0c-46d2-b699-3d2bd5974762','4af19f47-c436-11f0-b163-525400735d47','281a79c2-e10a-4bfa-8dc8-def0b7b7580a','180d92e2-5a13-450e-97ea-9e19283c860b','goal',18,NULL,'','942b0614-06e4-4e35-acd8-52f806a9a5c7','2025-11-18 04:28:01',4,NULL),('5592fece-6f31-4569-b2c8-7b9ab530f1b1','3b05c8af-c4a8-47a4-a789-15d5c63ffc3d','b6ab3e9b-7bd7-468f-ae54-51c7675831e3','003d0cec-2665-4655-82aa-198784fd2886','goal',15,'6a1ea615-5f87-4e6a-bc3a-214ee9a48646','','277dc273-6b68-4d68-8414-3f2672278a6e','2025-11-23 01:17:23',2,NULL),('570da593-b720-439a-a81a-456f9901831e','b474ed84-c440-11f0-b163-525400735d47','281a79c2-e10a-4bfa-8dc8-def0b7b7580a','8cf4f261-5ddb-446b-9064-dacbe9c59f1f','goal',13,'9c0ccbee-c7a4-4da5-9147-7e117f9eb16a','','942b0614-06e4-4e35-acd8-52f806a9a5c7','2025-11-18 05:40:24',2,NULL),('5962bed3-3a61-4aae-820c-2e935fb4b721','b474ed84-c440-11f0-b163-525400735d47','281a79c2-e10a-4bfa-8dc8-def0b7b7580a','9c0ccbee-c7a4-4da5-9147-7e117f9eb16a','goal',20,'f60affc5-8091-4f3d-af5a-5132a8e97bc0','','942b0614-06e4-4e35-acd8-52f806a9a5c7','2025-11-20 11:04:05',4,NULL),('5a19c6e7-aacf-4c8d-b145-a05a92eae3fe','4c78f684-c439-11f0-b163-525400735d47','b6ab3e9b-7bd7-468f-ae54-51c7675831e3','370f143c-17fe-4df4-b2d6-f75ed4a97a99','goal',22,NULL,'','942b0614-06e4-4e35-acd8-52f806a9a5c7','2025-11-18 04:50:22',3,NULL),('5db7db63-51c1-4354-8e55-c37806d0309a','4c78f684-c439-11f0-b163-525400735d47','b6ab3e9b-7bd7-468f-ae54-51c7675831e3','277dc273-6b68-4d68-8414-3f2672278a6e','goal',7,NULL,'','942b0614-06e4-4e35-acd8-52f806a9a5c7','2025-11-18 04:48:28',2,NULL),('7521d90a-3dbb-4661-8d10-d74f5089027f','3f2c0475-c443-11f0-b163-525400735d47','b6ab3e9b-7bd7-468f-ae54-51c7675831e3','370f143c-17fe-4df4-b2d6-f75ed4a97a99','goal',20,'277dc273-6b68-4d68-8414-3f2672278a6e','','942b0614-06e4-4e35-acd8-52f806a9a5c7','2025-11-18 06:01:56',3,NULL),('781662e3-87b5-431d-b9ca-3eae763b8167','5cb22fa6-c432-11f0-b163-525400735d47','b6ab3e9b-7bd7-468f-ae54-51c7675831e3','277dc273-6b68-4d68-8414-3f2672278a6e','goal',11,'6a1ea615-5f87-4e6a-bc3a-214ee9a48646','','942b0614-06e4-4e35-acd8-52f806a9a5c7','2025-11-18 03:56:11',2,NULL),('7a8ce55d-cfc1-4bce-a019-c040bfd31b63','4af19f47-c436-11f0-b163-525400735d47','b6ab3e9b-7bd7-468f-ae54-51c7675831e3','21a35430-9b03-4adf-9ac1-be66f1aad476','goal',20,NULL,'','942b0614-06e4-4e35-acd8-52f806a9a5c7','2025-11-18 04:28:40',2,NULL),('7afcbea1-a5c2-485b-8aae-7f225022be12','4af19f47-c436-11f0-b163-525400735d47','b6ab3e9b-7bd7-468f-ae54-51c7675831e3','003d0cec-2665-4655-82aa-198784fd2886','goal',11,'277dc273-6b68-4d68-8414-3f2672278a6e','','942b0614-06e4-4e35-acd8-52f806a9a5c7','2025-11-18 04:24:53',2,NULL),('7e24b7f6-ae27-4b59-a431-db560e10f662','4c78f684-c439-11f0-b163-525400735d47','281a79c2-e10a-4bfa-8dc8-def0b7b7580a','6f19ae14-c42c-11f0-b163-525400735d47','goal',9,NULL,'','942b0614-06e4-4e35-acd8-52f806a9a5c7','2025-11-18 04:56:36',3,NULL),('84000a2a-6028-41d0-a1ad-570161327a43','3f2c0475-c443-11f0-b163-525400735d47','b6ab3e9b-7bd7-468f-ae54-51c7675831e3','277dc273-6b68-4d68-8414-3f2672278a6e','goal',16,'942b0614-06e4-4e35-acd8-52f806a9a5c7','','942b0614-06e4-4e35-acd8-52f806a9a5c7','2025-11-18 06:03:17',4,NULL),('89b308e8-2d55-4b1d-9c1f-7d2f48af2875','3f2c0475-c443-11f0-b163-525400735d47','281a79c2-e10a-4bfa-8dc8-def0b7b7580a','6f19ae14-c42c-11f0-b163-525400735d47','goal',5,'7fbeef0d-dd93-457b-a259-16e869430e28','','942b0614-06e4-4e35-acd8-52f806a9a5c7','2025-11-18 06:02:56',4,NULL),('8ad7540c-a8f3-4b9d-b965-2a2b55141475','3f2c0475-c443-11f0-b163-525400735d47','b6ab3e9b-7bd7-468f-ae54-51c7675831e3','21a35430-9b03-4adf-9ac1-be66f1aad476','goal',17,NULL,'','942b0614-06e4-4e35-acd8-52f806a9a5c7','2025-11-18 06:03:30',4,NULL),('8c9cef4b-5856-490a-8c50-4acb7c875875','3b05c8af-c4a8-47a4-a789-15d5c63ffc3d','281a79c2-e10a-4bfa-8dc8-def0b7b7580a','9c0ccbee-c7a4-4da5-9147-7e117f9eb16a','goal',15,NULL,'中场吊射','277dc273-6b68-4d68-8414-3f2672278a6e','2025-11-23 01:22:04',4,NULL),('8df889d4-9ea3-4202-ae21-34227826db59','5cb22fa6-c432-11f0-b163-525400735d47','281a79c2-e10a-4bfa-8dc8-def0b7b7580a','78e6a8de-20dc-4560-b567-a054b04237b5','goal',25,NULL,'','942b0614-06e4-4e35-acd8-52f806a9a5c7','2025-11-20 01:55:22',3,NULL),('8f5704dd-0ba2-42f0-b6cb-7cbc4b4e9772','aa3eb715-c42e-11f0-b163-525400735d47','b6ab3e9b-7bd7-468f-ae54-51c7675831e3','d2f05391-e6e4-4109-a0ef-47631700cb69','goal',30,NULL,'','942b0614-06e4-4e35-acd8-52f806a9a5c7','2025-11-18 03:34:38',4,NULL),('8ff4b760-7a09-48b0-b4ec-aee30192d679','fed55d17-c43b-11f0-b163-525400735d47','b6ab3e9b-7bd7-468f-ae54-51c7675831e3','21a35430-9b03-4adf-9ac1-be66f1aad476','goal',16,NULL,'','942b0614-06e4-4e35-acd8-52f806a9a5c7','2025-11-18 05:11:42',4,NULL),('94601009-8025-4168-850b-3696bd2b8c53','b474ed84-c440-11f0-b163-525400735d47','b6ab3e9b-7bd7-468f-ae54-51c7675831e3','d2f05391-e6e4-4109-a0ef-47631700cb69','goal',11,'d00e587b-de8f-44d5-b716-9d7860266be6','','942b0614-06e4-4e35-acd8-52f806a9a5c7','2025-11-18 05:43:17',4,NULL),('948e0413-6e2e-49e1-a450-912576570011','fed55d17-c43b-11f0-b163-525400735d47','b6ab3e9b-7bd7-468f-ae54-51c7675831e3','84e2f056-3854-41e6-9941-25f9a428fcda','save',13,NULL,'','942b0614-06e4-4e35-acd8-52f806a9a5c7','2025-11-18 05:05:44',1,NULL),('94ff7ea1-01d1-4d14-8891-13ff2a4c0f85','5514dd79-c447-11f0-b163-525400735d47','281a79c2-e10a-4bfa-8dc8-def0b7b7580a','fe6aebef-6f31-4cc1-baa0-4131c267d5f8','goal',3,NULL,'','942b0614-06e4-4e35-acd8-52f806a9a5c7','2025-11-18 06:27:17',3,NULL),('9a454142-a732-4dcc-9bf4-a250407bbafc','5cb22fa6-c432-11f0-b163-525400735d47','b6ab3e9b-7bd7-468f-ae54-51c7675831e3','277dc273-6b68-4d68-8414-3f2672278a6e','goal',26,NULL,'','942b0614-06e4-4e35-acd8-52f806a9a5c7','2025-11-18 03:59:06',4,NULL),('9e448d5f-f0e4-4d7e-95fb-b83685f8bce9','4c78f684-c439-11f0-b163-525400735d47','b6ab3e9b-7bd7-468f-ae54-51c7675831e3','9bb0beb2-1810-466e-9e60-713a82f2c6df','goal',17,'277dc273-6b68-4d68-8414-3f2672278a6e','','942b0614-06e4-4e35-acd8-52f806a9a5c7','2025-11-18 04:51:09',4,NULL),('a1304498-c2e4-451a-adba-6848043082e5','aa3eb715-c42e-11f0-b163-525400735d47','b6ab3e9b-7bd7-468f-ae54-51c7675831e3','d2f05391-e6e4-4109-a0ef-47631700cb69','goal',20,'21a35430-9b03-4adf-9ac1-be66f1aad476','','942b0614-06e4-4e35-acd8-52f806a9a5c7','2025-11-18 03:34:05',3,NULL),('a1559421-a610-4c9c-8bb8-6b69b75fa77c','3f2c0475-c443-11f0-b163-525400735d47','281a79c2-e10a-4bfa-8dc8-def0b7b7580a','6f19ae14-c42c-11f0-b163-525400735d47','goal',4,NULL,'','942b0614-06e4-4e35-acd8-52f806a9a5c7','2025-11-18 06:02:21',3,NULL),('a4e04a74-4bd6-4667-a2f0-792abd7677a7','3f2c0475-c443-11f0-b163-525400735d47','281a79c2-e10a-4bfa-8dc8-def0b7b7580a','7dda9b5f-62ca-4e98-a44d-943cb982c684','goal',5,NULL,'','942b0614-06e4-4e35-acd8-52f806a9a5c7','2025-11-18 05:56:52',1,NULL),('a66e6060-84d0-43ea-8328-e3d2c4cb5ad6','3f2c0475-c443-11f0-b163-525400735d47','281a79c2-e10a-4bfa-8dc8-def0b7b7580a','6f19ae14-c42c-11f0-b163-525400735d47','goal',9,NULL,'','942b0614-06e4-4e35-acd8-52f806a9a5c7','2025-11-18 06:02:31',3,NULL),('a75bd3da-f3d3-49ac-86d6-0d9d49bc12e7','4af19f47-c436-11f0-b163-525400735d47','b6ab3e9b-7bd7-468f-ae54-51c7675831e3','003d0cec-2665-4655-82aa-198784fd2886','goal',5,NULL,'','942b0614-06e4-4e35-acd8-52f806a9a5c7','2025-11-18 04:27:15',4,NULL),('a7aaf281-daaa-40dd-9216-c056aa54af63','5514dd79-c447-11f0-b163-525400735d47','b6ab3e9b-7bd7-468f-ae54-51c7675831e3','003d0cec-2665-4655-82aa-198784fd2886','goal',8,NULL,'','942b0614-06e4-4e35-acd8-52f806a9a5c7','2025-11-18 06:28:25',4,NULL),('aa4afef2-e7ed-4737-b6bd-3b360c483db3','4af19f47-c436-11f0-b163-525400735d47','281a79c2-e10a-4bfa-8dc8-def0b7b7580a','180d92e2-5a13-450e-97ea-9e19283c860b','goal',22,NULL,'','942b0614-06e4-4e35-acd8-52f806a9a5c7','2025-11-18 04:28:20',3,NULL),('ac2e1835-04a2-4950-aa74-ebe37530f10c','aa3eb715-c42e-11f0-b163-525400735d47','b6ab3e9b-7bd7-468f-ae54-51c7675831e3','d2f05391-e6e4-4109-a0ef-47631700cb69','goal',9,NULL,'','942b0614-06e4-4e35-acd8-52f806a9a5c7','2025-11-18 03:33:40',3,NULL),('b07e939f-13ae-4f65-9584-5f67c3d01a5f','fed55d17-c43b-11f0-b163-525400735d47','b6ab3e9b-7bd7-468f-ae54-51c7675831e3','370f143c-17fe-4df4-b2d6-f75ed4a97a99','goal',5,'942b0614-06e4-4e35-acd8-52f806a9a5c7','','942b0614-06e4-4e35-acd8-52f806a9a5c7','2025-11-18 05:08:21',3,NULL),('b1f62108-2d11-406d-8f22-23e282bd9bca','3b05c8af-c4a8-47a4-a789-15d5c63ffc3d','281a79c2-e10a-4bfa-8dc8-def0b7b7580a','180d92e2-5a13-450e-97ea-9e19283c860b','goal',13,'7fbeef0d-dd93-457b-a259-16e869430e28','','277dc273-6b68-4d68-8414-3f2672278a6e','2025-11-23 01:10:57',1,NULL),('b89597c5-4a87-45aa-9b54-287e42d857f1','4af19f47-c436-11f0-b163-525400735d47','b6ab3e9b-7bd7-468f-ae54-51c7675831e3','003d0cec-2665-4655-82aa-198784fd2886','goal',8,'21a35430-9b03-4adf-9ac1-be66f1aad476','','942b0614-06e4-4e35-acd8-52f806a9a5c7','2025-11-18 04:25:50',3,NULL),('be54450c-13d7-405d-bb50-9c6e38064371','4af19f47-c436-11f0-b163-525400735d47','b6ab3e9b-7bd7-468f-ae54-51c7675831e3','003d0cec-2665-4655-82aa-198784fd2886','goal',25,NULL,'','942b0614-06e4-4e35-acd8-52f806a9a5c7','2025-11-18 04:26:57',3,NULL),('bfda3902-687a-4da1-8f05-f608f5dee961','b474ed84-c440-11f0-b163-525400735d47','b6ab3e9b-7bd7-468f-ae54-51c7675831e3','277dc273-6b68-4d68-8414-3f2672278a6e','goal',30,'370f143c-17fe-4df4-b2d6-f75ed4a97a99','','942b0614-06e4-4e35-acd8-52f806a9a5c7','2025-11-18 05:44:50',4,NULL),('c23dbed0-9a71-4f9a-87c2-d0479b25a259','3b05c8af-c4a8-47a4-a789-15d5c63ffc3d','b6ab3e9b-7bd7-468f-ae54-51c7675831e3','84e2f056-3854-41e6-9941-25f9a428fcda','goal',25,'277dc273-6b68-4d68-8414-3f2672278a6e','','277dc273-6b68-4d68-8414-3f2672278a6e','2025-11-23 01:21:36',3,NULL),('c2b2016d-98bf-4de7-bca0-fcc790380ec1','4c78f684-c439-11f0-b163-525400735d47','281a79c2-e10a-4bfa-8dc8-def0b7b7580a','6f19ae14-c42c-11f0-b163-525400735d47','goal',16,'7fbeef0d-dd93-457b-a259-16e869430e28','','942b0614-06e4-4e35-acd8-52f806a9a5c7','2025-11-18 04:56:13',2,NULL),('c4b8098d-a9a1-4409-bb85-0727a28fa098','fed55d17-c43b-11f0-b163-525400735d47','b6ab3e9b-7bd7-468f-ae54-51c7675831e3','277dc273-6b68-4d68-8414-3f2672278a6e','goal',18,'d2f05391-e6e4-4109-a0ef-47631700cb69','','942b0614-06e4-4e35-acd8-52f806a9a5c7','2025-11-18 05:05:01',1,NULL),('c83aa1f1-3f5f-4d16-9e08-4a946de46061','5514dd79-c447-11f0-b163-525400735d47','281a79c2-e10a-4bfa-8dc8-def0b7b7580a','fe6aebef-6f31-4cc1-baa0-4131c267d5f8','goal',13,NULL,'','942b0614-06e4-4e35-acd8-52f806a9a5c7','2025-11-18 06:26:45',2,NULL),('cb1e9484-6a71-42e6-b09f-39508a5694a0','b474ed84-c440-11f0-b163-525400735d47','281a79c2-e10a-4bfa-8dc8-def0b7b7580a','6f19ae14-c42c-11f0-b163-525400735d47','goal',21,NULL,'','942b0614-06e4-4e35-acd8-52f806a9a5c7','2025-11-18 05:45:41',4,NULL),('cf918c11-05ac-470b-b311-0efaa4c78ccd','fed55d17-c43b-11f0-b163-525400735d47','281a79c2-e10a-4bfa-8dc8-def0b7b7580a','180d92e2-5a13-450e-97ea-9e19283c860b','goal',22,NULL,'','942b0614-06e4-4e35-acd8-52f806a9a5c7','2025-11-18 05:08:46',3,NULL),('cf999c2f-0336-48f2-9721-6fede12eb306','3f2c0475-c443-11f0-b163-525400735d47','b6ab3e9b-7bd7-468f-ae54-51c7675831e3','21a35430-9b03-4adf-9ac1-be66f1aad476','goal',17,'277dc273-6b68-4d68-8414-3f2672278a6e','','942b0614-06e4-4e35-acd8-52f806a9a5c7','2025-11-18 06:07:00',2,NULL),('d0894c09-8a4e-461d-a47d-90d6fb72b389','5cb22fa6-c432-11f0-b163-525400735d47','281a79c2-e10a-4bfa-8dc8-def0b7b7580a','41097aab-54bd-4800-84cf-f79e8f7d3d2b','goal',22,NULL,'','942b0614-06e4-4e35-acd8-52f806a9a5c7','2025-11-18 03:58:25',3,NULL),('d3757ca3-f5d8-4045-a510-02606020ebb5','4c78f684-c439-11f0-b163-525400735d47','281a79c2-e10a-4bfa-8dc8-def0b7b7580a','6f19ae14-c42c-11f0-b163-525400735d47','goal',12,NULL,'','942b0614-06e4-4e35-acd8-52f806a9a5c7','2025-11-18 04:55:20',2,NULL),('d5e6afbd-3ccf-48ff-8f7a-77a620978979','5514dd79-c447-11f0-b163-525400735d47','281a79c2-e10a-4bfa-8dc8-def0b7b7580a','fe6aebef-6f31-4cc1-baa0-4131c267d5f8','goal',18,NULL,'','942b0614-06e4-4e35-acd8-52f806a9a5c7','2025-11-18 06:28:05',3,NULL),('decc61d4-bb78-4aa1-ac64-fc2b49d891ac','fed55d17-c43b-11f0-b163-525400735d47','b6ab3e9b-7bd7-468f-ae54-51c7675831e3','d2f05391-e6e4-4109-a0ef-47631700cb69','goal',9,NULL,'','942b0614-06e4-4e35-acd8-52f806a9a5c7','2025-11-18 05:11:18',4,NULL),('e54b73c3-ba12-4fbb-a16c-40ed66cf507f','b474ed84-c440-11f0-b163-525400735d47','281a79c2-e10a-4bfa-8dc8-def0b7b7580a','6f19ae14-c42c-11f0-b163-525400735d47','goal',12,NULL,'','942b0614-06e4-4e35-acd8-52f806a9a5c7','2025-11-18 05:45:23',4,NULL),('e6948108-9d86-4aad-a264-e9d62b6398e2','3b05c8af-c4a8-47a4-a789-15d5c63ffc3d','281a79c2-e10a-4bfa-8dc8-def0b7b7580a','180d92e2-5a13-450e-97ea-9e19283c860b','goal',27,NULL,'','277dc273-6b68-4d68-8414-3f2672278a6e','2025-11-23 01:15:49',1,NULL),('e6e325d8-feb5-4055-bfc3-016c7d3b646b','5514dd79-c447-11f0-b163-525400735d47','b6ab3e9b-7bd7-468f-ae54-51c7675831e3','84e2f056-3854-41e6-9941-25f9a428fcda','goal',23,'942b0614-06e4-4e35-acd8-52f806a9a5c7','','942b0614-06e4-4e35-acd8-52f806a9a5c7','2025-11-18 06:27:43',3,NULL),('e74167b0-09a7-429f-ae43-5b23c87ebfd1','5514dd79-c447-11f0-b163-525400735d47','281a79c2-e10a-4bfa-8dc8-def0b7b7580a','8cf5f4ad-3159-41e2-942f-b77804afe972','goal',22,NULL,'','942b0614-06e4-4e35-acd8-52f806a9a5c7','2025-11-18 06:27:00',2,NULL),('e93fce0e-295c-4792-a428-3238e53f6fee','5cb22fa6-c432-11f0-b163-525400735d47','b6ab3e9b-7bd7-468f-ae54-51c7675831e3','277dc273-6b68-4d68-8414-3f2672278a6e','goal',17,'6a1ea615-5f87-4e6a-bc3a-214ee9a48646','','942b0614-06e4-4e35-acd8-52f806a9a5c7','2025-11-18 03:57:21',2,NULL),('ea5d1517-e62f-4089-bf31-155799a41178','b474ed84-c440-11f0-b163-525400735d47','b6ab3e9b-7bd7-468f-ae54-51c7675831e3','d2f05391-e6e4-4109-a0ef-47631700cb69','goal',22,'6a1ea615-5f87-4e6a-bc3a-214ee9a48646','','942b0614-06e4-4e35-acd8-52f806a9a5c7','2025-11-18 05:44:21',4,NULL),('ed1ca203-3129-46e6-8bbd-863356f549a5','fed55d17-c43b-11f0-b163-525400735d47','281a79c2-e10a-4bfa-8dc8-def0b7b7580a','7dda9b5f-62ca-4e98-a44d-943cb982c684','goal',23,'180d92e2-5a13-450e-97ea-9e19283c860b','','942b0614-06e4-4e35-acd8-52f806a9a5c7','2025-11-18 05:06:20',2,NULL),('ed5f8e96-6f63-4c3e-becb-79173b32c2fb','4af19f47-c436-11f0-b163-525400735d47','281a79c2-e10a-4bfa-8dc8-def0b7b7580a','9c0ccbee-c7a4-4da5-9147-7e117f9eb16a','goal',8,'7fbeef0d-dd93-457b-a259-16e869430e28','','942b0614-06e4-4e35-acd8-52f806a9a5c7','2025-11-18 04:24:04',1,NULL),('ef8e694a-0518-4e2e-b198-8752bc441a97','b474ed84-c440-11f0-b163-525400735d47','281a79c2-e10a-4bfa-8dc8-def0b7b7580a','9c0ccbee-c7a4-4da5-9147-7e117f9eb16a','goal',6,'7fbeef0d-dd93-457b-a259-16e869430e28','','942b0614-06e4-4e35-acd8-52f806a9a5c7','2025-11-18 05:41:31',3,NULL),('f043c3f3-c12a-4df8-b845-bbdd0c82e608','fed55d17-c43b-11f0-b163-525400735d47','b6ab3e9b-7bd7-468f-ae54-51c7675831e3','84e2f056-3854-41e6-9941-25f9a428fcda','save',8,NULL,'','942b0614-06e4-4e35-acd8-52f806a9a5c7','2025-11-18 05:05:34',1,NULL),('f1667489-d61c-40cb-a3ab-af1b39189fca','3b05c8af-c4a8-47a4-a789-15d5c63ffc3d','281a79c2-e10a-4bfa-8dc8-def0b7b7580a','7e769d4a-ca83-469d-a117-75b84313ed6c','goal',20,NULL,'','942b0614-06e4-4e35-acd8-52f806a9a5c7','2025-11-23 13:12:12',2,NULL),('f5654c6f-7187-418f-803c-7bd08bc3babb','3f2c0475-c443-11f0-b163-525400735d47','b6ab3e9b-7bd7-468f-ae54-51c7675831e3','6a1ea615-5f87-4e6a-bc3a-214ee9a48646','goal',26,NULL,'','942b0614-06e4-4e35-acd8-52f806a9a5c7','2025-11-18 06:09:02',3,NULL),('f7adf342-d59b-412f-80b6-d1ed4c9034b9','3b05c8af-c4a8-47a4-a789-15d5c63ffc3d','281a79c2-e10a-4bfa-8dc8-def0b7b7580a','180d92e2-5a13-450e-97ea-9e19283c860b','goal',18,'1ab26cea-e054-4500-a4a9-14b9b82239ad','','277dc273-6b68-4d68-8414-3f2672278a6e','2025-11-23 01:21:21',3,NULL),('f9a1a9e8-b825-4ba3-acfb-df29cddf6498','fed55d17-c43b-11f0-b163-525400735d47','281a79c2-e10a-4bfa-8dc8-def0b7b7580a','9c0ccbee-c7a4-4da5-9147-7e117f9eb16a','goal',10,NULL,'','942b0614-06e4-4e35-acd8-52f806a9a5c7','2025-11-18 05:10:19',3,NULL),('fb47a14a-6180-490b-b1cb-c08cc5a689eb','4c78f684-c439-11f0-b163-525400735d47','b6ab3e9b-7bd7-468f-ae54-51c7675831e3','277dc273-6b68-4d68-8414-3f2672278a6e','goal',9,'21a35430-9b03-4adf-9ac1-be66f1aad476','','942b0614-06e4-4e35-acd8-52f806a9a5c7','2025-11-18 04:50:54',4,NULL),('fc03d1f8-7487-4399-b9f5-9a5d27982130','3b05c8af-c4a8-47a4-a789-15d5c63ffc3d','b6ab3e9b-7bd7-468f-ae54-51c7675831e3','277dc273-6b68-4d68-8414-3f2672278a6e','goal',17,NULL,'点球','277dc273-6b68-4d68-8414-3f2672278a6e','2025-11-23 01:17:45',2,NULL),('fce5a1d9-1b29-483e-bcb5-93ab604a5c9b','fed55d17-c43b-11f0-b163-525400735d47','281a79c2-e10a-4bfa-8dc8-def0b7b7580a','180d92e2-5a13-450e-97ea-9e19283c860b','goal',20,NULL,'','942b0614-06e4-4e35-acd8-52f806a9a5c7','2025-11-18 05:16:37',4,NULL),('fdc22691-4e1d-48ac-84fb-57864b437a44','3b05c8af-c4a8-47a4-a789-15d5c63ffc3d','281a79c2-e10a-4bfa-8dc8-def0b7b7580a','7fbeef0d-dd93-457b-a259-16e869430e28','goal',25,NULL,'','277dc273-6b68-4d68-8414-3f2672278a6e','2025-11-23 01:14:57',1,NULL);
/*!40000 ALTER TABLE `match_events` ENABLE KEYS */;
UNLOCK TABLES;

--
-- Table structure for table `match_participants`
--

DROP TABLE IF EXISTS `match_participants`;
/*!40101 SET @saved_cs_client     = @@character_set_client */;
/*!50503 SET character_set_client = utf8mb4 */;
CREATE TABLE `match_participants` (
  `id` char(36) CHARACTER SET utf8mb4 COLLATE utf8mb4_0900_ai_ci NOT NULL,
  `match_id` char(36) CHARACTER SET utf8mb4 COLLATE utf8mb4_0900_ai_ci NOT NULL COMMENT '比赛ID',
  `team_id` char(36) CHARACTER SET utf8mb4 COLLATE utf8mb4_0900_ai_ci NOT NULL COMMENT '队伍ID',
  `user_id` char(36) CHARACTER SET utf8mb4 COLLATE utf8mb4_0900_ai_ci NOT NULL COMMENT '用户ID',
  `is_present` tinyint(1) DEFAULT '1' COMMENT '是否到场',
  `arrival_time` timestamp NULL DEFAULT NULL COMMENT '到场时间',
  `notes` varchar(255) CHARACTER SET utf8mb4 COLLATE utf8mb4_0900_ai_ci DEFAULT NULL COMMENT '备注',
  `created_at` timestamp NULL DEFAULT CURRENT_TIMESTAMP,
  PRIMARY KEY (`id`) USING BTREE,
  UNIQUE KEY `uk_match_team_user` (`match_id`,`team_id`,`user_id`) USING BTREE,
  KEY `idx_match_id` (`match_id`) USING BTREE,
  KEY `team_id` (`team_id`) USING BTREE,
  KEY `user_id` (`user_id`) USING BTREE,
  CONSTRAINT `match_participants_ibfk_1` FOREIGN KEY (`match_id`) REFERENCES `matches` (`id`) ON DELETE CASCADE ON UPDATE RESTRICT,
  CONSTRAINT `match_participants_ibfk_2` FOREIGN KEY (`team_id`) REFERENCES `teams` (`id`) ON DELETE CASCADE ON UPDATE RESTRICT,
  CONSTRAINT `match_participants_ibfk_3` FOREIGN KEY (`user_id`) REFERENCES `users` (`id`) ON DELETE CASCADE ON UPDATE RESTRICT
) ENGINE=InnoDB DEFAULT CHARSET=utf8mb4 COLLATE=utf8mb4_0900_ai_ci ROW_FORMAT=DYNAMIC COMMENT='比赛到场人员表';
/*!40101 SET character_set_client = @saved_cs_client */;

--
-- Dumping data for table `match_participants`
--

LOCK TABLES `match_participants` WRITE;
/*!40000 ALTER TABLE `match_participants` DISABLE KEYS */;
INSERT INTO `match_participants` VALUES ('00260dd2-e2bf-4541-b602-b5f9ddde2744','5514dd79-c447-11f0-b163-525400735d47','b6ab3e9b-7bd7-468f-ae54-51c7675831e3','003d0cec-2665-4655-82aa-198784fd2886',1,NULL,NULL,'2025-11-20 02:06:10'),('06f05485-b827-45ff-8dfd-f1fd7d47a228','5cb22fa6-c432-11f0-b163-525400735d47','281a79c2-e10a-4bfa-8dc8-def0b7b7580a','8cd7500c-c95e-4f3e-b776-c9bfaa5c0235',1,NULL,NULL,'2025-11-20 01:55:57'),('07576bbe-047c-455a-a673-f4059d866e51','4af19f47-c436-11f0-b163-525400735d47','b6ab3e9b-7bd7-468f-ae54-51c7675831e3','d2f05391-e6e4-4109-a0ef-47631700cb69',1,NULL,NULL,'2025-11-18 04:29:06'),('07d3ddc6-08ac-441b-a4f1-1eaa5a33a17d','3b05c8af-c4a8-47a4-a789-15d5c63ffc3d','b6ab3e9b-7bd7-468f-ae54-51c7675831e3','6a1ea615-5f87-4e6a-bc3a-214ee9a48646',1,NULL,NULL,'2025-11-23 13:12:28'),('0882209c-129b-457d-b37e-8512aa6dc488','4af19f47-c436-11f0-b163-525400735d47','b6ab3e9b-7bd7-468f-ae54-51c7675831e3','21a35430-9b03-4adf-9ac1-be66f1aad476',1,NULL,NULL,'2025-11-18 04:29:06'),('08fb0c41-335b-4afe-8449-ccd86e8f6c10','5cb22fa6-c432-11f0-b163-525400735d47','281a79c2-e10a-4bfa-8dc8-def0b7b7580a','41097aab-54bd-4800-84cf-f79e8f7d3d2b',1,NULL,NULL,'2025-11-20 01:55:57'),('0bf29b87-805a-4947-a3e6-21c52e4753cb','fed55d17-c43b-11f0-b163-525400735d47','b6ab3e9b-7bd7-468f-ae54-51c7675831e3','d2f05391-e6e4-4109-a0ef-47631700cb69',1,NULL,NULL,'2025-11-20 02:05:47'),('101dcf3a-7742-4d7f-a205-d1b1d519239f','5514dd79-c447-11f0-b163-525400735d47','b6ab3e9b-7bd7-468f-ae54-51c7675831e3','942b0614-06e4-4e35-acd8-52f806a9a5c7',1,NULL,NULL,'2025-11-20 02:06:10'),('10dbb8d4-daee-48cf-aa62-db2203d4892f','5cb22fa6-c432-11f0-b163-525400735d47','b6ab3e9b-7bd7-468f-ae54-51c7675831e3','37a97715-d228-479b-a032-e04e24b43ae7',1,NULL,NULL,'2025-11-20 01:55:57'),('11f3b129-04cc-4423-86af-2d27639a2b80','5cb22fa6-c432-11f0-b163-525400735d47','b6ab3e9b-7bd7-468f-ae54-51c7675831e3','d00e587b-de8f-44d5-b716-9d7860266be6',1,NULL,NULL,'2025-11-20 01:55:57'),('13175f4c-96dc-4d71-b171-53fece4e786f','3b05c8af-c4a8-47a4-a789-15d5c63ffc3d','281a79c2-e10a-4bfa-8dc8-def0b7b7580a','7dda9b5f-62ca-4e98-a44d-943cb982c684',1,NULL,NULL,'2025-11-23 13:12:28'),('1554ffed-171c-4cb4-a581-d3141740b0e5','fed55d17-c43b-11f0-b163-525400735d47','b6ab3e9b-7bd7-468f-ae54-51c7675831e3','84e2f056-3854-41e6-9941-25f9a428fcda',1,NULL,NULL,'2025-11-20 02:05:47'),('178b619c-50a5-403d-ae96-10ba5340d17f','3f2c0475-c443-11f0-b163-525400735d47','b6ab3e9b-7bd7-468f-ae54-51c7675831e3','108f7973-6baa-47ae-8138-139723ad1eb5',1,NULL,NULL,'2025-11-20 02:11:02'),('1c54209f-7db8-4c04-85a9-6fd4fa394a4e','fed55d17-c43b-11f0-b163-525400735d47','281a79c2-e10a-4bfa-8dc8-def0b7b7580a','7fbeef0d-dd93-457b-a259-16e869430e28',1,NULL,NULL,'2025-11-20 02:05:47'),('1d92c0a6-dd7c-480c-9503-08016c64f954','4c78f684-c439-11f0-b163-525400735d47','b6ab3e9b-7bd7-468f-ae54-51c7675831e3','d2f05391-e6e4-4109-a0ef-47631700cb69',1,NULL,NULL,'2025-11-18 04:56:54'),('1eb1f4c1-b91d-4a1a-bdfc-ee307898f10e','b474ed84-c440-11f0-b163-525400735d47','281a79c2-e10a-4bfa-8dc8-def0b7b7580a','7fbeef0d-dd93-457b-a259-16e869430e28',1,NULL,NULL,'2025-11-20 11:04:16'),('1eec3cd7-0c5d-4f76-aea9-c3d6580165a0','5514dd79-c447-11f0-b163-525400735d47','b6ab3e9b-7bd7-468f-ae54-51c7675831e3','370f143c-17fe-4df4-b2d6-f75ed4a97a99',1,NULL,NULL,'2025-11-20 02:06:10'),('21e80ef7-5ee3-478a-a5b0-71b80d52f75a','4af19f47-c436-11f0-b163-525400735d47','281a79c2-e10a-4bfa-8dc8-def0b7b7580a','41097aab-54bd-4800-84cf-f79e8f7d3d2b',1,NULL,NULL,'2025-11-18 04:29:06'),('21eef366-b8e9-41b0-a0c1-222b5c029813','5514dd79-c447-11f0-b163-525400735d47','281a79c2-e10a-4bfa-8dc8-def0b7b7580a','8cf4f261-5ddb-446b-9064-dacbe9c59f1f',1,NULL,NULL,'2025-11-20 02:06:10'),('25737b35-8384-44a1-aa93-fdc87cc4455e','5514dd79-c447-11f0-b163-525400735d47','281a79c2-e10a-4bfa-8dc8-def0b7b7580a','8cf5f4ad-3159-41e2-942f-b77804afe972',1,NULL,NULL,'2025-11-20 02:06:10'),('2578c073-4584-4c23-84d0-9dfcf4f9ee34','3b05c8af-c4a8-47a4-a789-15d5c63ffc3d','b6ab3e9b-7bd7-468f-ae54-51c7675831e3','e18ad310-339b-48b4-8745-58630b87ba3d',1,NULL,NULL,'2025-11-23 13:12:28'),('283c46d8-33cb-4024-9665-97636063e70d','4c78f684-c439-11f0-b163-525400735d47','b6ab3e9b-7bd7-468f-ae54-51c7675831e3','21a35430-9b03-4adf-9ac1-be66f1aad476',1,NULL,NULL,'2025-11-18 04:56:54'),('28769154-2c31-42b0-b07f-6e3a7a613bd6','5cb22fa6-c432-11f0-b163-525400735d47','b6ab3e9b-7bd7-468f-ae54-51c7675831e3','e18ad310-339b-48b4-8745-58630b87ba3d',1,NULL,NULL,'2025-11-20 01:55:57'),('2ecdeccc-295a-44b6-95ed-b8f1b4916670','5514dd79-c447-11f0-b163-525400735d47','281a79c2-e10a-4bfa-8dc8-def0b7b7580a','fe6aebef-6f31-4cc1-baa0-4131c267d5f8',1,NULL,NULL,'2025-11-20 02:06:10'),('32088be5-417f-4961-9650-e4bcd357583c','3b05c8af-c4a8-47a4-a789-15d5c63ffc3d','281a79c2-e10a-4bfa-8dc8-def0b7b7580a','1ab26cea-e054-4500-a4a9-14b9b82239ad',1,NULL,NULL,'2025-11-23 13:12:28'),('32241792-e2ea-4881-9625-e78f128a9927','3f2c0475-c443-11f0-b163-525400735d47','b6ab3e9b-7bd7-468f-ae54-51c7675831e3','84e2f056-3854-41e6-9941-25f9a428fcda',1,NULL,NULL,'2025-11-20 02:11:02'),('330b08ce-3777-40fe-a0fb-cc46e37fe932','3f2c0475-c443-11f0-b163-525400735d47','b6ab3e9b-7bd7-468f-ae54-51c7675831e3','d2f05391-e6e4-4109-a0ef-47631700cb69',1,NULL,NULL,'2025-11-20 02:11:02'),('33afe321-4564-42ea-b478-de7cb3f830dd','fed55d17-c43b-11f0-b163-525400735d47','b6ab3e9b-7bd7-468f-ae54-51c7675831e3','370f143c-17fe-4df4-b2d6-f75ed4a97a99',1,NULL,NULL,'2025-11-20 02:05:47'),('34181242-ac26-4f81-949e-41117939311e','5514dd79-c447-11f0-b163-525400735d47','b6ab3e9b-7bd7-468f-ae54-51c7675831e3','6a1ea615-5f87-4e6a-bc3a-214ee9a48646',1,NULL,NULL,'2025-11-20 02:06:10'),('3721b593-b416-4832-a9d7-02485a71fbf5','5cb22fa6-c432-11f0-b163-525400735d47','b6ab3e9b-7bd7-468f-ae54-51c7675831e3','d8d70e63-fe1b-4a73-9b1c-93d68d259e99',1,NULL,NULL,'2025-11-20 01:55:57'),('393f759e-91c2-4d43-8856-99d864181826','3b05c8af-c4a8-47a4-a789-15d5c63ffc3d','281a79c2-e10a-4bfa-8dc8-def0b7b7580a','c55cbd22-ffa7-4da9-8793-454134257948',1,NULL,NULL,'2025-11-23 13:12:28'),('3a74a28e-b4f7-43b4-8357-e4a409aee478','3f2c0475-c443-11f0-b163-525400735d47','b6ab3e9b-7bd7-468f-ae54-51c7675831e3','277dc273-6b68-4d68-8414-3f2672278a6e',1,NULL,NULL,'2025-11-20 02:11:02'),('3aa395ee-7628-430d-87c3-f6021ffa9d26','b474ed84-c440-11f0-b163-525400735d47','b6ab3e9b-7bd7-468f-ae54-51c7675831e3','84e2f056-3854-41e6-9941-25f9a428fcda',1,NULL,NULL,'2025-11-20 11:04:16'),('3bdda7c6-b670-488f-b6a0-2aebcdce544c','3b05c8af-c4a8-47a4-a789-15d5c63ffc3d','281a79c2-e10a-4bfa-8dc8-def0b7b7580a','9c0ccbee-c7a4-4da5-9147-7e117f9eb16a',1,NULL,NULL,'2025-11-23 13:12:28'),('3d30139d-0584-4271-a41d-0cf9ee06150f','4af19f47-c436-11f0-b163-525400735d47','281a79c2-e10a-4bfa-8dc8-def0b7b7580a','1f8b12ed-deef-46de-8530-1fa1c8fd2f12',1,NULL,NULL,'2025-11-18 04:29:06'),('3ef188a3-cf30-450a-a00c-ae43eeeeb9b7','4c78f684-c439-11f0-b163-525400735d47','b6ab3e9b-7bd7-468f-ae54-51c7675831e3','9bb0beb2-1810-466e-9e60-713a82f2c6df',1,NULL,NULL,'2025-11-18 04:56:54'),('3ef52e02-e8dd-4eb4-8c3c-052fe77d4ccb','b474ed84-c440-11f0-b163-525400735d47','b6ab3e9b-7bd7-468f-ae54-51c7675831e3','277dc273-6b68-4d68-8414-3f2672278a6e',1,NULL,NULL,'2025-11-20 11:04:16'),('3efdaba1-5438-4eab-a169-fbf6bd5182cf','3b05c8af-c4a8-47a4-a789-15d5c63ffc3d','b6ab3e9b-7bd7-468f-ae54-51c7675831e3','d2f05391-e6e4-4109-a0ef-47631700cb69',1,NULL,NULL,'2025-11-23 13:12:28'),('42d66464-f3ee-4ece-8e52-98f458863efb','aa3eb715-c42e-11f0-b163-525400735d47','281a79c2-e10a-4bfa-8dc8-def0b7b7580a','8cf4f261-5ddb-446b-9064-dacbe9c59f1f',1,NULL,NULL,'2025-11-18 03:34:50'),('4589bb65-10af-4ede-ad8e-3479c9e4ab21','3b05c8af-c4a8-47a4-a789-15d5c63ffc3d','281a79c2-e10a-4bfa-8dc8-def0b7b7580a','1f8b12ed-deef-46de-8530-1fa1c8fd2f12',1,NULL,NULL,'2025-11-23 13:12:28'),('462e7784-ecb5-411c-848d-398f09ce1173','fed55d17-c43b-11f0-b163-525400735d47','281a79c2-e10a-4bfa-8dc8-def0b7b7580a','8cf5f4ad-3159-41e2-942f-b77804afe972',1,NULL,NULL,'2025-11-20 02:05:47'),('46cf3fed-0228-428e-a8c8-694e1c360f3e','4c78f684-c439-11f0-b163-525400735d47','b6ab3e9b-7bd7-468f-ae54-51c7675831e3','37a97715-d228-479b-a032-e04e24b43ae7',1,NULL,NULL,'2025-11-18 04:56:54'),('47085ec9-77ef-47fc-8fe9-5fe1e6dae8d0','aa3eb715-c42e-11f0-b163-525400735d47','281a79c2-e10a-4bfa-8dc8-def0b7b7580a','1ab26cea-e054-4500-a4a9-14b9b82239ad',1,NULL,NULL,'2025-11-18 03:34:50'),('48163ec7-7b7f-4486-b251-d5af99af5316','4af19f47-c436-11f0-b163-525400735d47','281a79c2-e10a-4bfa-8dc8-def0b7b7580a','180d92e2-5a13-450e-97ea-9e19283c860b',1,NULL,NULL,'2025-11-18 04:29:06'),('4c0d42da-3795-44d7-aa51-70432831c697','fed55d17-c43b-11f0-b163-525400735d47','281a79c2-e10a-4bfa-8dc8-def0b7b7580a','8cf4f261-5ddb-446b-9064-dacbe9c59f1f',1,NULL,NULL,'2025-11-20 02:05:47'),('4deb6945-926d-4a30-8569-cdfa1c2ee034','fed55d17-c43b-11f0-b163-525400735d47','281a79c2-e10a-4bfa-8dc8-def0b7b7580a','7dda9b5f-62ca-4e98-a44d-943cb982c684',1,NULL,NULL,'2025-11-20 02:05:47'),('4f2af4ee-63bb-41cd-88cd-c91214fa08c3','aa3eb715-c42e-11f0-b163-525400735d47','281a79c2-e10a-4bfa-8dc8-def0b7b7580a','7fbeef0d-dd93-457b-a259-16e869430e28',1,NULL,NULL,'2025-11-18 03:34:50'),('510fd666-d8c7-45fa-8503-c8d28d9372ca','5cb22fa6-c432-11f0-b163-525400735d47','b6ab3e9b-7bd7-468f-ae54-51c7675831e3','108f7973-6baa-47ae-8138-139723ad1eb5',1,NULL,NULL,'2025-11-20 01:55:57'),('53541508-5a5d-4792-bd70-ef4bf27bd274','4af19f47-c436-11f0-b163-525400735d47','b6ab3e9b-7bd7-468f-ae54-51c7675831e3','370f143c-17fe-4df4-b2d6-f75ed4a97a99',1,NULL,NULL,'2025-11-18 04:29:06'),('54eaf674-8446-40d5-a1b6-3b2308b2be6b','5cb22fa6-c432-11f0-b163-525400735d47','b6ab3e9b-7bd7-468f-ae54-51c7675831e3','277dc273-6b68-4d68-8414-3f2672278a6e',1,NULL,NULL,'2025-11-20 01:55:57'),('55ae0e8a-8ade-4caa-9fb4-8b721ddfc351','5514dd79-c447-11f0-b163-525400735d47','b6ab3e9b-7bd7-468f-ae54-51c7675831e3','e18ad310-339b-48b4-8745-58630b87ba3d',1,NULL,NULL,'2025-11-20 02:06:10'),('55b76235-c92f-437a-b5d3-918cec0cbbdf','3b05c8af-c4a8-47a4-a789-15d5c63ffc3d','281a79c2-e10a-4bfa-8dc8-def0b7b7580a','f60affc5-8091-4f3d-af5a-5132a8e97bc0',1,NULL,NULL,'2025-11-23 13:12:28'),('567e509a-fbf5-4ee3-bfba-5ea8484f2523','4c78f684-c439-11f0-b163-525400735d47','b6ab3e9b-7bd7-468f-ae54-51c7675831e3','942b0614-06e4-4e35-acd8-52f806a9a5c7',1,NULL,NULL,'2025-11-18 04:56:54'),('56a800eb-4c55-4592-89c0-6a012bb8591f','aa3eb715-c42e-11f0-b163-525400735d47','b6ab3e9b-7bd7-468f-ae54-51c7675831e3','71d7ab1d-1674-4f0f-8a81-d0348f45ed83',1,NULL,NULL,'2025-11-18 03:34:49'),('57145f37-5f14-48d2-96bc-0be863457937','5cb22fa6-c432-11f0-b163-525400735d47','b6ab3e9b-7bd7-468f-ae54-51c7675831e3','84e2f056-3854-41e6-9941-25f9a428fcda',1,NULL,NULL,'2025-11-20 01:55:57'),('58002f2c-2823-4224-b9c0-ca99fc8672ed','3b05c8af-c4a8-47a4-a789-15d5c63ffc3d','281a79c2-e10a-4bfa-8dc8-def0b7b7580a','8cd7500c-c95e-4f3e-b776-c9bfaa5c0235',1,NULL,NULL,'2025-11-23 13:12:28'),('583657b4-882d-46d5-954c-58c7f33518ed','3b05c8af-c4a8-47a4-a789-15d5c63ffc3d','281a79c2-e10a-4bfa-8dc8-def0b7b7580a','41097aab-54bd-4800-84cf-f79e8f7d3d2b',1,NULL,NULL,'2025-11-23 13:12:28'),('595505bc-8b63-43a4-807b-fafca5719d2b','fed55d17-c43b-11f0-b163-525400735d47','b6ab3e9b-7bd7-468f-ae54-51c7675831e3','37a97715-d228-479b-a032-e04e24b43ae7',1,NULL,NULL,'2025-11-20 02:05:47'),('5a398fab-21fa-4176-95af-ef2ebf0d019f','4c78f684-c439-11f0-b163-525400735d47','b6ab3e9b-7bd7-468f-ae54-51c7675831e3','108f7973-6baa-47ae-8138-139723ad1eb5',1,NULL,NULL,'2025-11-18 04:56:54'),('5ab8ac35-9bdc-4a93-96f9-28f2fca57033','aa3eb715-c42e-11f0-b163-525400735d47','281a79c2-e10a-4bfa-8dc8-def0b7b7580a','180d92e2-5a13-450e-97ea-9e19283c860b',1,NULL,NULL,'2025-11-18 03:34:50'),('5b5c0fbe-3b42-4246-9c23-aeb2698f87b5','b474ed84-c440-11f0-b163-525400735d47','b6ab3e9b-7bd7-468f-ae54-51c7675831e3','e18ad310-339b-48b4-8745-58630b87ba3d',1,NULL,NULL,'2025-11-20 11:04:16'),('5c10c6a4-f85c-4d9a-b61a-60e955787ce5','fed55d17-c43b-11f0-b163-525400735d47','b6ab3e9b-7bd7-468f-ae54-51c7675831e3','41c2f924-fcc1-4c6f-9b86-7a715bd54d72',1,NULL,NULL,'2025-11-20 02:05:47'),('5c62fda5-14d0-4570-9f5f-16e96fb1b57e','b474ed84-c440-11f0-b163-525400735d47','281a79c2-e10a-4bfa-8dc8-def0b7b7580a','8cf5f4ad-3159-41e2-942f-b77804afe972',1,NULL,NULL,'2025-11-20 11:04:16'),('5eaa2810-0283-435a-b9d6-7f7afa73742a','3b05c8af-c4a8-47a4-a789-15d5c63ffc3d','281a79c2-e10a-4bfa-8dc8-def0b7b7580a','7e769d4a-ca83-469d-a117-75b84313ed6c',1,NULL,NULL,'2025-11-23 13:12:28'),('5fb9e7d0-11a1-43bf-9a6e-fbe8fe170ebe','3f2c0475-c443-11f0-b163-525400735d47','b6ab3e9b-7bd7-468f-ae54-51c7675831e3','370f143c-17fe-4df4-b2d6-f75ed4a97a99',1,NULL,NULL,'2025-11-20 02:11:02'),('603fdff5-a33b-4d90-9f79-b9ecce2637ef','b474ed84-c440-11f0-b163-525400735d47','b6ab3e9b-7bd7-468f-ae54-51c7675831e3','9bb0beb2-1810-466e-9e60-713a82f2c6df',1,NULL,NULL,'2025-11-20 11:04:16'),('60c18b4b-8400-419c-ba26-bd2c76a3ef72','aa3eb715-c42e-11f0-b163-525400735d47','b6ab3e9b-7bd7-468f-ae54-51c7675831e3','277dc273-6b68-4d68-8414-3f2672278a6e',1,NULL,NULL,'2025-11-18 03:34:50'),('6215b367-ff87-4a6a-b011-f6ecdc95da72','4af19f47-c436-11f0-b163-525400735d47','281a79c2-e10a-4bfa-8dc8-def0b7b7580a','7fbeef0d-dd93-457b-a259-16e869430e28',1,NULL,NULL,'2025-11-18 04:29:06'),('62b883c3-0154-45e1-a349-77f0db91ae2d','3b05c8af-c4a8-47a4-a789-15d5c63ffc3d','281a79c2-e10a-4bfa-8dc8-def0b7b7580a','180d92e2-5a13-450e-97ea-9e19283c860b',1,NULL,NULL,'2025-11-23 13:12:28'),('6349f773-be69-4530-a4cc-e02dc2944384','fed55d17-c43b-11f0-b163-525400735d47','b6ab3e9b-7bd7-468f-ae54-51c7675831e3','6a1ea615-5f87-4e6a-bc3a-214ee9a48646',1,NULL,NULL,'2025-11-20 02:05:47'),('64bf185b-0727-40f5-b2e3-eb8739028a2a','aa3eb715-c42e-11f0-b163-525400735d47','b6ab3e9b-7bd7-468f-ae54-51c7675831e3','9bb0beb2-1810-466e-9e60-713a82f2c6df',1,NULL,NULL,'2025-11-18 03:34:49'),('6bc55049-ff2a-431e-b032-358d3b3e7b7f','fed55d17-c43b-11f0-b163-525400735d47','281a79c2-e10a-4bfa-8dc8-def0b7b7580a','28279967-d68a-45d3-93aa-1887554b2eb3',1,NULL,NULL,'2025-11-20 02:05:47'),('6bf90c85-8a7a-4a69-a579-ebcc8b76e13f','5cb22fa6-c432-11f0-b163-525400735d47','b6ab3e9b-7bd7-468f-ae54-51c7675831e3','6a1ea615-5f87-4e6a-bc3a-214ee9a48646',1,NULL,NULL,'2025-11-20 01:55:57'),('6c5d1acc-0ecd-43b6-9682-eb34141f2552','fed55d17-c43b-11f0-b163-525400735d47','b6ab3e9b-7bd7-468f-ae54-51c7675831e3','21a35430-9b03-4adf-9ac1-be66f1aad476',1,NULL,NULL,'2025-11-20 02:05:47'),('6ee2c68a-a640-48f1-815c-130901bf364c','b474ed84-c440-11f0-b163-525400735d47','281a79c2-e10a-4bfa-8dc8-def0b7b7580a','1f8b12ed-deef-46de-8530-1fa1c8fd2f12',1,NULL,NULL,'2025-11-20 11:04:16'),('71d505d0-8571-415a-b1b9-cd2d7ed42620','4af19f47-c436-11f0-b163-525400735d47','281a79c2-e10a-4bfa-8dc8-def0b7b7580a','9c0ccbee-c7a4-4da5-9147-7e117f9eb16a',1,NULL,NULL,'2025-11-18 04:29:06'),('72cb2a20-b23c-4aa8-bd9f-78f61e0ac2f3','fed55d17-c43b-11f0-b163-525400735d47','b6ab3e9b-7bd7-468f-ae54-51c7675831e3','277dc273-6b68-4d68-8414-3f2672278a6e',1,NULL,NULL,'2025-11-20 02:05:47'),('7545d46e-ea46-48c3-953a-0727ac830c2e','b474ed84-c440-11f0-b163-525400735d47','b6ab3e9b-7bd7-468f-ae54-51c7675831e3','d00e587b-de8f-44d5-b716-9d7860266be6',1,NULL,NULL,'2025-11-20 11:04:16'),('754edff9-282d-4c67-8a76-04c1dfdfe1a1','fed55d17-c43b-11f0-b163-525400735d47','b6ab3e9b-7bd7-468f-ae54-51c7675831e3','942b0614-06e4-4e35-acd8-52f806a9a5c7',1,NULL,NULL,'2025-11-20 02:05:47'),('75f1023b-c310-454d-b13e-e533658486f1','b474ed84-c440-11f0-b163-525400735d47','281a79c2-e10a-4bfa-8dc8-def0b7b7580a','41097aab-54bd-4800-84cf-f79e8f7d3d2b',1,NULL,NULL,'2025-11-20 11:04:16'),('78a58b8e-1674-4bab-86e7-7946408e738a','fed55d17-c43b-11f0-b163-525400735d47','b6ab3e9b-7bd7-468f-ae54-51c7675831e3','9bb0beb2-1810-466e-9e60-713a82f2c6df',1,NULL,NULL,'2025-11-20 02:05:47'),('793295d6-fb0a-4f32-8199-18269e20f3cc','4c78f684-c439-11f0-b163-525400735d47','281a79c2-e10a-4bfa-8dc8-def0b7b7580a','28279967-d68a-45d3-93aa-1887554b2eb3',1,NULL,NULL,'2025-11-18 04:56:54'),('7df6fa57-ada8-4e41-820a-81a1a3a5420e','3b05c8af-c4a8-47a4-a789-15d5c63ffc3d','b6ab3e9b-7bd7-468f-ae54-51c7675831e3','84e2f056-3854-41e6-9941-25f9a428fcda',1,NULL,NULL,'2025-11-23 13:12:28'),('7f10151e-8798-4066-ac21-5e9d7e3bbcb5','3f2c0475-c443-11f0-b163-525400735d47','b6ab3e9b-7bd7-468f-ae54-51c7675831e3','e18ad310-339b-48b4-8745-58630b87ba3d',1,NULL,NULL,'2025-11-20 02:11:02'),('7f5339f8-fa63-4b19-b7fc-6257022695c9','b474ed84-c440-11f0-b163-525400735d47','b6ab3e9b-7bd7-468f-ae54-51c7675831e3','6a1ea615-5f87-4e6a-bc3a-214ee9a48646',1,NULL,NULL,'2025-11-20 11:04:16'),('805e09cf-8946-4949-ab63-79f27ec7bd54','5514dd79-c447-11f0-b163-525400735d47','b6ab3e9b-7bd7-468f-ae54-51c7675831e3','d2f05391-e6e4-4109-a0ef-47631700cb69',1,NULL,NULL,'2025-11-20 02:06:10'),('811c8456-4215-47ff-a7fc-c343041fbcce','aa3eb715-c42e-11f0-b163-525400735d47','281a79c2-e10a-4bfa-8dc8-def0b7b7580a','8cd7500c-c95e-4f3e-b776-c9bfaa5c0235',1,NULL,NULL,'2025-11-18 03:34:50'),('8c6942bc-707a-49a2-8128-9143076bbf3b','fed55d17-c43b-11f0-b163-525400735d47','281a79c2-e10a-4bfa-8dc8-def0b7b7580a','9c0ccbee-c7a4-4da5-9147-7e117f9eb16a',1,NULL,NULL,'2025-11-20 02:05:47'),('8e39e2de-d1ba-4e3d-9074-6913d2492abf','3b05c8af-c4a8-47a4-a789-15d5c63ffc3d','281a79c2-e10a-4bfa-8dc8-def0b7b7580a','0d6d6f93-fc4b-4512-bd9f-4bb08178c742',1,NULL,NULL,'2025-11-23 13:12:28'),('8f7254dd-9bb9-4537-96bd-c8fba6362b6c','3b05c8af-c4a8-47a4-a789-15d5c63ffc3d','281a79c2-e10a-4bfa-8dc8-def0b7b7580a','8cf4f261-5ddb-446b-9064-dacbe9c59f1f',1,NULL,NULL,'2025-11-23 13:12:28'),('945d6a8a-ddba-4cf7-acf2-81795084d99d','5514dd79-c447-11f0-b163-525400735d47','b6ab3e9b-7bd7-468f-ae54-51c7675831e3','84e2f056-3854-41e6-9941-25f9a428fcda',1,NULL,NULL,'2025-11-20 02:06:10'),('95c475dc-585b-406f-a052-15cc979a23b1','fed55d17-c43b-11f0-b163-525400735d47','b6ab3e9b-7bd7-468f-ae54-51c7675831e3','d00e587b-de8f-44d5-b716-9d7860266be6',1,NULL,NULL,'2025-11-20 02:05:47'),('9641949d-fc25-4162-bc8d-ce6e368269f8','4c78f684-c439-11f0-b163-525400735d47','281a79c2-e10a-4bfa-8dc8-def0b7b7580a','7fbeef0d-dd93-457b-a259-16e869430e28',1,NULL,NULL,'2025-11-18 04:56:54'),('99a38a38-47c7-4c7d-ae6b-0c575513be6c','3f2c0475-c443-11f0-b163-525400735d47','281a79c2-e10a-4bfa-8dc8-def0b7b7580a','7fbeef0d-dd93-457b-a259-16e869430e28',1,NULL,NULL,'2025-11-20 02:11:02'),('9afdf52c-d71c-4041-9387-a92fa7bf7d7d','4c78f684-c439-11f0-b163-525400735d47','b6ab3e9b-7bd7-468f-ae54-51c7675831e3','84e2f056-3854-41e6-9941-25f9a428fcda',1,NULL,NULL,'2025-11-18 04:56:54'),('9cd0303d-6906-4164-b171-4dd85614c1b3','4af19f47-c436-11f0-b163-525400735d47','b6ab3e9b-7bd7-468f-ae54-51c7675831e3','37a97715-d228-479b-a032-e04e24b43ae7',1,NULL,NULL,'2025-11-18 04:29:06'),('9cfd3f71-784d-4ab6-915e-dbf4df225e94','4c78f684-c439-11f0-b163-525400735d47','281a79c2-e10a-4bfa-8dc8-def0b7b7580a','180d92e2-5a13-450e-97ea-9e19283c860b',1,NULL,NULL,'2025-11-18 04:56:54'),('9ec14acf-b286-4c03-b57f-86f5ae40cf66','aa3eb715-c42e-11f0-b163-525400735d47','b6ab3e9b-7bd7-468f-ae54-51c7675831e3','370f143c-17fe-4df4-b2d6-f75ed4a97a99',1,NULL,NULL,'2025-11-18 03:34:49'),('9fdad4f3-f387-4953-bde3-ca9003511fdc','3b05c8af-c4a8-47a4-a789-15d5c63ffc3d','281a79c2-e10a-4bfa-8dc8-def0b7b7580a','86605ffe-31a8-4264-857a-c5d65934b418',1,NULL,NULL,'2025-11-23 13:12:28'),('a48e1b08-551b-435f-8875-b3182e06c0c2','aa3eb715-c42e-11f0-b163-525400735d47','b6ab3e9b-7bd7-468f-ae54-51c7675831e3','d2f05391-e6e4-4109-a0ef-47631700cb69',1,NULL,NULL,'2025-11-18 03:34:50'),('a4aa1ead-aef8-49d2-a422-e9b5ba3aaa5f','4af19f47-c436-11f0-b163-525400735d47','b6ab3e9b-7bd7-468f-ae54-51c7675831e3','942b0614-06e4-4e35-acd8-52f806a9a5c7',1,NULL,NULL,'2025-11-18 04:29:06'),('a750a463-f59e-4804-8ed9-952f10012522','4c78f684-c439-11f0-b163-525400735d47','281a79c2-e10a-4bfa-8dc8-def0b7b7580a','8cf4f261-5ddb-446b-9064-dacbe9c59f1f',1,NULL,NULL,'2025-11-18 04:56:54'),('a9769d7a-7ee9-4088-aad3-9c7347a1c1c6','5cb22fa6-c432-11f0-b163-525400735d47','b6ab3e9b-7bd7-468f-ae54-51c7675831e3','9bb0beb2-1810-466e-9e60-713a82f2c6df',1,NULL,NULL,'2025-11-20 01:55:57'),('a9fcb44f-7d35-4347-9ec6-435cf61772ec','3b05c8af-c4a8-47a4-a789-15d5c63ffc3d','b6ab3e9b-7bd7-468f-ae54-51c7675831e3','9bb0beb2-1810-466e-9e60-713a82f2c6df',1,NULL,NULL,'2025-11-23 13:12:28'),('aa339878-3caf-4598-b218-d420bb19f992','4c78f684-c439-11f0-b163-525400735d47','281a79c2-e10a-4bfa-8dc8-def0b7b7580a','8cd7500c-c95e-4f3e-b776-c9bfaa5c0235',1,NULL,NULL,'2025-11-18 04:56:54'),('ab2c2d67-cc61-434c-b500-23d699d4a5dc','3f2c0475-c443-11f0-b163-525400735d47','b6ab3e9b-7bd7-468f-ae54-51c7675831e3','21a35430-9b03-4adf-9ac1-be66f1aad476',1,NULL,NULL,'2025-11-20 02:11:02'),('ae2a447b-18e1-4528-8fde-e1d431ca8de6','4c78f684-c439-11f0-b163-525400735d47','b6ab3e9b-7bd7-468f-ae54-51c7675831e3','d8d70e63-fe1b-4a73-9b1c-93d68d259e99',1,NULL,NULL,'2025-11-18 04:56:54'),('ae64eb5b-f8fc-4fe7-894d-44fdefec340b','4af19f47-c436-11f0-b163-525400735d47','b6ab3e9b-7bd7-468f-ae54-51c7675831e3','003d0cec-2665-4655-82aa-198784fd2886',1,NULL,NULL,'2025-11-18 04:29:06'),('b0805699-a75d-40c5-afb2-df364931c9be','aa3eb715-c42e-11f0-b163-525400735d47','b6ab3e9b-7bd7-468f-ae54-51c7675831e3','84e2f056-3854-41e6-9941-25f9a428fcda',1,NULL,NULL,'2025-11-18 03:34:49'),('b0ae5bd7-8f35-44c5-9f64-31a6de3212bd','4af19f47-c436-11f0-b163-525400735d47','b6ab3e9b-7bd7-468f-ae54-51c7675831e3','9bb0beb2-1810-466e-9e60-713a82f2c6df',1,NULL,NULL,'2025-11-18 04:29:06'),('b4841efc-8d77-4e90-8ceb-67db3e145d32','4c78f684-c439-11f0-b163-525400735d47','b6ab3e9b-7bd7-468f-ae54-51c7675831e3','277dc273-6b68-4d68-8414-3f2672278a6e',1,NULL,NULL,'2025-11-18 04:56:54'),('b6222b90-58ba-4eba-98d4-b2d68fbdebcf','3f2c0475-c443-11f0-b163-525400735d47','281a79c2-e10a-4bfa-8dc8-def0b7b7580a','7dda9b5f-62ca-4e98-a44d-943cb982c684',1,NULL,NULL,'2025-11-20 02:11:02'),('b8abc707-0321-4107-8a57-536a82d2008a','5514dd79-c447-11f0-b163-525400735d47','b6ab3e9b-7bd7-468f-ae54-51c7675831e3','41c2f924-fcc1-4c6f-9b86-7a715bd54d72',1,NULL,NULL,'2025-11-20 02:06:10'),('bbf2d316-3c4d-4575-b7e4-0c38392c7683','fed55d17-c43b-11f0-b163-525400735d47','281a79c2-e10a-4bfa-8dc8-def0b7b7580a','0d6d6f93-fc4b-4512-bd9f-4bb08178c742',1,NULL,NULL,'2025-11-20 02:05:47'),('bec81883-c26a-43e1-b660-557861a1d7a2','3b05c8af-c4a8-47a4-a789-15d5c63ffc3d','281a79c2-e10a-4bfa-8dc8-def0b7b7580a','7fbeef0d-dd93-457b-a259-16e869430e28',1,NULL,NULL,'2025-11-23 13:12:28'),('c36ebf81-dee9-4be7-923d-bb231a985f44','b474ed84-c440-11f0-b163-525400735d47','281a79c2-e10a-4bfa-8dc8-def0b7b7580a','8cf4f261-5ddb-446b-9064-dacbe9c59f1f',1,NULL,NULL,'2025-11-20 11:04:16'),('c5009225-71d6-427e-8e2d-eddd7b41061b','b474ed84-c440-11f0-b163-525400735d47','b6ab3e9b-7bd7-468f-ae54-51c7675831e3','d2f05391-e6e4-4109-a0ef-47631700cb69',1,NULL,NULL,'2025-11-20 11:04:16'),('c605001c-83c2-4eab-a228-07b3d2ab2ad6','3b05c8af-c4a8-47a4-a789-15d5c63ffc3d','b6ab3e9b-7bd7-468f-ae54-51c7675831e3','277dc273-6b68-4d68-8414-3f2672278a6e',1,NULL,NULL,'2025-11-23 13:12:28'),('c61b46da-3317-4665-b037-0fe9c3399577','5514dd79-c447-11f0-b163-525400735d47','b6ab3e9b-7bd7-468f-ae54-51c7675831e3','9bb0beb2-1810-466e-9e60-713a82f2c6df',1,NULL,NULL,'2025-11-20 02:06:10'),('c737f9ff-b4cf-4ee4-9975-da87a6619338','3b05c8af-c4a8-47a4-a789-15d5c63ffc3d','b6ab3e9b-7bd7-468f-ae54-51c7675831e3','003d0cec-2665-4655-82aa-198784fd2886',1,NULL,NULL,'2025-11-23 13:12:28'),('c8ae158f-1eab-4400-844b-54e76284df75','aa3eb715-c42e-11f0-b163-525400735d47','b6ab3e9b-7bd7-468f-ae54-51c7675831e3','d00e587b-de8f-44d5-b716-9d7860266be6',1,NULL,NULL,'2025-11-18 03:34:49'),('ca048888-24bc-4c93-b83f-309db651b0a7','aa3eb715-c42e-11f0-b163-525400735d47','281a79c2-e10a-4bfa-8dc8-def0b7b7580a','1f8b12ed-deef-46de-8530-1fa1c8fd2f12',1,NULL,NULL,'2025-11-18 03:34:50'),('ced4d6d1-532e-42ea-b0b9-4315a953d6ed','5514dd79-c447-11f0-b163-525400735d47','281a79c2-e10a-4bfa-8dc8-def0b7b7580a','8cd7500c-c95e-4f3e-b776-c9bfaa5c0235',1,NULL,NULL,'2025-11-20 02:06:10'),('cf0b00b3-1ef0-4db5-aa8a-325554f9e681','4af19f47-c436-11f0-b163-525400735d47','b6ab3e9b-7bd7-468f-ae54-51c7675831e3','6a1ea615-5f87-4e6a-bc3a-214ee9a48646',1,NULL,NULL,'2025-11-18 04:29:06'),('cfd31405-ab9b-40f9-ab78-0b84bdb22458','aa3eb715-c42e-11f0-b163-525400735d47','281a79c2-e10a-4bfa-8dc8-def0b7b7580a','41097aab-54bd-4800-84cf-f79e8f7d3d2b',1,NULL,NULL,'2025-11-18 03:34:50'),('d0421f6b-725e-4912-866e-a627844acc49','5cb22fa6-c432-11f0-b163-525400735d47','b6ab3e9b-7bd7-468f-ae54-51c7675831e3','d2f05391-e6e4-4109-a0ef-47631700cb69',1,NULL,NULL,'2025-11-20 01:55:57'),('d1aec772-6b1c-4443-9136-414a61974072','5514dd79-c447-11f0-b163-525400735d47','281a79c2-e10a-4bfa-8dc8-def0b7b7580a','7fbeef0d-dd93-457b-a259-16e869430e28',1,NULL,NULL,'2025-11-20 02:06:10'),('d2bfe8bf-0f6a-40e2-a0aa-18db9fd74eb0','b474ed84-c440-11f0-b163-525400735d47','281a79c2-e10a-4bfa-8dc8-def0b7b7580a','9c0ccbee-c7a4-4da5-9147-7e117f9eb16a',1,NULL,NULL,'2025-11-20 11:04:16'),('d37c0726-76b0-46ad-a864-df6eb9516e14','4af19f47-c436-11f0-b163-525400735d47','b6ab3e9b-7bd7-468f-ae54-51c7675831e3','277dc273-6b68-4d68-8414-3f2672278a6e',1,NULL,NULL,'2025-11-18 04:29:06'),('d41594da-1635-4985-968a-3937a82411f6','aa3eb715-c42e-11f0-b163-525400735d47','b6ab3e9b-7bd7-468f-ae54-51c7675831e3','37a97715-d228-479b-a032-e04e24b43ae7',1,NULL,NULL,'2025-11-18 03:34:49'),('d4cd0e87-4aba-4f22-b5cc-dd1720a91280','aa3eb715-c42e-11f0-b163-525400735d47','281a79c2-e10a-4bfa-8dc8-def0b7b7580a','7dda9b5f-62ca-4e98-a44d-943cb982c684',1,NULL,NULL,'2025-11-18 03:34:50'),('d517ffb3-16f5-441a-9f09-b8de60daf47e','aa3eb715-c42e-11f0-b163-525400735d47','b6ab3e9b-7bd7-468f-ae54-51c7675831e3','407b88e4-d9cf-4c78-bff5-85e4fa868eca',1,NULL,NULL,'2025-11-18 03:34:49'),('d67a72ba-6614-43de-99a6-b0f926b2f30f','3f2c0475-c443-11f0-b163-525400735d47','b6ab3e9b-7bd7-468f-ae54-51c7675831e3','942b0614-06e4-4e35-acd8-52f806a9a5c7',1,NULL,NULL,'2025-11-20 02:11:02'),('db8d4e74-538d-435c-8cb9-755398660e01','3f2c0475-c443-11f0-b163-525400735d47','b6ab3e9b-7bd7-468f-ae54-51c7675831e3','9bb0beb2-1810-466e-9e60-713a82f2c6df',1,NULL,NULL,'2025-11-20 02:11:02'),('dbe2e256-5daf-4b85-9525-e74a061072e2','3b05c8af-c4a8-47a4-a789-15d5c63ffc3d','b6ab3e9b-7bd7-468f-ae54-51c7675831e3','0f4a4dee-138b-4356-b071-26f3eac9573a',1,NULL,NULL,'2025-11-23 13:12:28'),('dc095e64-501c-447d-82d7-bad69dafe1f3','5cb22fa6-c432-11f0-b163-525400735d47','281a79c2-e10a-4bfa-8dc8-def0b7b7580a','78e6a8de-20dc-4560-b567-a054b04237b5',1,NULL,NULL,'2025-11-20 01:55:57'),('de0e4c6c-c70e-4210-8e64-4798128302be','3f2c0475-c443-11f0-b163-525400735d47','b6ab3e9b-7bd7-468f-ae54-51c7675831e3','d00e587b-de8f-44d5-b716-9d7860266be6',1,NULL,NULL,'2025-11-20 02:11:02'),('deda653a-16a1-4b25-8279-50b488918084','fed55d17-c43b-11f0-b163-525400735d47','281a79c2-e10a-4bfa-8dc8-def0b7b7580a','180d92e2-5a13-450e-97ea-9e19283c860b',1,NULL,NULL,'2025-11-20 02:05:47'),('e21792ca-ca91-47dd-a1cc-ccb21e6cbea0','3f2c0475-c443-11f0-b163-525400735d47','281a79c2-e10a-4bfa-8dc8-def0b7b7580a','9c0ccbee-c7a4-4da5-9147-7e117f9eb16a',1,NULL,NULL,'2025-11-20 02:11:02'),('e4c809e4-a959-402b-83cb-c320f6c5bff2','b474ed84-c440-11f0-b163-525400735d47','b6ab3e9b-7bd7-468f-ae54-51c7675831e3','370f143c-17fe-4df4-b2d6-f75ed4a97a99',1,NULL,NULL,'2025-11-20 11:04:16'),('e8a0dd3a-40bc-4bd6-affb-715faa4bbc0d','3b05c8af-c4a8-47a4-a789-15d5c63ffc3d','b6ab3e9b-7bd7-468f-ae54-51c7675831e3','21a35430-9b03-4adf-9ac1-be66f1aad476',1,NULL,NULL,'2025-11-23 13:12:28'),('ea0061e2-6b27-4299-9d24-98ccb2c530f0','5514dd79-c447-11f0-b163-525400735d47','b6ab3e9b-7bd7-468f-ae54-51c7675831e3','277dc273-6b68-4d68-8414-3f2672278a6e',1,NULL,NULL,'2025-11-20 02:06:10'),('ebdfeb77-c575-4b2b-ac06-952eb460bbc9','5514dd79-c447-11f0-b163-525400735d47','b6ab3e9b-7bd7-468f-ae54-51c7675831e3','108f7973-6baa-47ae-8138-139723ad1eb5',1,NULL,NULL,'2025-11-20 02:06:10'),('f1a9cbfb-3bb6-4847-b9e7-2256820467c8','4c78f684-c439-11f0-b163-525400735d47','b6ab3e9b-7bd7-468f-ae54-51c7675831e3','370f143c-17fe-4df4-b2d6-f75ed4a97a99',1,NULL,NULL,'2025-11-18 04:56:54'),('f1dd51a2-975e-4ad2-a8fc-2d2d34b291d5','3b05c8af-c4a8-47a4-a789-15d5c63ffc3d','b6ab3e9b-7bd7-468f-ae54-51c7675831e3','3e41b13c-8329-4911-b8fd-a2b6728759a7',1,NULL,NULL,'2025-11-23 13:12:28'),('f6711876-9882-4493-98ed-b425e3ef8ca3','aa3eb715-c42e-11f0-b163-525400735d47','b6ab3e9b-7bd7-468f-ae54-51c7675831e3','21a35430-9b03-4adf-9ac1-be66f1aad476',1,NULL,NULL,'2025-11-18 03:34:49'),('f8cbd146-3570-4008-85e4-3615cfd1a59b','4af19f47-c436-11f0-b163-525400735d47','281a79c2-e10a-4bfa-8dc8-def0b7b7580a','8cd7500c-c95e-4f3e-b776-c9bfaa5c0235',1,NULL,NULL,'2025-11-18 04:29:06'),('fd7ca1a2-335b-4982-bde0-29b198aeaaa5','aa3eb715-c42e-11f0-b163-525400735d47','b6ab3e9b-7bd7-468f-ae54-51c7675831e3','e18ad310-339b-48b4-8745-58630b87ba3d',1,NULL,NULL,'2025-11-18 03:34:49'),('fdeb250a-1847-4cde-b19b-7e142b0b36cd','fed55d17-c43b-11f0-b163-525400735d47','b6ab3e9b-7bd7-468f-ae54-51c7675831e3','108f7973-6baa-47ae-8138-139723ad1eb5',1,NULL,NULL,'2025-11-20 02:05:47'),('fe1680f1-8d28-4b01-86bd-249cb5997532','5514dd79-c447-11f0-b163-525400735d47','281a79c2-e10a-4bfa-8dc8-def0b7b7580a','1f8b12ed-deef-46de-8530-1fa1c8fd2f12',1,NULL,NULL,'2025-11-20 02:06:10'),('ff679f9a-59d0-456a-8f46-479558dbfa09','b474ed84-c440-11f0-b163-525400735d47','281a79c2-e10a-4bfa-8dc8-def0b7b7580a','f60affc5-8091-4f3d-af5a-5132a8e97bc0',1,NULL,NULL,'2025-11-20 11:04:16'),('ffd4e2a7-d350-4161-a56c-38655e641e7a','3f2c0475-c443-11f0-b163-525400735d47','b6ab3e9b-7bd7-468f-ae54-51c7675831e3','6a1ea615-5f87-4e6a-bc3a-214ee9a48646',1,NULL,NULL,'2025-11-20 02:11:02');
/*!40000 ALTER TABLE `match_participants` ENABLE KEYS */;
UNLOCK TABLES;

--
-- Table structure for table `match_quarters`
--

DROP TABLE IF EXISTS `match_quarters`;
/*!40101 SET @saved_cs_client     = @@character_set_client */;
/*!50503 SET character_set_client = utf8mb4 */;
CREATE TABLE `match_quarters` (
  `id` char(36) CHARACTER SET utf8mb4 COLLATE utf8mb4_0900_ai_ci NOT NULL,
  `match_id` char(36) CHARACTER SET utf8mb4 COLLATE utf8mb4_0900_ai_ci NOT NULL COMMENT '比赛ID',
  `quarter_number` tinyint NOT NULL COMMENT '节次编号 1-4',
  `team1_goals` int DEFAULT '0' COMMENT '队伍1进球数',
  `team2_goals` int DEFAULT '0' COMMENT '队伍2进球数',
  `team1_points` int DEFAULT '0' COMMENT '队伍1本节得分（1或2分）',
  `team2_points` int DEFAULT '0' COMMENT '队伍2本节得分（0、1或2分）',
  `duration_minutes` int DEFAULT '20' COMMENT '节次时长（分钟）',
  `summary` text CHARACTER SET utf8mb4 COLLATE utf8mb4_0900_ai_ci COMMENT '本节文字总结',
  `status` enum('in_progress','completed') CHARACTER SET utf8mb4 COLLATE utf8mb4_0900_ai_ci NOT NULL DEFAULT 'in_progress' COMMENT '节次状态：in_progress=进行中, completed=已完成',
  `created_at` timestamp NULL DEFAULT CURRENT_TIMESTAMP,
  `updated_at` timestamp NULL DEFAULT CURRENT_TIMESTAMP ON UPDATE CURRENT_TIMESTAMP,
  PRIMARY KEY (`id`) USING BTREE,
  UNIQUE KEY `uk_match_quarter` (`match_id`,`quarter_number`) USING BTREE,
  KEY `idx_match_id` (`match_id`) USING BTREE,
  CONSTRAINT `match_quarters_ibfk_1` FOREIGN KEY (`match_id`) REFERENCES `matches` (`id`) ON DELETE CASCADE ON UPDATE RESTRICT
) ENGINE=InnoDB DEFAULT CHARSET=utf8mb4 COLLATE=utf8mb4_0900_ai_ci ROW_FORMAT=DYNAMIC COMMENT='比赛节次表';
/*!40101 SET character_set_client = @saved_cs_client */;

--
-- Dumping data for table `match_quarters`
--

LOCK TABLES `match_quarters` WRITE;
/*!40000 ALTER TABLE `match_quarters` DISABLE KEYS */;
INSERT INTO `match_quarters` VALUES ('02657c34-dcf0-4bd2-b01f-101dd4e39274','4af19f47-c436-11f0-b163-525400735d47',2,3,1,1,0,20,NULL,'completed','2025-11-18 04:24:36','2025-11-18 04:28:46'),('078648a4-353d-408b-815b-92068921033d','fed55d17-c43b-11f0-b163-525400735d47',2,0,2,0,1,20,NULL,'completed','2025-11-18 05:06:20','2025-11-18 05:11:28'),('10ee4958-1299-48c9-a748-a69828488385','3b05c8af-c4a8-47a4-a789-15d5c63ffc3d',3,1,1,0,0,20,NULL,'completed','2025-11-23 01:21:21','2025-11-23 13:12:16'),('1c14ec65-caf4-4a45-a67b-916f8c12fdea','b474ed84-c440-11f0-b163-525400735d47',1,1,1,0,0,20,NULL,'completed','2025-11-18 05:38:42','2025-11-18 06:11:02'),('2f7bc206-a61b-4f05-9d9e-1a7b0d889069','3b05c8af-c4a8-47a4-a789-15d5c63ffc3d',2,3,1,1,0,20,NULL,'completed','2025-11-22 12:34:00','2025-11-23 13:12:14'),('36fd2815-3f79-467a-b7a3-6fe504fb5468','5cb22fa6-c432-11f0-b163-525400735d47',3,0,2,0,1,20,NULL,'completed','2025-11-18 03:58:25','2025-11-20 01:55:29'),('3c58fb53-4eaf-4f01-b274-08510184b69d','fed55d17-c43b-11f0-b163-525400735d47',3,1,2,0,1,20,NULL,'completed','2025-11-18 05:08:21','2025-11-18 05:11:31'),('42c1e9be-2a9c-42ec-9904-865540a1e68c','aa3eb715-c42e-11f0-b163-525400735d47',3,2,0,1,0,20,NULL,'completed','2025-11-18 03:33:40','2025-11-18 03:34:10'),('47345a1a-0df3-4585-aa04-b610e6b75c5c','4c78f684-c439-11f0-b163-525400735d47',3,1,1,0,0,20,NULL,'completed','2025-11-18 04:50:22','2025-11-18 04:56:42'),('473b9237-f667-4d76-9513-c2f2328602fc','5cb22fa6-c432-11f0-b163-525400735d47',1,0,1,0,1,20,NULL,'completed','2025-11-18 03:55:39','2025-11-18 03:55:46'),('50ef5edc-df99-47b3-a375-30b08d0a6722','fed55d17-c43b-11f0-b163-525400735d47',1,1,0,1,0,20,NULL,'completed','2025-11-18 05:05:01','2025-11-18 05:11:26'),('555f1ba1-c027-473a-bf4b-6a091cf617c8','5cb22fa6-c432-11f0-b163-525400735d47',2,2,0,1,0,20,NULL,'completed','2025-11-18 03:56:11','2025-11-18 03:57:29'),('6d918491-ad5c-455c-921b-8139375fd064','aa3eb715-c42e-11f0-b163-525400735d47',2,1,1,0,0,20,NULL,'completed','2025-11-18 03:32:51','2025-11-18 03:33:18'),('7e5a138d-b0ae-4e1d-af26-6b43d8e59856','fed55d17-c43b-11f0-b163-525400735d47',4,2,1,2,0,20,NULL,'completed','2025-11-18 05:11:18','2025-11-18 05:16:38'),('9d1ca3e6-bcf3-4abb-a5b0-29d6d8ebc195','aa3eb715-c42e-11f0-b163-525400735d47',4,2,0,2,0,20,NULL,'completed','2025-11-18 03:34:24','2025-11-18 03:34:43'),('a0a50a0b-a722-47e1-ad14-7feaeec19282','4af19f47-c436-11f0-b163-525400735d47',3,3,2,1,0,20,NULL,'completed','2025-11-18 04:25:50','2025-11-18 04:28:49'),('a152c26c-83f9-4766-9b06-46299bcfdaab','b474ed84-c440-11f0-b163-525400735d47',4,5,4,2,0,20,NULL,'completed','2025-11-18 05:43:03','2025-11-20 11:04:08'),('a6390383-c777-4075-adc8-e4c44a73aa9e','3f2c0475-c443-11f0-b163-525400735d47',4,3,1,2,0,20,NULL,'completed','2025-11-18 06:02:56','2025-11-20 02:11:01'),('aad6417a-9ab4-467a-ba7a-cae752c196c8','aa3eb715-c42e-11f0-b163-525400735d47',1,0,1,0,1,20,NULL,'completed','2025-11-18 03:31:48','2025-11-18 03:32:36'),('ac4574d7-da66-4c44-a0e2-0275aa7a82ac','3b05c8af-c4a8-47a4-a789-15d5c63ffc3d',4,0,2,0,2,20,NULL,'completed','2025-11-23 01:22:04','2025-11-23 13:12:24'),('b0e474d7-7091-436a-966e-ef0970f57006','4c78f684-c439-11f0-b163-525400735d47',2,2,2,0,0,20,NULL,'completed','2025-11-18 04:48:28','2025-11-18 04:56:14'),('b1e2f17f-a031-4ec8-bc45-e0ac2389b412','b474ed84-c440-11f0-b163-525400735d47',2,0,1,0,1,20,NULL,'completed','2025-11-18 05:40:24','2025-11-18 06:11:03'),('b2afda6d-da3c-4aba-9113-dd7f65d22c0e','4c78f684-c439-11f0-b163-525400735d47',4,2,0,2,0,20,NULL,'completed','2025-11-18 04:50:54','2025-11-18 04:56:51'),('b9187f04-7e31-4683-9914-0191f02efb29','5514dd79-c447-11f0-b163-525400735d47',2,0,2,0,1,20,NULL,'completed','2025-11-18 06:26:45','2025-11-18 06:27:01'),('bd825e53-0ab9-4b9a-b91d-1f8953c3a3c6','3f2c0475-c443-11f0-b163-525400735d47',2,4,0,1,0,20,NULL,'completed','2025-11-18 06:00:03','2025-11-18 06:07:14'),('c6a75219-ede2-42e5-8e18-92496439b1b9','5514dd79-c447-11f0-b163-525400735d47',3,2,2,0,0,20,NULL,'completed','2025-11-18 06:27:17','2025-11-18 06:28:08'),('c8a0eee6-d597-48c3-b1ad-51c0f28bb1b7','4af19f47-c436-11f0-b163-525400735d47',4,3,1,2,0,20,NULL,'completed','2025-11-18 04:27:15','2025-11-18 04:29:05'),('cec67950-ad6b-4603-a4b2-3b3fe65b85d6','4af19f47-c436-11f0-b163-525400735d47',1,0,1,0,1,20,NULL,'completed','2025-11-18 04:24:04','2025-11-18 04:28:42'),('cefbb687-5cb4-46d3-ae5e-349e45a98767','3f2c0475-c443-11f0-b163-525400735d47',3,2,3,0,1,20,NULL,'completed','2025-11-18 06:01:56','2025-11-20 02:10:59'),('d4d799b3-aaae-4069-b4bd-797b19b7ea1c','3b05c8af-c4a8-47a4-a789-15d5c63ffc3d',1,2,5,0,1,20,'第一节2比5。\n深秋+雨是个很来瞌睡的时节，但是大家还是热情高涨的报名了一大堆堆。嘉陵摩托到场队员；球霸，101，木头哥，海瑞，猴儿，塑料门，施驿，杨涛，黄波，牛仔裤。长江黄河到场队员；小黑，福子，曹老板，邱帅，猫儿，李强，黄鑫，戴壮，然哥，阿尔恒，罗阳，小房，刘柯良，严帅。（还有两个家属不知道谁的）\n  第一节双方拉开对攻，长江队青年军冲击力明显强大一些，嘉陵防线被冲溃，长江很快取得3/0优势。嘉陵快速调整打法，加紧了中场防守，双方第一节最后十分钟打得有来有回各进两球。长江队5/2赢下第一节。\n','completed','2025-11-22 04:18:44','2025-11-23 13:12:01'),('d5bd05b4-c930-423d-8549-87b8b7429dde','3f2c0475-c443-11f0-b163-525400735d47',1,2,2,0,0,20,NULL,'completed','2025-11-18 05:56:52','2025-11-18 05:58:56'),('dbba0a61-398e-4370-88d2-8eda028632ff','5cb22fa6-c432-11f0-b163-525400735d47',4,1,0,2,0,20,NULL,'completed','2025-11-18 03:59:06','2025-11-20 01:55:48'),('dc5cc876-302f-43c2-9ac9-75fb998bf6ec','5514dd79-c447-11f0-b163-525400735d47',1,1,0,1,0,20,NULL,'completed','2025-11-18 06:25:50','2025-11-18 06:25:52'),('df2c1bed-5a4b-4b68-af85-81ea0a879a62','5514dd79-c447-11f0-b163-525400735d47',4,2,2,0,0,20,NULL,'completed','2025-11-18 06:28:25','2025-11-18 06:29:57'),('e002601a-8631-4b2d-aaee-3160dc58a384','b474ed84-c440-11f0-b163-525400735d47',3,1,2,0,1,20,NULL,'completed','2025-11-18 05:40:55','2025-11-18 06:11:09'),('f2f1fcde-7aa3-4ead-9745-eb7e041df0b2','4c78f684-c439-11f0-b163-525400735d47',1,3,1,1,0,20,NULL,'completed','2025-11-18 04:46:34','2025-11-18 04:55:55');
/*!40000 ALTER TABLE `match_quarters` ENABLE KEYS */;
UNLOCK TABLES;

--
-- Table structure for table `match_results`
--

DROP TABLE IF EXISTS `match_results`;
/*!40101 SET @saved_cs_client     = @@character_set_client */;
/*!50503 SET character_set_client = utf8mb4 */;
CREATE TABLE `match_results` (
  `id` varchar(36) CHARACTER SET utf8mb4 COLLATE utf8mb4_0900_ai_ci NOT NULL COMMENT '结果ID',
  `match_id` varchar(36) CHARACTER SET utf8mb4 COLLATE utf8mb4_0900_ai_ci NOT NULL COMMENT '比赛ID',
  `team1_score` int NOT NULL DEFAULT '0' COMMENT '队伍1得分',
  `team2_score` int NOT NULL DEFAULT '0' COMMENT '队伍2得分',
  `winner_team_id` varchar(36) CHARACTER SET utf8mb4 COLLATE utf8mb4_0900_ai_ci DEFAULT NULL COMMENT '获胜队伍ID',
  `penalty_shootout` tinyint(1) DEFAULT '0' COMMENT '鏄?惁杩涜?鐐圭悆澶ф垬(0=鍚? 1=鏄?',
  `team1_penalty_score` int unsigned DEFAULT NULL COMMENT '闃熶紞1鐐圭悆寰楀垎',
  `team2_penalty_score` int unsigned DEFAULT NULL COMMENT '闃熶紞2鐐圭悆寰楀垎',
  `penalty_winner_team_id` varchar(36) DEFAULT NULL COMMENT '鐐圭悆澶ф垬鑾疯儨闃熶紞ID',
  `mvp_user_ids` json DEFAULT NULL COMMENT 'MVP用户ID数组',
  `photos` json DEFAULT NULL COMMENT '比赛照片URL数组',
  `summary` text CHARACTER SET utf8mb4 COLLATE utf8mb4_0900_ai_ci COMMENT '比赛总结',
  `submitted_by` varchar(36) CHARACTER SET utf8mb4 COLLATE utf8mb4_0900_ai_ci DEFAULT NULL COMMENT '提交者ID',
  `submitted_at` timestamp NULL DEFAULT CURRENT_TIMESTAMP COMMENT '提交时间',
  `quarter_system` tinyint(1) DEFAULT '0' COMMENT '是否4节制',
  `team1_final_score` int DEFAULT NULL COMMENT '队伍1最终得分（4节制）',
  `team2_final_score` int DEFAULT NULL COMMENT '队伍2最终得分（4节制）',
  `team1_total_goals` int DEFAULT NULL COMMENT '队伍1总进球数',
  `team2_total_goals` int DEFAULT NULL COMMENT '队伍2总进球数',
  `raw_report` text CHARACTER SET utf8mb4 COLLATE utf8mb4_0900_ai_ci COMMENT '原始简报文本',
  `parsed_by_ai` tinyint(1) DEFAULT '0' COMMENT '是否由AI解析导入',
  PRIMARY KEY (`id`) USING BTREE,
  UNIQUE KEY `match_id` (`match_id`) USING BTREE,
  KEY `winner_team_id` (`winner_team_id`) USING BTREE,
  KEY `submitted_by` (`submitted_by`) USING BTREE,
  KEY `fk_penalty_winner_team` (`penalty_winner_team_id`),
  CONSTRAINT `fk_penalty_winner_team` FOREIGN KEY (`penalty_winner_team_id`) REFERENCES `teams` (`id`) ON DELETE SET NULL,
  CONSTRAINT `match_results_ibfk_1` FOREIGN KEY (`match_id`) REFERENCES `matches` (`id`) ON DELETE CASCADE ON UPDATE RESTRICT,
  CONSTRAINT `match_results_ibfk_2` FOREIGN KEY (`winner_team_id`) REFERENCES `teams` (`id`) ON DELETE RESTRICT ON UPDATE RESTRICT,
  CONSTRAINT `match_results_ibfk_4` FOREIGN KEY (`submitted_by`) REFERENCES `users` (`id`) ON DELETE RESTRICT ON UPDATE RESTRICT
) ENGINE=InnoDB DEFAULT CHARSET=utf8mb4 COLLATE=utf8mb4_0900_ai_ci ROW_FORMAT=DYNAMIC COMMENT='比赛结果表';
/*!40101 SET character_set_client = @saved_cs_client */;

--
-- Dumping data for table `match_results`
--

LOCK TABLES `match_results` WRITE;
/*!40000 ALTER TABLE `match_results` DISABLE KEYS */;
INSERT INTO `match_results` VALUES ('00da5582-176a-470a-a4b1-e1a9dd97e5ae','5cb22fa6-c432-11f0-b163-525400735d47',3,2,'b6ab3e9b-7bd7-468f-ae54-51c7675831e3',0,NULL,NULL,NULL,'[\"6a1ea615-5f87-4e6a-bc3a-214ee9a48646\", \"78e6a8de-20dc-4560-b567-a054b04237b5\"]',NULL,'柳真丘科的配合\n9月27日，两江超级联赛第二轮，比分:3:2。嘉陵江获胜。\n到场人员：\n花：黄波，王鑫，101，骆地生，杨涛，陈然，永健，邱帅，老马，陈佳。\n红：丘科，柳真，徐翔，杨文华，木头，海瑞，廖鹏小兄弟，安雄，洪胜。\n第一节0:2，第二节4:1，第三节0:2，第四节3:2。\n第一节红队门将出击失误，被永健远射，红队丘科躲在阴凉坝，作用不大。最后又被进了一个。\n第二节柳黑和丘科在前场，二筒守门，很快打开了，先后防失误被花队进了一个，但是连续扳了好几个，主要是柳黑丘科和洪胜的配合。\n第三节双方互有攻防，最后时刻骆地生搞了个一条龙。\n第四节大家体力透支，咬牙坚持，洪胜最后一个一条龙奠定胜局。\n渝超赛期出场阵容以老头乐为主，祝大家国庆假期快乐\n数据:丘科3球2助1门、陈然1球1裁、洪胜3球1助、永健1球3裁、杨涛3门、柳真1球、王凌云4助、马培才1助、邱帅1球、王鑫1球。\n第四节更正一下，红队后卫出球失误被王鑫拦截，后者远射进球，然后洪胜在两大高手挡拆下进入禁区得分。骆地生一条龙长途奔袭得分。最后剩7分钟时，红队连进两球绝杀，丘科角球助攻外援头球，然后丘科反击助攻插上的洪胜射门。','942b0614-06e4-4e35-acd8-52f806a9a5c7','2025-11-20 01:56:10',1,3,2,3,3,NULL,0),('0f7591b3-6c6d-47e9-a985-18c6b16fb2eb','4c78f684-c439-11f0-b163-525400735d47',7,1,'b6ab3e9b-7bd7-468f-ae54-51c7675831e3',0,NULL,NULL,NULL,'[\"7fbeef0d-dd93-457b-a259-16e869430e28\", \"277dc273-6b68-4d68-8414-3f2672278a6e\", \"8cf4f261-5ddb-446b-9064-dacbe9c59f1f\", \"21a35430-9b03-4adf-9ac1-be66f1aad476\"]',NULL,'洪胜4球 嘉陵4连胜\n10月12日，两江超级联赛第四轮，比分:3:0，嘉陵江获胜。\n到场人员：\n花：小黑、曹枫、张潮、夏雷雨、戴壮、王海涛、黑儒学、陈然。\n红：黄波、施毅、洪胜、王鑫、木头、培才、史地、刘立希、银河、杨涛、徐翔、海川。\n第一节嘉陵江边后卫小刘远射，小黑守门猝不及防，首开纪录。长江队利用嘉陵江防守松懈扳平。小黑解放后几个二过一后，打门反超。洪胜突进禁区打门将大黑小门，再扳平。木头最后关门得到洪胜助攻反插进禁区，把比分定格3:2。\n第二节川哥、二筒上场，银河黄波木头休息。洪胜打门在对方后卫身上折射进门，门将永健无可奈何，花队在夏雷雨和小黑及其发小的前场流畅传切下，将比分反超，夏雷雨打进一球。二筒在场下大叫“不会传球”时，下底传出好球，洪胜推射进。2比2。\n第三节，川哥继续冲刺。夏雷雨反越位奔袭打进一个死角，1比0，眼看就要赢球时，王鑫驰援，替下黄波后策动进攻，门前混战中川哥把球打进。1比1。\n第四节决战，花队由于只有1个替补（红队4个），体力下降明显，夏雷雨回到后腰处体力已经大不如前。嘉陵江占据优势，银河突破后下底传中，洪胜推射进，永健碰到但差一点。1比0。长江队角球被打出后，洪胜得球传另一侧空出的黄波，后者带球在禁区边推进远门柱。2比0。','942b0614-06e4-4e35-acd8-52f806a9a5c7','2025-11-18 04:57:06',1,3,0,8,4,NULL,0),('137a23d3-b11e-4bc3-8cb9-3304ce115a94','3b05c8af-c4a8-47a4-a789-15d5c63ffc3d',6,9,'281a79c2-e10a-4bfa-8dc8-def0b7b7580a',0,NULL,NULL,NULL,'[\"8cf4f261-5ddb-446b-9064-dacbe9c59f1f\", \"6a1ea615-5f87-4e6a-bc3a-214ee9a48646\", \"180d92e2-5a13-450e-97ea-9e19283c860b\", \"84e2f056-3854-41e6-9941-25f9a428fcda\"]',NULL,'日期11月22日  小雪\n本场比分1：3。第一节2比5。第二节3比1。第三节1比1，第四节0/3。长江黄河终于没有江河日下（猫儿提议改名叫蒸蒸，他们不干）\n深秋+雨是个很来瞌睡的时节，但是大家还是热情高涨的报名了一大堆堆。嘉陵摩托到场队员；球霸，101，木头哥，海瑞，猴儿，塑料门，施驿，杨涛，黄波，牛仔裤。长江黄河到场队员；小黑，福子，曹老板，邱帅，猫儿，李强，黄鑫，戴壮，然哥，阿尔恒，罗阳，小房，刘柯良，严帅。（还有两个家属不知道谁的）\n  第一节双方拉开对攻，长江队青年军冲击力明显强大一些，嘉陵防线被冲溃，长江很快取得3/0优势。嘉陵快速调整打法，加紧了中场防守，双方第一节最后十分钟打得有来有回各进两球。长江队5/2赢下第一节。\n第二节嘉陵队应该是商量敲定了防反的老战术，虽然长江攻势依然不减，但收获寥寥，反而是嘉陵队的打法简单快捷，大禁区附近有机会便开炮，牛仔裤和杨涛都取得了进球，球霸也打进一颗补射点球，而这个点球也是来源于射门球反弹造成的手球，第二节嘉陵队以3/1拿下。（所以男人还是要多射，射才有机会）\n第三节长江队也不敢轻敌了，扎紧了中路防守，小房和福子退回半场司职中后卫和后腰，阿尔恒串联前场。这一节双方都拿出了浑身解数，阿尔恒的盘带和传球均被嘉陵队的密集阵防住，但场上两个老头反而被忽视了，曹老板接猫儿斜传球杀到大禁区无人区，虽然被补防人员拦截，但还是鼓捣搞了出来，戴壮接球打远角进。落后一球的嘉陵队没有泄气，抓住机会大举进攻，长江队欲造越位但忽视了后插上的对手，被下底横传点球点扫射。比分1/1进入最后一节。\n  决胜节谁赢谁吃面，但是长江队的青年军要集体赶车回梁平参加渝超，剩下刚好八人+场外裁判然哥。嘉陵队不可能放过这个大好机会想要先取得进球占据优势，长江队根据人员情况果断调整整容，让小黑顶中后卫，福子后腰策应，顶住了嘉陵队前面几轮攻势，嘉陵队取得的几次任意球机会也未能打出高质量配合。长江队这时候由福子开启导弹战术，连续四次尝试吊门后终于抓住塑料门一个反向，吊进一球。落后的嘉陵队只能被迫加大进攻力度，但黑福一高一块的防守始终难以突破，反而是自己边路的空挡越来越大，又被打进两粒。本节结束长江3球完胜。\n本场数据：\n洪胜1球2助\n福子1球\n猫儿2门（战报）\n戴壮3球1助\n杨涛1球\n曹枫1球1助\n王凌云1球2助\n黄鑫1球\n严帅2门\n小房1助\n木头1球1助','942b0614-06e4-4e35-acd8-52f806a9a5c7','2025-11-23 13:12:39',1,1,3,6,9,NULL,0),('8d7ea9c2-8c72-4d13-bccc-a6ed2adc3cd9','4af19f47-c436-11f0-b163-525400735d47',9,5,'b6ab3e9b-7bd7-468f-ae54-51c7675831e3',0,NULL,NULL,NULL,'[\"003d0cec-2665-4655-82aa-198784fd2886\", \"9c0ccbee-c7a4-4da5-9147-7e117f9eb16a\", \"37a97715-d228-479b-a032-e04e24b43ae7\", \"180d92e2-5a13-450e-97ea-9e19283c860b\"]',NULL,'何锐复出助嘉陵\n10月8日，两江超级联赛第三轮，长江1:4嘉陵江。地点：国博体育场。\n到场人员：李强，福子，曹枫，戴壮，陈然，邱帅，陈奇，剑桥，洪胜，王凌云，施毅，木头，刘立希，孔祥宇，马培才，黄波，史地，海川，何锐。\n嘉陵江队除了一节丢了3个连追2个告负外，其他三节全胜。\n101换装加入长江队，担当中场核心。福子在后场的调度非常精准，可惜陈先锋浪费了福子几个助攻，门前多次离奇不进。曹老板效率好多了，边路两脚打门进了两个，发任意球还有模有样很在线。戴壮从门将解放出来，担当了攻城锤角色，和福子冲吊连线，多次进球。但是在与小孔拼速度时例外。何锐复出，先从门将开始，曾经吓飞陈然射门，然后打边路，很有灵性的传中让川哥吃饼。剑桥是当场最大mvp，几次打进高难度进球，当然，打完后摔还是摔了。和猫儿的矛盾之争肯定占了上风，但是猫儿不仅用胳膊攻击了剑桥眼睛（无意的），还用慢节奏的出腿踢了剑桥小腿（无心的），最后用护腿板当成飞镖（手滑了）。洪胜打进剑桥造的点球，助攻史地进了一球。因为小孔的归属，两边争了一整场。','942b0614-06e4-4e35-acd8-52f806a9a5c7','2025-11-18 04:30:43',1,4,1,9,5,NULL,0),('a9259e6a-41c1-4ab5-be91-ed74694188c6','aa3eb715-c42e-11f0-b163-525400735d47',5,2,'b6ab3e9b-7bd7-468f-ae54-51c7675831e3',0,NULL,NULL,NULL,'[\"d2f05391-e6e4-4109-a0ef-47631700cb69\", \"8cf4f261-5ddb-446b-9064-dacbe9c59f1f\", \"370f143c-17fe-4df4-b2d6-f75ed4a97a99\", \"7dda9b5f-62ca-4e98-a44d-943cb982c684\"]',NULL,'两江超级联赛开锣\n9月20日，第九季红牛对抗赛暨第一届两江超级联赛第①场。由曾鹏率领的嘉陵摩托（红）对阵由李强带队的长江黄河（花）。\n到场人员：李洪胜，刘丘科，木头，施毅，老马，杨涛，黄波，杨文华，海川，黑子，小黑，小房，罗阳，李阳，邱帅，曹老板，陈然，戴状，王海涛，蒲海瑞，廖鹏朋友，曾鹏朋友。\n第一节杨涛海瑞资敌，对方先是一个吊射中门框弹下又弹上，到底过没过线成为悬案。但是裁判海川认为进了。摩托压上，又被偷了一个，0比2结束。\n第二节罗阳利用守门员的不当出击，在杨涛防守下禁区外推射打进。最后一秒，海川接丘科角球，头球扳平，1比1。\n第三节到了木头发挥时间，先是左路带球20多米斜射进门（真是让浪费机会的一众“球星”汗颜），然后和施毅打出经典直塞反插，巧射又进一个，梅开二度2比0。\n第四节焦灼，在洪胜被木头换下后。先是杨涛头球扭转局势，最后我方大举压上，木头压哨决定胜局第四节。','942b0614-06e4-4e35-acd8-52f806a9a5c7','2025-11-18 03:35:44',1,3,1,5,2,NULL,0),('b3e7776a-3aa4-4663-b8fe-4cd11fa68c39','fed55d17-c43b-11f0-b163-525400735d47',4,5,'b6ab3e9b-7bd7-468f-ae54-51c7675831e3',0,NULL,NULL,NULL,'[\"21a35430-9b03-4adf-9ac1-be66f1aad476\", \"84e2f056-3854-41e6-9941-25f9a428fcda\", \"7dda9b5f-62ca-4e98-a44d-943cb982c684\", \"180d92e2-5a13-450e-97ea-9e19283c860b\"]',NULL,'黑子当裁判头很大\n10月25日，两江超级联赛第四轮，比分:3:2，嘉陵江获胜。\n到场人员：花：曹枫、福子、小黑、戴壮、黄鑫、罗阳、李云鹏、黑子、猴儿。\n红：黄波、洪胜、施毅、王鑫、杨涛、木头、刘立希、门将杨鹏、杨文华、马培才、猴儿、王凌云、海川。双方各有一个猴儿。\n战况:\n第一节101和毒瘤两翼齐飞，奇怪的是花队给了很多空档给他俩。毒瘤多次传中失败，但是101的突破经过木头回做，由洪胜打进。福子多次必进球被杨涛扑出。第一节嘉陵江1:0胜。\n第二节长江队经过调整，攻势很有起色，先是福子利用猴儿上抢失误，终于推进。节末红队压上，花队戴壮反击，由罗阳打进。第二节长江2:0胜。\n第三节海川一开场就利用小刘突破造成的点球打进。但是胜果没有保住，尤其最后阶段红队一个反击，海川一脚绊倒两人，造成任意球走戴壮在后场吊射，门将杨鹏急忙回跑，已经来不及了，最终靠这个球长江2:1胜。\n第四节云鹏忍耐不住上场，嘉陵江被压制，只能反击，但是小黑几次打门没进。按情况红队该有运气了，果然对方后防几次传球失误，虽然洪胜两次打偏一次打中门柱，没有把施毅的助攻转化，但是木头的打死角，施毅的断球远射，让嘉陵江2:0领先。最后关头，裁判黑子多次懵逼，被场下噪音搞得多次反复。嘉陵江坚守，最终丢了1球，2:1守住胜果。','942b0614-06e4-4e35-acd8-52f806a9a5c7','2025-11-20 02:05:51',1,3,2,4,5,NULL,0),('dc2752a9-0e1e-47f9-9baa-e0d88774fcc2','3f2c0475-c443-11f0-b163-525400735d47',9,5,'b6ab3e9b-7bd7-468f-ae54-51c7675831e3',0,NULL,NULL,NULL,'[\"84e2f056-3854-41e6-9941-25f9a428fcda\", \"21a35430-9b03-4adf-9ac1-be66f1aad476\", \"9c0ccbee-c7a4-4da5-9147-7e117f9eb16a\", \"7dda9b5f-62ca-4e98-a44d-943cb982c684\"]',NULL,'福子最好别守门\n11月8日，两江超级联赛第六轮，比分:3:2。嘉陵江获胜。\n到场人员：\n花：曹枫，福子，阿尔恒，罗阳，聂子覃，福子带的两个小孩儿，猫儿，王鑫（借）。\n红： 杨涛，施毅，101，海川，杨文华，洪胜，黄波，木头，刘立希，史地，海瑞。\n战况：长江今天阵容非常强，不过正好8个，为后面留下伏笔。开场渝超主力后卫组合，加上阿尔恒调度，罗阳攻坚，边路小孩儿快插，很快撕破了嘉陵江防线。由罗阳打进1球，嘉陵江利用241阵型，边路小刘和101，中路杨文华和杨涛，中间洪胜和施毅，海川突前。花队打得红队几乎前20分钟几乎没有进攻，很快长江又进1球。2比0领先。这时，嘉陵江稳扎稳打，先是海川回做洪胜远射打进死角，2比1，本节最后一刻小刘远射打进，嘉陵江绝平。2比2。\n第二节花队保持阵容，只是福子守门。红队轮换，木头、黄波、海瑞、史地换下洪胜、海川、毒瘤和小刘。福子开场送大礼，误判让海瑞传中进门，接着门前混战，嘉陵江再进1球。红队顽强扳回1球后，木头打进1球，嘉陵江3比1领先。最后双方各进1球，4比2嘉陵江胜。\n第三节王鑫加入对方，替换先走的罗阳。红队中卫是杨文华和木头。花队志在必胜，福子授意前锋加大力度，花队连进3球，而红队坚决不放弃，先是洪胜突破后传海川推进，接着节末再进1个。长江3比2胜。\n第四节决战。101传中，洪胜抽射打高，遗憾错失。很快小聂头球砸进，长江1比0领先。不过幸运星木头发威，禁区外推射扳平。嘉陵江乘胜追击，洪胜接小刘左路倒三角，打进世界波。2比1。施毅反击再进，3比1。虽然福子后来插上，扳回1球，但是红队海瑞替下黄波，继续保持防守强队。拿下比赛。','942b0614-06e4-4e35-acd8-52f806a9a5c7','2025-11-20 02:11:03',1,3,1,11,6,NULL,0),('e8559ad7-073b-4941-bd89-6e45bc365ba0','b474ed84-c440-11f0-b163-525400735d47',7,8,'281a79c2-e10a-4bfa-8dc8-def0b7b7580a',1,1,3,'281a79c2-e10a-4bfa-8dc8-def0b7b7580a','[\"9c0ccbee-c7a4-4da5-9147-7e117f9eb16a\", \"8cf4f261-5ddb-446b-9064-dacbe9c59f1f\", \"84e2f056-3854-41e6-9941-25f9a428fcda\", \"d2f05391-e6e4-4109-a0ef-47631700cb69\"]',NULL,'小孩儿哥很管用\n11月1日，两江超级联赛第五轮，第一节1比1，第二节1比0，第三节5比1，第四节4比5（长江在前），点球3比1。\n到场队员：\n长江：李强，云鹏，福子，小黑，曹枫，猫儿，邱帅，小张欣，小福子。\n嘉陵：杨涛，木头，101，海川，杨文华，黄波父子，海瑞，洪胜，史地，猴儿。\n福子带来了两个东川7中的高二球员，确实专业，水平很高。\n第一节开场101倒三角，洪胜禁区外打进，杨涛多次扑救，最后关头云鹏打进扳平。\n第二节开场花队先声夺人，禁区外推死角，并把比分保持到最后。嘉陵江也有机会扳平，洪胜传中川哥顶偏，更离谱的是后来史地门前半米没推进（走路撞进去也可以啊！），推到另外一边去了。\n第三节猴儿休息，对方俩高中生发力，很快打了嘉陵江一个4比0，黄波推射挽回颜面，长江小黑打进，最后5比1领先2个局分进入第四节。\n第四节云鹏守门，曹老板休息，福子上来，俩高中生打后面。这给了嘉陵江机会，先是101进球，接着杨文华做球，木头中路推进，嘉陵江2球领先。长江把高中生前移，利用木头传球失误打进1球，1比2。但是木头很快将功补过，后场吊射云鹏，进了！1比3。后面10分钟高中生们彻底打开，加上福子也在中场吊射杨涛进球，把比分反超到了4比3，眼看就要胜利到手。但是先是木头再进一球，上演帽子戏法，4比4。最后一分钟，川哥中场顶住福子，球顶给洪胜，猫儿不小心漏过，洪胜得球面对出击的云鹏推远角，4比5。嘉陵江绝杀进入点球。点球中嘉陵江101、海瑞、海川和长江一个高中生打飞，嘉陵江惜败。','942b0614-06e4-4e35-acd8-52f806a9a5c7','2025-11-20 11:04:18',1,2,2,7,8,NULL,0),('fc838777-f729-4583-9eba-bd2db23c2197','5514dd79-c447-11f0-b163-525400735d47',5,6,'b6ab3e9b-7bd7-468f-ae54-51c7675831e3',1,5,4,'b6ab3e9b-7bd7-468f-ae54-51c7675831e3','[\"003d0cec-2665-4655-82aa-198784fd2886\", \"fe6aebef-6f31-4cc1-baa0-4131c267d5f8\"]',NULL,'长江v.s嘉陵江。第一节0比1，第二节2比0，第三节2比2，第四节2比2。点球4比5。\n长江队员：李强，曹枫，云鹏，丁丁，陈然，黄展，小黑，小黑朋友，永健。\n嘉陵球员：银河，丘科，海川，杨涛，猴儿，王鑫，101，黄波父子，海瑞，木头，洪胜，杨鹏。\n第一节丁丁多次喂球云鹏，云鹏两次空门拌蒜，丁丁不禁埋怨“应该让小鹏哥回来打门将”，此处小黑表示同意。黄展看不下去，让云鹏和自己换个位置。红队几乎让长江形不成进攻，但是威胁机会也几乎没有，最后木头一个神仙球打进，1球小胜。小刘表现亮眼。\n第二节海川、101、黄波、银河替换木头、海瑞、小刘等上场。前场多次掉球造成被长江反击，终于被黄展抓住机会，一脚远射打进，这球是边路打得近角，守门员很懊悔。最后云鹏又抓住一次反击打进，2比0长江拿下胜利，大比分拉平。\n第三节很戏剧，黄展很快远射打进1球，银河以及后面换上的剑桥，包括木头/101，总之就是各种打不进。中后卫杨涛看不下去了，上去抡了一脚，远射打进扳平。紧接着黄展又过了门将后进球领先，比赛已经接近尾声，杨涛再次上前，自己传球自己接应，卧射打进，2比2。\n第四节，丘科和王鑫睡醒了，都上了场。丘科两次调度剑桥，剑桥都是卡住身位，在左路斜射打进，嘉陵江2比0领先。还剩7分钟，小黑多次突破海瑞，解放后确实不一样。两次倒三角，云鹏突然醒悟，两次把握住机会打进，2比2平。最后一刻，杨涛再次插上，接到洪胜传球，一脚捅射，又快又平，可惜被门将李强扑出，差点又当英雄。哨响，进入点球。\n第一轮嘉陵江小黄打丢，后面剑桥，丘科，猴儿都打进。长江丁丁，曹枫，外援和小黑也打进。黄展最后罚，只要打进就赢，全场mvp的呼声下，他踢偏，接着洪胜打进（打到门柱弹回到黄展身上又弹回网窝），前五轮又平。第六轮李强打丢，王鑫踢进。嘉陵江在一场极其焦灼的比赛中获胜。','942b0614-06e4-4e35-acd8-52f806a9a5c7','2025-11-20 02:06:11',1,1,1,5,6,NULL,0);
/*!40000 ALTER TABLE `match_results` ENABLE KEYS */;
UNLOCK TABLES;

--
-- Table structure for table `matches`
--

DROP TABLE IF EXISTS `matches`;
/*!40101 SET @saved_cs_client     = @@character_set_client */;
/*!50503 SET character_set_client = utf8mb4 */;
CREATE TABLE `matches` (
  `id` varchar(36) CHARACTER SET utf8mb4 COLLATE utf8mb4_0900_ai_ci NOT NULL COMMENT '比赛ID',
  `title` varchar(100) CHARACTER SET utf8mb4 COLLATE utf8mb4_0900_ai_ci NOT NULL COMMENT '比赛标题',
  `team1_id` varchar(36) CHARACTER SET utf8mb4 COLLATE utf8mb4_0900_ai_ci NOT NULL COMMENT '队伍1 ID',
  `team2_id` varchar(36) CHARACTER SET utf8mb4 COLLATE utf8mb4_0900_ai_ci NOT NULL COMMENT '队伍2 ID',
  `match_date` timestamp NOT NULL COMMENT '比赛时间',
  `location` varchar(100) CHARACTER SET utf8mb4 COLLATE utf8mb4_0900_ai_ci DEFAULT NULL COMMENT '比赛地点',
  `description` text CHARACTER SET utf8mb4 COLLATE utf8mb4_0900_ai_ci COMMENT '比赛说明',
  `status` enum('upcoming','registration','lineup_set','in_progress','completed','cancelled') CHARACTER SET utf8mb4 COLLATE utf8mb4_0900_ai_ci DEFAULT 'upcoming' COMMENT '比赛状态',
  `registration_deadline` timestamp NULL DEFAULT NULL COMMENT '报名截止时间',
  `max_players_per_team` int DEFAULT '11' COMMENT '每队最多报名人数',
  `created_by` varchar(36) CHARACTER SET utf8mb4 COLLATE utf8mb4_0900_ai_ci DEFAULT NULL COMMENT '创建者ID',
  `created_at` timestamp NULL DEFAULT CURRENT_TIMESTAMP COMMENT '创建时间',
  `updated_at` timestamp NULL DEFAULT CURRENT_TIMESTAMP ON UPDATE CURRENT_TIMESTAMP COMMENT '更新时间',
  `quarter_system` tinyint(1) DEFAULT '0' COMMENT '是否使用4节制（true=4节制，false=传统全场制）',
  `final_team1_score` int DEFAULT '0' COMMENT '队伍1最终得分（4节制累计分数）',
  `final_team2_score` int DEFAULT '0' COMMENT '队伍2最终得分（4节制累计分数）',
  `season_id` varchar(36) CHARACTER SET utf8mb4 COLLATE utf8mb4_0900_ai_ci DEFAULT NULL COMMENT '所属赛季ID',
  PRIMARY KEY (`id`) USING BTREE,
  KEY `created_by` (`created_by`) USING BTREE,
  KEY `idx_match_date` (`match_date`) USING BTREE,
  KEY `idx_status` (`status`) USING BTREE,
  KEY `idx_team1` (`team1_id`) USING BTREE,
  KEY `idx_team2` (`team2_id`) USING BTREE,
  KEY `idx_season_id` (`season_id`) USING BTREE,
  CONSTRAINT `fk_matches_season` FOREIGN KEY (`season_id`) REFERENCES `seasons` (`id`) ON DELETE SET NULL ON UPDATE CASCADE,
  CONSTRAINT `matches_ibfk_1` FOREIGN KEY (`team1_id`) REFERENCES `teams` (`id`) ON DELETE RESTRICT ON UPDATE RESTRICT,
  CONSTRAINT `matches_ibfk_2` FOREIGN KEY (`team2_id`) REFERENCES `teams` (`id`) ON DELETE RESTRICT ON UPDATE RESTRICT,
  CONSTRAINT `matches_ibfk_3` FOREIGN KEY (`created_by`) REFERENCES `users` (`id`) ON DELETE RESTRICT ON UPDATE RESTRICT
) ENGINE=InnoDB DEFAULT CHARSET=utf8mb4 COLLATE=utf8mb4_0900_ai_ci ROW_FORMAT=DYNAMIC COMMENT='比赛表';
/*!40101 SET character_set_client = @saved_cs_client */;

--
-- Dumping data for table `matches`
--

LOCK TABLES `matches` WRITE;
/*!40000 ALTER TABLE `matches` DISABLE KEYS */;
INSERT INTO `matches` VALUES ('3b05c8af-c4a8-47a4-a789-15d5c63ffc3d','第一届两江超级联赛 第9场','b6ab3e9b-7bd7-468f-ae54-51c7675831e3','281a79c2-e10a-4bfa-8dc8-def0b7b7580a','2025-11-22 00:00:00','轨道交通大竹林基地','最后两场，争取拿下','completed',NULL,8,'407b88e4-d9cf-4c78-bff5-85e4fa868eca','2025-11-19 04:40:01','2025-11-23 13:12:24',1,1,3,'ed6cba6b-5e8e-4985-a674-e2d8701a1171'),('3f2c0475-c443-11f0-b163-525400735d47','第一届两江超级联赛 第7场','b6ab3e9b-7bd7-468f-ae54-51c7675831e3','281a79c2-e10a-4bfa-8dc8-def0b7b7580a','2024-11-08 00:00:00','轨道交通大竹林基地','','completed',NULL,8,NULL,'2025-11-18 05:55:55','2025-11-20 02:11:01',1,3,1,'ed6cba6b-5e8e-4985-a674-e2d8701a1171'),('4af19f47-c436-11f0-b163-525400735d47','第一届两江超级联赛 第3场','b6ab3e9b-7bd7-468f-ae54-51c7675831e3','281a79c2-e10a-4bfa-8dc8-def0b7b7580a','2024-10-08 00:00:00','国博青少年体育中心','','completed',NULL,8,NULL,'2025-11-18 04:23:11','2025-11-18 04:29:05',1,4,1,'ed6cba6b-5e8e-4985-a674-e2d8701a1171'),('4c78f684-c439-11f0-b163-525400735d47','第一届两江超级联赛 第4场','b6ab3e9b-7bd7-468f-ae54-51c7675831e3','281a79c2-e10a-4bfa-8dc8-def0b7b7580a','2024-10-12 00:00:00','轨道交通大竹林基地','','completed',NULL,8,NULL,'2025-11-18 04:44:42','2025-11-18 04:56:51',1,3,0,'ed6cba6b-5e8e-4985-a674-e2d8701a1171'),('5514dd79-c447-11f0-b163-525400735d47','第一届两江超级联赛 第8场','b6ab3e9b-7bd7-468f-ae54-51c7675831e3','281a79c2-e10a-4bfa-8dc8-def0b7b7580a','2024-11-15 00:00:00','轨道交通大竹林基地','','completed',NULL,8,NULL,'2025-11-18 06:25:09','2025-11-18 06:29:57',1,1,1,'ed6cba6b-5e8e-4985-a674-e2d8701a1171'),('5cb22fa6-c432-11f0-b163-525400735d47','第一届两江超级联赛 第2场','b6ab3e9b-7bd7-468f-ae54-51c7675831e3','281a79c2-e10a-4bfa-8dc8-def0b7b7580a','2024-09-27 00:00:00','轨道交通大竹林基地','','completed',NULL,8,NULL,'2025-11-18 03:55:03','2025-11-20 01:55:48',1,3,2,'ed6cba6b-5e8e-4985-a674-e2d8701a1171'),('a9840366-bbbc-4114-826e-32f3f723d4b9','第一届两江超级联赛 第10场','281a79c2-e10a-4bfa-8dc8-def0b7b7580a','b6ab3e9b-7bd7-468f-ae54-51c7675831e3','2025-11-29 00:00:00','轨道交通大竹林基地','两江超级联赛最后一场，射手，助攻，MVP前三都有奖品！！！数据如果一样按照出勤率排位','registration',NULL,8,'407b88e4-d9cf-4c78-bff5-85e4fa868eca','2025-11-26 03:46:31','2025-11-26 03:46:31',1,0,0,'ed6cba6b-5e8e-4985-a674-e2d8701a1171'),('aa3eb715-c42e-11f0-b163-525400735d47','第一届两江超级联赛 第1场','b6ab3e9b-7bd7-468f-ae54-51c7675831e3','281a79c2-e10a-4bfa-8dc8-def0b7b7580a','2024-09-20 00:00:00','轨道交通大竹林基地','','completed',NULL,8,NULL,'2025-11-18 03:28:35','2025-11-18 03:40:29',1,3,1,'ed6cba6b-5e8e-4985-a674-e2d8701a1171'),('b474ed84-c440-11f0-b163-525400735d47','第一届两江超级联赛 第6场','b6ab3e9b-7bd7-468f-ae54-51c7675831e3','281a79c2-e10a-4bfa-8dc8-def0b7b7580a','2024-11-01 00:00:00','轨道交通大竹林基地','','completed',NULL,8,NULL,'2025-11-18 05:37:43','2025-11-20 11:04:08',1,2,2,'ed6cba6b-5e8e-4985-a674-e2d8701a1171'),('fed55d17-c43b-11f0-b163-525400735d47','第一届两江超级联赛 第5场','b6ab3e9b-7bd7-468f-ae54-51c7675831e3','281a79c2-e10a-4bfa-8dc8-def0b7b7580a','2024-10-25 00:00:00','轨道交通大竹林基地','','completed',NULL,8,NULL,'2025-11-18 05:04:00','2025-11-18 05:16:38',1,3,2,'ed6cba6b-5e8e-4985-a674-e2d8701a1171');
/*!40000 ALTER TABLE `matches` ENABLE KEYS */;
UNLOCK TABLES;

--
-- Table structure for table `notices`
--

DROP TABLE IF EXISTS `notices`;
/*!40101 SET @saved_cs_client     = @@character_set_client */;
/*!50503 SET character_set_client = utf8mb4 */;
CREATE TABLE `notices` (
  `id` varchar(36) CHARACTER SET utf8mb4 COLLATE utf8mb4_0900_ai_ci NOT NULL COMMENT '公告ID',
  `title` varchar(100) CHARACTER SET utf8mb4 COLLATE utf8mb4_0900_ai_ci NOT NULL COMMENT '标题',
  `content` text CHARACTER SET utf8mb4 COLLATE utf8mb4_0900_ai_ci NOT NULL COMMENT '内容',
  `type` enum('announcement','match','team','system') CHARACTER SET utf8mb4 COLLATE utf8mb4_0900_ai_ci DEFAULT 'announcement' COMMENT '类型',
  `priority` enum('low','medium','high') CHARACTER SET utf8mb4 COLLATE utf8mb4_0900_ai_ci DEFAULT 'medium' COMMENT '优先级',
  `is_pinned` tinyint(1) DEFAULT '0' COMMENT '是否置顶',
  `publisher_id` varchar(36) CHARACTER SET utf8mb4 COLLATE utf8mb4_0900_ai_ci NOT NULL COMMENT '发布者ID',
  `published_at` timestamp NULL DEFAULT CURRENT_TIMESTAMP COMMENT '发布时间',
  `expires_at` timestamp NULL DEFAULT NULL COMMENT '过期时间',
  `view_count` int DEFAULT '0' COMMENT '查看次数',
  PRIMARY KEY (`id`) USING BTREE,
  KEY `publisher_id` (`publisher_id`) USING BTREE,
  KEY `idx_type` (`type`) USING BTREE,
  KEY `idx_published` (`published_at`) USING BTREE,
  KEY `idx_pinned` (`is_pinned`) USING BTREE,
  CONSTRAINT `notices_ibfk_1` FOREIGN KEY (`publisher_id`) REFERENCES `users` (`id`) ON DELETE RESTRICT ON UPDATE RESTRICT
) ENGINE=InnoDB DEFAULT CHARSET=utf8mb4 COLLATE=utf8mb4_0900_ai_ci ROW_FORMAT=DYNAMIC COMMENT='公告表';
/*!40101 SET character_set_client = @saved_cs_client */;

--
-- Dumping data for table `notices`
--

LOCK TABLES `notices` WRITE;
/*!40000 ALTER TABLE `notices` DISABLE KEYS */;
INSERT INTO `notices` VALUES ('2c3aca39-a7ba-4e5e-9554-3485fbd9ba70','Welcome','First announcement','announcement','high',1,'4b715272-e350-47bf-b436-b0fe8ecfb386','2025-10-16 08:15:17',NULL,1);
/*!40000 ALTER TABLE `notices` ENABLE KEYS */;
UNLOCK TABLES;

--
-- Table structure for table `notifications`
--

DROP TABLE IF EXISTS `notifications`;
/*!40101 SET @saved_cs_client     = @@character_set_client */;
/*!50503 SET character_set_client = utf8mb4 */;
CREATE TABLE `notifications` (
  `id` varchar(36) CHARACTER SET utf8mb4 COLLATE utf8mb4_unicode_ci NOT NULL,
  `user_id` varchar(36) CHARACTER SET utf8mb4 COLLATE utf8mb4_unicode_ci NOT NULL,
  `type` enum('achievement','match','system') CHARACTER SET utf8mb4 COLLATE utf8mb4_unicode_ci NOT NULL DEFAULT 'system',
  `title` varchar(200) CHARACTER SET utf8mb4 COLLATE utf8mb4_unicode_ci NOT NULL,
  `content` text CHARACTER SET utf8mb4 COLLATE utf8mb4_unicode_ci,
  `data` json DEFAULT NULL,
  `is_read` tinyint(1) DEFAULT '0',
  `is_shown` tinyint(1) DEFAULT '0',
  `created_at` datetime DEFAULT CURRENT_TIMESTAMP,
  PRIMARY KEY (`id`) USING BTREE,
  KEY `idx_user_read` (`user_id`,`is_read`) USING BTREE,
  KEY `idx_user_shown` (`user_id`,`is_shown`) USING BTREE,
  KEY `idx_created_at` (`created_at`) USING BTREE
) ENGINE=InnoDB DEFAULT CHARSET=utf8mb4 COLLATE=utf8mb4_unicode_ci ROW_FORMAT=DYNAMIC;
/*!40101 SET character_set_client = @saved_cs_client */;

--
-- Dumping data for table `notifications`
--

LOCK TABLES `notifications` WRITE;
/*!40000 ALTER TABLE `notifications` DISABLE KEYS */;
INSERT INTO `notifications` VALUES ('06a08ad9-240f-4e70-b11b-46e3bbfffd55','8cf5f4ad-3159-41e2-942f-b77804afe972','achievement','Achievement Unlocked!','Congratulations! You have achieved 帽子戏法 for the 8 time this season!','{\"unlockCount\": 8, \"achievementId\": \"3dbd056d-3118-4710-80ca-47d708c69625\", \"achievementCode\": \"hat_trick\", \"achievementIcon\": \"/static/images/hat-trick.png\", \"achievementName\": \"帽子戏法\"}',0,0,'2025-11-20 10:06:11'),('081b1eb4-e14c-4a85-b47e-25e886e39bf6','180d92e2-5a13-450e-97ea-9e19283c860b','achievement','Achievement Unlocked!','Congratulations! You have unlocked the achievement: 全勤奖!','{\"unlockCount\": 1, \"achievementId\": \"467aaca6-8016-4703-a1e1-4d2d05061994\", \"achievementCode\": \"perfect_attendance\", \"achievementIcon\": \"/static/images/perfect-attendence.png\", \"achievementName\": \"全勤奖\"}',0,0,'2025-11-18 11:35:44'),('0c439402-1d48-4cd5-b54c-c5586546a234','277dc273-6b68-4d68-8414-3f2672278a6e','achievement','Achievement Unlocked!','Congratulations! You have achieved 帽子戏法 for the 4 time this season!','{\"unlockCount\": 4, \"achievementId\": \"3dbd056d-3118-4710-80ca-47d708c69625\", \"achievementCode\": \"hat_trick\", \"achievementIcon\": \"/static/images/hat-trick.png\", \"achievementName\": \"帽子戏法\"}',0,0,'2025-11-18 12:16:08'),('0dfce0ca-411f-407b-91eb-5d808a042ba6','8cf5f4ad-3159-41e2-942f-b77804afe972','achievement','Achievement Unlocked!','Congratulations! You have achieved 帽子戏法 for the 2 time this season!','{\"unlockCount\": 2, \"achievementId\": \"3dbd056d-3118-4710-80ca-47d708c69625\", \"achievementCode\": \"hat_trick\", \"achievementIcon\": \"/static/images/hat-trick.png\", \"achievementName\": \"帽子戏法\"}',0,0,'2025-11-18 14:37:25'),('1497bb84-8a27-4a21-a574-f2e45766e9cb','fe6aebef-6f31-4cc1-baa0-4131c267d5f8','achievement','Achievement Unlocked!','Congratulations! You have achieved 帽子戏法 for the 7 time this season!','{\"unlockCount\": 7, \"achievementId\": \"3dbd056d-3118-4710-80ca-47d708c69625\", \"achievementCode\": \"hat_trick\", \"achievementIcon\": \"/static/images/hat-trick.png\", \"achievementName\": \"帽子戏法\"}',0,0,'2025-11-18 15:01:33'),('175fdad7-0ad8-4bdd-945a-7feacf399d37','1ab26cea-e054-4500-a4a9-14b9b82239ad','achievement','Achievement Unlocked!','Congratulations! You have unlocked the achievement: 全勤奖!','{\"unlockCount\": 1, \"achievementId\": \"467aaca6-8016-4703-a1e1-4d2d05061994\", \"achievementCode\": \"perfect_attendance\", \"achievementIcon\": \"/static/images/perfect-attendence.png\", \"achievementName\": \"全勤奖\"}',0,0,'2025-11-18 11:35:44'),('18fe96b0-772b-4728-a8b9-77650c87ae31','21a35430-9b03-4adf-9ac1-be66f1aad476','achievement','Achievement Unlocked!','Congratulations! You have achieved 帽子戏法 for the 4 time this season!','{\"unlockCount\": 4, \"achievementId\": \"3dbd056d-3118-4710-80ca-47d708c69625\", \"achievementCode\": \"hat_trick\", \"achievementIcon\": \"/static/images/hat-trick.png\", \"achievementName\": \"帽子戏法\"}',0,0,'2025-11-20 10:10:45'),('1a39a2dc-cbf5-4ed2-95c4-0936aeb50b9a','41097aab-54bd-4800-84cf-f79e8f7d3d2b','achievement','Achievement Unlocked!','Congratulations! You have unlocked the achievement: 全勤奖!','{\"unlockCount\": 1, \"achievementId\": \"467aaca6-8016-4703-a1e1-4d2d05061994\", \"achievementCode\": \"perfect_attendance\", \"achievementIcon\": \"/static/images/perfect-attendence.png\", \"achievementName\": \"全勤奖\"}',0,0,'2025-11-18 11:35:44'),('1d7d3748-29b9-4850-8623-157f5a1cd64e','fe6aebef-6f31-4cc1-baa0-4131c267d5f8','achievement','Achievement Unlocked!','Congratulations! You have achieved 帽子戏法 for the 6 time this season!','{\"unlockCount\": 6, \"achievementId\": \"3dbd056d-3118-4710-80ca-47d708c69625\", \"achievementCode\": \"hat_trick\", \"achievementIcon\": \"/static/images/hat-trick.png\", \"achievementName\": \"帽子戏法\"}',0,0,'2025-11-18 15:00:54'),('1fb7f015-6eb4-408a-95ea-9c8d68a6a6b8','fe6aebef-6f31-4cc1-baa0-4131c267d5f8','achievement','Achievement Unlocked!','Congratulations! You have achieved 帽子戏法 for the 5 time this season!','{\"unlockCount\": 5, \"achievementId\": \"3dbd056d-3118-4710-80ca-47d708c69625\", \"achievementCode\": \"hat_trick\", \"achievementIcon\": \"/static/images/hat-trick.png\", \"achievementName\": \"帽子戏法\"}',0,0,'2025-11-18 15:00:32'),('20cee440-c460-4ffe-8560-da51449916dc','fe6aebef-6f31-4cc1-baa0-4131c267d5f8','achievement','Achievement Unlocked!','Congratulations! You have achieved 帽子戏法 for the 8 time this season!','{\"unlockCount\": 8, \"achievementId\": \"3dbd056d-3118-4710-80ca-47d708c69625\", \"achievementCode\": \"hat_trick\", \"achievementIcon\": \"/static/images/hat-trick.png\", \"achievementName\": \"帽子戏法\"}',0,0,'2025-11-20 10:06:11'),('248d7ff4-30be-44fa-9c5f-dfa64c190d90','d2f05391-e6e4-4109-a0ef-47631700cb69','achievement','Achievement Unlocked!','Congratulations! You have achieved 帽子戏法 for the 3 time this season!','{\"unlockCount\": 3, \"achievementId\": \"3dbd056d-3118-4710-80ca-47d708c69625\", \"achievementCode\": \"hat_trick\", \"achievementIcon\": \"/static/images/hat-trick.png\", \"achievementName\": \"帽子戏法\"}',0,0,'2025-11-18 14:11:12'),('254c0f60-875e-40b7-b192-09cbfeb281ae','003d0cec-2665-4655-82aa-198784fd2886','achievement','Achievement Unlocked!','Congratulations! You have achieved 帽子戏法 for the 2 time this season!','{\"unlockCount\": 2, \"achievementId\": \"3dbd056d-3118-4710-80ca-47d708c69625\", \"achievementCode\": \"hat_trick\", \"achievementIcon\": \"/static/images/hat-trick.png\", \"achievementName\": \"帽子戏法\"}',0,0,'2025-11-18 12:30:08'),('25e6f562-fe7b-4b96-81cf-c04f8008f562','71d7ab1d-1674-4f0f-8a81-d0348f45ed83','achievement','Achievement Unlocked!','Congratulations! You have unlocked the achievement: 全勤奖!','{\"unlockCount\": 1, \"achievementId\": \"467aaca6-8016-4703-a1e1-4d2d05061994\", \"achievementCode\": \"perfect_attendance\", \"achievementIcon\": \"/static/images/perfect-attendence.png\", \"achievementName\": \"全勤奖\"}',0,0,'2025-11-18 11:35:44'),('27ef365e-2f71-41e8-8a91-c007e458e1f2','21a35430-9b03-4adf-9ac1-be66f1aad476','achievement','Achievement Unlocked!','Congratulations! You have achieved 帽子戏法 for the 2 time this season!','{\"unlockCount\": 2, \"achievementId\": \"3dbd056d-3118-4710-80ca-47d708c69625\", \"achievementCode\": \"hat_trick\", \"achievementIcon\": \"/static/images/hat-trick.png\", \"achievementName\": \"帽子戏法\"}',0,0,'2025-11-18 14:13:55'),('29f4ee36-e2aa-48e1-ad60-148517845cdd','fe6aebef-6f31-4cc1-baa0-4131c267d5f8','achievement','Achievement Unlocked!','Congratulations! You have achieved 帽子戏法 for the 2 time this season!','{\"unlockCount\": 2, \"achievementId\": \"3dbd056d-3118-4710-80ca-47d708c69625\", \"achievementCode\": \"hat_trick\", \"achievementIcon\": \"/static/images/hat-trick.png\", \"achievementName\": \"帽子戏法\"}',0,0,'2025-11-18 14:37:25'),('2a28adb1-57ac-4a12-b14e-7b6a98ea7663','8cf5f4ad-3159-41e2-942f-b77804afe972','achievement','Achievement Unlocked!','Congratulations! You have achieved 帽子戏法 for the 7 time this season!','{\"unlockCount\": 7, \"achievementId\": \"3dbd056d-3118-4710-80ca-47d708c69625\", \"achievementCode\": \"hat_trick\", \"achievementIcon\": \"/static/images/hat-trick.png\", \"achievementName\": \"帽子戏法\"}',0,0,'2025-11-18 15:01:33'),('2f3bfb2f-7e5d-4a7e-9f81-248a1e781018','7fbeef0d-dd93-457b-a259-16e869430e28','achievement','Achievement Unlocked!','Congratulations! You have unlocked the achievement: 全勤奖!','{\"unlockCount\": 1, \"achievementId\": \"467aaca6-8016-4703-a1e1-4d2d05061994\", \"achievementCode\": \"perfect_attendance\", \"achievementIcon\": \"/static/images/perfect-attendence.png\", \"achievementName\": \"全勤奖\"}',0,0,'2025-11-18 11:35:44'),('30bddc10-081b-4fef-a694-c0ef894e3316','9bb0beb2-1810-466e-9e60-713a82f2c6df','achievement','Achievement Unlocked!','Congratulations! You have unlocked the achievement: 全勤奖!','{\"unlockCount\": 1, \"achievementId\": \"467aaca6-8016-4703-a1e1-4d2d05061994\", \"achievementCode\": \"perfect_attendance\", \"achievementIcon\": \"/static/images/perfect-attendence.png\", \"achievementName\": \"全勤奖\"}',0,0,'2025-11-18 11:35:44'),('310fb187-592e-453e-af5c-c808ad6dbc2c','8cf5f4ad-3159-41e2-942f-b77804afe972','achievement','Achievement Unlocked!','Congratulations! You have unlocked the achievement: 帽子戏法!','{\"unlockCount\": 1, \"achievementId\": \"3dbd056d-3118-4710-80ca-47d708c69625\", \"achievementCode\": \"hat_trick\", \"achievementIcon\": \"/static/images/hat-trick.png\", \"achievementName\": \"帽子戏法\"}',0,0,'2025-11-18 14:30:35'),('37c53c42-16ec-4ed2-b198-a94530b3f944','407b88e4-d9cf-4c78-bff5-85e4fa868eca','achievement','Achievement Unlocked!','Congratulations! You have unlocked the achievement: 全勤奖!','{\"unlockCount\": 1, \"achievementId\": \"467aaca6-8016-4703-a1e1-4d2d05061994\", \"achievementCode\": \"perfect_attendance\", \"achievementIcon\": \"/static/images/perfect-attendence.png\", \"achievementName\": \"全勤奖\"}',0,0,'2025-11-18 11:35:44'),('434d326c-9317-4e5d-ab11-56c429fba3d4','21a35430-9b03-4adf-9ac1-be66f1aad476','achievement','Achievement Unlocked!','Congratulations! You have unlocked the achievement: 全勤奖!','{\"unlockCount\": 1, \"achievementId\": \"467aaca6-8016-4703-a1e1-4d2d05061994\", \"achievementCode\": \"perfect_attendance\", \"achievementIcon\": \"/static/images/perfect-attendence.png\", \"achievementName\": \"全勤奖\"}',0,0,'2025-11-18 11:35:44'),('4472afae-70c7-42fa-b3d7-eb3f53ef8f55','8cf4f261-5ddb-446b-9064-dacbe9c59f1f','achievement','Achievement Unlocked!','Congratulations! You have unlocked the achievement: 帽子戏法!','{\"unlockCount\": 1, \"achievementId\": \"3dbd056d-3118-4710-80ca-47d708c69625\", \"achievementCode\": \"hat_trick\", \"achievementIcon\": \"/static/images/hat-trick.png\", \"achievementName\": \"帽子戏法\"}',0,0,'2025-11-23 09:25:03'),('47f1c9a6-4bfe-4fc4-a010-6664fcfaa2a6','21a35430-9b03-4adf-9ac1-be66f1aad476','achievement','Achievement Unlocked!','Congratulations! You have achieved 帽子戏法 for the 5 time this season!','{\"unlockCount\": 5, \"achievementId\": \"3dbd056d-3118-4710-80ca-47d708c69625\", \"achievementCode\": \"hat_trick\", \"achievementIcon\": \"/static/images/hat-trick.png\", \"achievementName\": \"帽子戏法\"}',0,0,'2025-11-20 10:11:03'),('498269a7-db00-4214-a710-d31020be139e','003d0cec-2665-4655-82aa-198784fd2886','achievement','Achievement Unlocked!','Congratulations! You have achieved 帽子戏法 for the 4 time this season!','{\"unlockCount\": 4, \"achievementId\": \"3dbd056d-3118-4710-80ca-47d708c69625\", \"achievementCode\": \"hat_trick\", \"achievementIcon\": \"/static/images/hat-trick.png\", \"achievementName\": \"帽子戏法\"}',0,0,'2025-11-18 12:30:43'),('4bc50def-fa6d-4e02-bc69-b07158b91a1b','21a35430-9b03-4adf-9ac1-be66f1aad476','achievement','Achievement Unlocked!','Congratulations! You have unlocked the achievement: 帽子戏法!','{\"unlockCount\": 1, \"achievementId\": \"3dbd056d-3118-4710-80ca-47d708c69625\", \"achievementCode\": \"hat_trick\", \"achievementIcon\": \"/static/images/hat-trick.png\", \"achievementName\": \"帽子戏法\"}',0,0,'2025-11-18 14:09:26'),('4f04039b-cbd3-4321-bbd7-75cc0da25d82','277dc273-6b68-4d68-8414-3f2672278a6e','achievement','Achievement Unlocked!','Congratulations! You have achieved 帽子戏法 for the 7 time this season!','{\"unlockCount\": 7, \"achievementId\": \"3dbd056d-3118-4710-80ca-47d708c69625\", \"achievementCode\": \"hat_trick\", \"achievementIcon\": \"/static/images/hat-trick.png\", \"achievementName\": \"帽子戏法\"}',0,0,'2025-11-18 12:54:02'),('4f84564b-f699-4625-b7e1-7489f2372eb4','fe6aebef-6f31-4cc1-baa0-4131c267d5f8','achievement','Achievement Unlocked!','Congratulations! You have achieved 帽子戏法 for the 4 time this season!','{\"unlockCount\": 4, \"achievementId\": \"3dbd056d-3118-4710-80ca-47d708c69625\", \"achievementCode\": \"hat_trick\", \"achievementIcon\": \"/static/images/hat-trick.png\", \"achievementName\": \"帽子戏法\"}',0,0,'2025-11-18 14:55:58'),('4fb19043-4bce-4cf2-93d1-c2ac73b394c7','003d0cec-2665-4655-82aa-198784fd2886','achievement','Achievement Unlocked!','Congratulations! You have achieved 帽子戏法 for the 3 time this season!','{\"unlockCount\": 3, \"achievementId\": \"3dbd056d-3118-4710-80ca-47d708c69625\", \"achievementCode\": \"hat_trick\", \"achievementIcon\": \"/static/images/hat-trick.png\", \"achievementName\": \"帽子戏法\"}',0,0,'2025-11-18 12:30:31'),('5b6f18ae-80db-42f2-8a33-fc36e154f939','21a35430-9b03-4adf-9ac1-be66f1aad476','achievement','Achievement Unlocked!','Congratulations! You have achieved 帽子戏法 for the 3 time this season!','{\"unlockCount\": 3, \"achievementId\": \"3dbd056d-3118-4710-80ca-47d708c69625\", \"achievementCode\": \"hat_trick\", \"achievementIcon\": \"/static/images/hat-trick.png\", \"achievementName\": \"帽子戏法\"}',0,0,'2025-11-18 14:17:12'),('63269e8c-4a6d-4118-b099-b4753e27ccb7','8cd7500c-c95e-4f3e-b776-c9bfaa5c0235','achievement','Achievement Unlocked!','Congratulations! You have unlocked the achievement: 全勤奖!','{\"unlockCount\": 1, \"achievementId\": \"467aaca6-8016-4703-a1e1-4d2d05061994\", \"achievementCode\": \"perfect_attendance\", \"achievementIcon\": \"/static/images/perfect-attendence.png\", \"achievementName\": \"全勤奖\"}',0,0,'2025-11-18 11:35:44'),('633bf158-4c77-4dac-bab2-ed59965efd76','180d92e2-5a13-450e-97ea-9e19283c860b','achievement','Achievement Unlocked!','Congratulations! You have unlocked the achievement: 帽子戏法!','{\"unlockCount\": 1, \"achievementId\": \"3dbd056d-3118-4710-80ca-47d708c69625\", \"achievementCode\": \"hat_trick\", \"achievementIcon\": \"/static/images/hat-trick.png\", \"achievementName\": \"帽子戏法\"}',0,0,'2025-11-23 09:25:03'),('677e1579-d397-433e-b5e9-dea0b653c3f0','d2f05391-e6e4-4109-a0ef-47631700cb69','achievement','Achievement Unlocked!','Congratulations! You have unlocked the achievement: 进球机器!','{\"unlockCount\": 1, \"achievementId\": \"1419c44b-ced4-4c8f-86e8-06ff3f3231c7\", \"achievementCode\": \"goal_machine\", \"achievementIcon\": \"/static/images/goal-machine.png\", \"achievementName\": \"进球机器\"}',0,0,'2025-11-18 14:04:25'),('687e7c5d-0110-482a-81b1-ebb36068e223','d2f05391-e6e4-4109-a0ef-47631700cb69','achievement','Achievement Unlocked!','Congratulations! You have unlocked the achievement: 帽子戏法!','{\"unlockCount\": 1, \"achievementId\": \"3dbd056d-3118-4710-80ca-47d708c69625\", \"achievementCode\": \"hat_trick\", \"achievementIcon\": \"/static/images/hat-trick.png\", \"achievementName\": \"帽子戏法\"}',0,0,'2025-11-18 11:35:44'),('6ab8d7d4-2879-46fb-89e8-5eddda7b4192','9c0ccbee-c7a4-4da5-9147-7e117f9eb16a','achievement','Achievement Unlocked!','Congratulations! You have unlocked the achievement: 帽子戏法!','{\"unlockCount\": 1, \"achievementId\": \"3dbd056d-3118-4710-80ca-47d708c69625\", \"achievementCode\": \"hat_trick\", \"achievementIcon\": \"/static/images/hat-trick.png\", \"achievementName\": \"帽子戏法\"}',0,0,'2025-11-18 13:15:14'),('77ccbf28-c6c9-4820-88ad-64fe474b7c46','003d0cec-2665-4655-82aa-198784fd2886','achievement','Achievement Unlocked!','Congratulations! You have unlocked the achievement: 帽子戏法!','{\"unlockCount\": 1, \"achievementId\": \"3dbd056d-3118-4710-80ca-47d708c69625\", \"achievementCode\": \"hat_trick\", \"achievementIcon\": \"/static/images/hat-trick.png\", \"achievementName\": \"帽子戏法\"}',0,0,'2025-11-18 12:29:33'),('7b3b1c93-57a0-460a-a6ba-6fac37bc782d','277dc273-6b68-4d68-8414-3f2672278a6e','achievement','Achievement Unlocked!','Congratulations! You have achieved 帽子戏法 for the 9 time this season!','{\"unlockCount\": 9, \"achievementId\": \"3dbd056d-3118-4710-80ca-47d708c69625\", \"achievementCode\": \"hat_trick\", \"achievementIcon\": \"/static/images/hat-trick.png\", \"achievementName\": \"帽子戏法\"}',0,0,'2025-11-20 09:56:10'),('85e7c402-dbc7-4f9e-a419-69c4d909e5ca','e18ad310-339b-48b4-8745-58630b87ba3d','achievement','Achievement Unlocked!','Congratulations! You have unlocked the achievement: 全勤奖!','{\"unlockCount\": 1, \"achievementId\": \"467aaca6-8016-4703-a1e1-4d2d05061994\", \"achievementCode\": \"perfect_attendance\", \"achievementIcon\": \"/static/images/perfect-attendence.png\", \"achievementName\": \"全勤奖\"}',0,0,'2025-11-18 11:35:44'),('862c91b8-addd-451e-a0d4-50d7d7c0a6f1','277dc273-6b68-4d68-8414-3f2672278a6e','achievement','Achievement Unlocked!','Congratulations! You have unlocked the achievement: 全勤奖!','{\"unlockCount\": 1, \"achievementId\": \"467aaca6-8016-4703-a1e1-4d2d05061994\", \"achievementCode\": \"perfect_attendance\", \"achievementIcon\": \"/static/images/perfect-attendence.png\", \"achievementName\": \"全勤奖\"}',0,0,'2025-11-18 11:35:44'),('8b4fcc76-844d-4e88-be39-50dd8d8cae77','8cf5f4ad-3159-41e2-942f-b77804afe972','achievement','Achievement Unlocked!','Congratulations! You have achieved 帽子戏法 for the 4 time this season!','{\"unlockCount\": 4, \"achievementId\": \"3dbd056d-3118-4710-80ca-47d708c69625\", \"achievementCode\": \"hat_trick\", \"achievementIcon\": \"/static/images/hat-trick.png\", \"achievementName\": \"帽子戏法\"}',0,0,'2025-11-18 14:55:58'),('913403e7-c885-4ade-a338-37359a9d7c93','8cf5f4ad-3159-41e2-942f-b77804afe972','achievement','Achievement Unlocked!','Congratulations! You have achieved 帽子戏法 for the 5 time this season!','{\"unlockCount\": 5, \"achievementId\": \"3dbd056d-3118-4710-80ca-47d708c69625\", \"achievementCode\": \"hat_trick\", \"achievementIcon\": \"/static/images/hat-trick.png\", \"achievementName\": \"帽子戏法\"}',0,0,'2025-11-18 15:00:32'),('94bbb573-b209-423f-8580-1e27d2e3a40f','d2f05391-e6e4-4109-a0ef-47631700cb69','achievement','Achievement Unlocked!','Congratulations! You have achieved 帽子戏法 for the 4 time this season!','{\"unlockCount\": 4, \"achievementId\": \"3dbd056d-3118-4710-80ca-47d708c69625\", \"achievementCode\": \"hat_trick\", \"achievementIcon\": \"/static/images/hat-trick.png\", \"achievementName\": \"帽子戏法\"}',0,0,'2025-11-18 14:11:14'),('991481a6-2b95-46ee-a726-87ec833a0b83','fe6aebef-6f31-4cc1-baa0-4131c267d5f8','achievement','Achievement Unlocked!','Congratulations! You have achieved 帽子戏法 for the 3 time this season!','{\"unlockCount\": 3, \"achievementId\": \"3dbd056d-3118-4710-80ca-47d708c69625\", \"achievementCode\": \"hat_trick\", \"achievementIcon\": \"/static/images/hat-trick.png\", \"achievementName\": \"帽子戏法\"}',0,0,'2025-11-18 14:46:21'),('9e66196d-285f-4d35-b712-13c3ebba5cf5','d00e587b-de8f-44d5-b716-9d7860266be6','achievement','Achievement Unlocked!','Congratulations! You have unlocked the achievement: 全勤奖!','{\"unlockCount\": 1, \"achievementId\": \"467aaca6-8016-4703-a1e1-4d2d05061994\", \"achievementCode\": \"perfect_attendance\", \"achievementIcon\": \"/static/images/perfect-attendence.png\", \"achievementName\": \"全勤奖\"}',0,0,'2025-11-18 11:35:44'),('a50adeb6-d395-4b57-b85e-a7247fc3d0c2','37a97715-d228-479b-a032-e04e24b43ae7','achievement','Achievement Unlocked!','Congratulations! You have unlocked the achievement: 全勤奖!','{\"unlockCount\": 1, \"achievementId\": \"467aaca6-8016-4703-a1e1-4d2d05061994\", \"achievementCode\": \"perfect_attendance\", \"achievementIcon\": \"/static/images/perfect-attendence.png\", \"achievementName\": \"全勤奖\"}',0,0,'2025-11-18 11:35:44'),('a873b75e-334c-4f4a-8288-ac3b6837891e','fe6aebef-6f31-4cc1-baa0-4131c267d5f8','achievement','Achievement Unlocked!','Congratulations! You have unlocked the achievement: 帽子戏法!','{\"unlockCount\": 1, \"achievementId\": \"3dbd056d-3118-4710-80ca-47d708c69625\", \"achievementCode\": \"hat_trick\", \"achievementIcon\": \"/static/images/hat-trick.png\", \"achievementName\": \"帽子戏法\"}',0,0,'2025-11-18 14:30:35'),('ad325936-8ebd-48ba-afbd-7dc667753695','277dc273-6b68-4d68-8414-3f2672278a6e','achievement','Achievement Unlocked!','Congratulations! You have achieved 帽子戏法 for the 5 time this season!','{\"unlockCount\": 5, \"achievementId\": \"3dbd056d-3118-4710-80ca-47d708c69625\", \"achievementCode\": \"hat_trick\", \"achievementIcon\": \"/static/images/hat-trick.png\", \"achievementName\": \"帽子戏法\"}',0,0,'2025-11-18 12:19:24'),('b29cfa27-34bc-41b9-bbf4-21a8d59c9d2b','d2f05391-e6e4-4109-a0ef-47631700cb69','achievement','Achievement Unlocked!','Congratulations! You have unlocked the achievement: 全勤奖!','{\"unlockCount\": 1, \"achievementId\": \"467aaca6-8016-4703-a1e1-4d2d05061994\", \"achievementCode\": \"perfect_attendance\", \"achievementIcon\": \"/static/images/perfect-attendence.png\", \"achievementName\": \"全勤奖\"}',0,0,'2025-11-18 11:35:44'),('b2ad94d7-c7df-4e08-ab4e-32ff1e1b8bdb','1f8b12ed-deef-46de-8530-1fa1c8fd2f12','achievement','Achievement Unlocked!','Congratulations! You have unlocked the achievement: 全勤奖!','{\"unlockCount\": 1, \"achievementId\": \"467aaca6-8016-4703-a1e1-4d2d05061994\", \"achievementCode\": \"perfect_attendance\", \"achievementIcon\": \"/static/images/perfect-attendence.png\", \"achievementName\": \"全勤奖\"}',0,0,'2025-11-18 11:35:44'),('bb71094b-f33b-4213-86d9-64691c77a773','8cf5f4ad-3159-41e2-942f-b77804afe972','achievement','Achievement Unlocked!','Congratulations! You have achieved 帽子戏法 for the 6 time this season!','{\"unlockCount\": 6, \"achievementId\": \"3dbd056d-3118-4710-80ca-47d708c69625\", \"achievementCode\": \"hat_trick\", \"achievementIcon\": \"/static/images/hat-trick.png\", \"achievementName\": \"帽子戏法\"}',0,0,'2025-11-18 15:00:54'),('bcbbc082-d05b-4b2c-85f6-9365280fe4ae','7e769d4a-ca83-469d-a117-75b84313ed6c','achievement','Achievement Unlocked!','Congratulations! You have unlocked the achievement: 帽子戏法!','{\"unlockCount\": 1, \"achievementId\": \"3dbd056d-3118-4710-80ca-47d708c69625\", \"achievementCode\": \"hat_trick\", \"achievementIcon\": \"/static/images/hat-trick.png\", \"achievementName\": \"帽子戏法\"}',0,0,'2025-11-23 21:12:40'),('c1eefcb1-5555-41f6-a597-9b5fff00f7f1','d2f05391-e6e4-4109-a0ef-47631700cb69','achievement','Achievement Unlocked!','Congratulations! You have achieved 帽子戏法 for the 2 time this season!','{\"unlockCount\": 2, \"achievementId\": \"3dbd056d-3118-4710-80ca-47d708c69625\", \"achievementCode\": \"hat_trick\", \"achievementIcon\": \"/static/images/hat-trick.png\", \"achievementName\": \"帽子戏法\"}',0,0,'2025-11-18 13:49:02'),('c6ca9712-1644-46f5-a9a9-595e7640dfda','8cf5f4ad-3159-41e2-942f-b77804afe972','achievement','Achievement Unlocked!','Congratulations! You have achieved 帽子戏法 for the 3 time this season!','{\"unlockCount\": 3, \"achievementId\": \"3dbd056d-3118-4710-80ca-47d708c69625\", \"achievementCode\": \"hat_trick\", \"achievementIcon\": \"/static/images/hat-trick.png\", \"achievementName\": \"帽子戏法\"}',0,0,'2025-11-18 14:46:21'),('c971f5ae-01ad-43a1-a433-59857f8a87c5','277dc273-6b68-4d68-8414-3f2672278a6e','achievement','Achievement Unlocked!','Congratulations! You have unlocked the achievement: 帽子戏法!','{\"unlockCount\": 1, \"achievementId\": \"3dbd056d-3118-4710-80ca-47d708c69625\", \"achievementCode\": \"hat_trick\", \"achievementIcon\": \"/static/images/hat-trick.png\", \"achievementName\": \"帽子戏法\"}',0,0,'2025-11-18 11:59:46'),('d1af20a2-cb1d-43a0-bc7a-9b1a423701ff','84e2f056-3854-41e6-9941-25f9a428fcda','achievement','Achievement Unlocked!','Congratulations! You have unlocked the achievement: 全勤奖!','{\"unlockCount\": 1, \"achievementId\": \"467aaca6-8016-4703-a1e1-4d2d05061994\", \"achievementCode\": \"perfect_attendance\", \"achievementIcon\": \"/static/images/perfect-attendence.png\", \"achievementName\": \"全勤奖\"}',0,0,'2025-11-18 11:35:44'),('d371f826-cfba-4efa-b345-73104fe464fd','277dc273-6b68-4d68-8414-3f2672278a6e','achievement','Achievement Unlocked!','Congratulations! You have achieved 帽子戏法 for the 6 time this season!','{\"unlockCount\": 6, \"achievementId\": \"3dbd056d-3118-4710-80ca-47d708c69625\", \"achievementCode\": \"hat_trick\", \"achievementIcon\": \"/static/images/hat-trick.png\", \"achievementName\": \"帽子戏法\"}',0,0,'2025-11-18 12:51:45'),('d6360fe1-d0fa-470c-9718-95c59bf94d35','277dc273-6b68-4d68-8414-3f2672278a6e','achievement','Achievement Unlocked!','Congratulations! You have achieved 帽子戏法 for the 8 time this season!','{\"unlockCount\": 8, \"achievementId\": \"3dbd056d-3118-4710-80ca-47d708c69625\", \"achievementCode\": \"hat_trick\", \"achievementIcon\": \"/static/images/hat-trick.png\", \"achievementName\": \"帽子戏法\"}',0,0,'2025-11-18 12:57:06'),('d774ec85-2267-49ba-b446-b52c70f2a6f5','7dda9b5f-62ca-4e98-a44d-943cb982c684','achievement','Achievement Unlocked!','Congratulations! You have unlocked the achievement: 全勤奖!','{\"unlockCount\": 1, \"achievementId\": \"467aaca6-8016-4703-a1e1-4d2d05061994\", \"achievementCode\": \"perfect_attendance\", \"achievementIcon\": \"/static/images/perfect-attendence.png\", \"achievementName\": \"全勤奖\"}',0,0,'2025-11-18 11:35:44'),('ea6511cf-a5a6-4e6d-985d-8270553eba92','277dc273-6b68-4d68-8414-3f2672278a6e','achievement','Achievement Unlocked!','Congratulations! You have achieved 帽子戏法 for the 2 time this season!','{\"unlockCount\": 2, \"achievementId\": \"3dbd056d-3118-4710-80ca-47d708c69625\", \"achievementCode\": \"hat_trick\", \"achievementIcon\": \"/static/images/hat-trick.png\", \"achievementName\": \"帽子戏法\"}',0,0,'2025-11-18 12:00:15'),('eb7e2108-3e2f-4c0c-9509-0b53921ed775','370f143c-17fe-4df4-b2d6-f75ed4a97a99','achievement','Achievement Unlocked!','Congratulations! You have unlocked the achievement: 全勤奖!','{\"unlockCount\": 1, \"achievementId\": \"467aaca6-8016-4703-a1e1-4d2d05061994\", \"achievementCode\": \"perfect_attendance\", \"achievementIcon\": \"/static/images/perfect-attendence.png\", \"achievementName\": \"全勤奖\"}',0,0,'2025-11-18 11:35:44'),('f1cdab8e-6836-4dd5-94dd-7911c8db3da2','277dc273-6b68-4d68-8414-3f2672278a6e','achievement','Achievement Unlocked!','Congratulations! You have achieved 帽子戏法 for the 3 time this season!','{\"unlockCount\": 3, \"achievementId\": \"3dbd056d-3118-4710-80ca-47d708c69625\", \"achievementCode\": \"hat_trick\", \"achievementIcon\": \"/static/images/hat-trick.png\", \"achievementName\": \"帽子戏法\"}',0,0,'2025-11-18 12:13:58'),('f7431fa3-5e04-4942-add5-b1d255893d6b','8cf4f261-5ddb-446b-9064-dacbe9c59f1f','achievement','Achievement Unlocked!','Congratulations! You have unlocked the achievement: 全勤奖!','{\"unlockCount\": 1, \"achievementId\": \"467aaca6-8016-4703-a1e1-4d2d05061994\", \"achievementCode\": \"perfect_attendance\", \"achievementIcon\": \"/static/images/perfect-attendence.png\", \"achievementName\": \"全勤奖\"}',0,0,'2025-11-18 11:35:44'),('fdf112e3-ed86-460c-8439-dc5ca3949660','277dc273-6b68-4d68-8414-3f2672278a6e','achievement','Achievement Unlocked!','Congratulations! You have unlocked the achievement: 进球机器!','{\"unlockCount\": 1, \"achievementId\": \"1419c44b-ced4-4c8f-86e8-06ff3f3231c7\", \"achievementCode\": \"goal_machine\", \"achievementIcon\": \"/static/images/goal-machine.png\", \"achievementName\": \"进球机器\"}',0,0,'2025-11-18 13:49:02');
/*!40000 ALTER TABLE `notifications` ENABLE KEYS */;
UNLOCK TABLES;

--
-- Table structure for table `permissions`
--

DROP TABLE IF EXISTS `permissions`;
/*!40101 SET @saved_cs_client     = @@character_set_client */;
/*!50503 SET character_set_client = utf8mb4 */;
CREATE TABLE `permissions` (
  `id` varchar(36) CHARACTER SET utf8mb4 COLLATE utf8mb4_0900_ai_ci NOT NULL COMMENT '权限ID',
  `user_id` varchar(36) CHARACTER SET utf8mb4 COLLATE utf8mb4_0900_ai_ci NOT NULL COMMENT '用户ID',
  `resource` varchar(50) CHARACTER SET utf8mb4 COLLATE utf8mb4_0900_ai_ci NOT NULL COMMENT '资源名称',
  `action` varchar(20) CHARACTER SET utf8mb4 COLLATE utf8mb4_0900_ai_ci NOT NULL COMMENT '操作类型 create/read/update/delete',
  `granted_at` timestamp NULL DEFAULT CURRENT_TIMESTAMP COMMENT '授权时间',
  `granted_by` varchar(36) CHARACTER SET utf8mb4 COLLATE utf8mb4_0900_ai_ci DEFAULT NULL COMMENT '授权人ID',
  PRIMARY KEY (`id`) USING BTREE,
  KEY `idx_user` (`user_id`) USING BTREE,
  KEY `idx_resource` (`resource`) USING BTREE,
  CONSTRAINT `permissions_ibfk_1` FOREIGN KEY (`user_id`) REFERENCES `users` (`id`) ON DELETE CASCADE ON UPDATE RESTRICT
) ENGINE=InnoDB DEFAULT CHARSET=utf8mb4 COLLATE=utf8mb4_0900_ai_ci ROW_FORMAT=DYNAMIC COMMENT='权限表';
/*!40101 SET character_set_client = @saved_cs_client */;

--
-- Dumping data for table `permissions`
--

LOCK TABLES `permissions` WRITE;
/*!40000 ALTER TABLE `permissions` DISABLE KEYS */;
INSERT INTO `permissions` VALUES ('140db0c6-c208-11f0-b163-525400735d47','user-test-01','match','create','2025-11-15 09:47:20',NULL),('140db449-c208-11f0-b163-525400735d47','user-test-02','match','create','2025-11-15 09:47:20',NULL),('140db5ba-c208-11f0-b163-525400735d47','user-test-03','match','create','2025-11-15 09:47:20',NULL),('140db713-c208-11f0-b163-525400735d47','user-test-04','match','create','2025-11-15 09:47:20',NULL),('140db7ff-c208-11f0-b163-525400735d47','user-test-05','match','create','2025-11-15 09:47:20',NULL),('140db8d8-c208-11f0-b163-525400735d47','user-test-06','match','create','2025-11-15 09:47:20',NULL),('140db991-c208-11f0-b163-525400735d47','user-test-07','match','create','2025-11-15 09:47:20',NULL),('140dba7a-c208-11f0-b163-525400735d47','user-test-08','match','create','2025-11-15 09:47:20',NULL),('140dbb54-c208-11f0-b163-525400735d47','user-test-09','match','create','2025-11-15 09:47:20',NULL),('140dbc1e-c208-11f0-b163-525400735d47','user-test-10','match','create','2025-11-15 09:47:20',NULL),('140dbce9-c208-11f0-b163-525400735d47','user-test-11','match','create','2025-11-15 09:47:20',NULL),('140dbd9c-c208-11f0-b163-525400735d47','user-test-12','match','create','2025-11-15 09:47:20',NULL),('14125655-c208-11f0-b163-525400735d47','user-test-01','team','view','2025-11-15 09:47:20',NULL),('141259d2-c208-11f0-b163-525400735d47','user-test-02','team','view','2025-11-15 09:47:20',NULL),('14125a8f-c208-11f0-b163-525400735d47','user-test-03','team','view','2025-11-15 09:47:20',NULL),('14125b5b-c208-11f0-b163-525400735d47','user-test-04','team','view','2025-11-15 09:47:20',NULL),('14125bf3-c208-11f0-b163-525400735d47','user-test-05','team','view','2025-11-15 09:47:20',NULL),('14125c7e-c208-11f0-b163-525400735d47','user-test-06','team','view','2025-11-15 09:47:20',NULL),('14125d0f-c208-11f0-b163-525400735d47','user-test-07','team','view','2025-11-15 09:47:20',NULL),('14125d9d-c208-11f0-b163-525400735d47','user-test-08','team','view','2025-11-15 09:47:20',NULL),('14125e23-c208-11f0-b163-525400735d47','user-test-09','team','view','2025-11-15 09:47:20',NULL),('14125eac-c208-11f0-b163-525400735d47','user-test-10','team','view','2025-11-15 09:47:20',NULL),('14125f34-c208-11f0-b163-525400735d47','user-test-11','team','view','2025-11-15 09:47:20',NULL),('14125fc2-c208-11f0-b163-525400735d47','user-test-12','team','view','2025-11-15 09:47:20',NULL);
/*!40000 ALTER TABLE `permissions` ENABLE KEYS */;
UNLOCK TABLES;

--
-- Table structure for table `player_stats`
--

DROP TABLE IF EXISTS `player_stats`;
/*!40101 SET @saved_cs_client     = @@character_set_client */;
/*!50503 SET character_set_client = utf8mb4 */;
CREATE TABLE `player_stats` (
  `id` varchar(36) CHARACTER SET utf8mb4 COLLATE utf8mb4_0900_ai_ci NOT NULL COMMENT '统计ID',
  `user_id` varchar(36) CHARACTER SET utf8mb4 COLLATE utf8mb4_0900_ai_ci NOT NULL COMMENT '用户ID',
  `matches_played` int DEFAULT '0' COMMENT '参赛场次',
  `wins` int DEFAULT '0' COMMENT '胜场',
  `draws` int DEFAULT '0' COMMENT '平局',
  `losses` int DEFAULT '0' COMMENT '负场',
  `goals` int DEFAULT '0' COMMENT '进球数',
  `assists` int DEFAULT '0' COMMENT '助攻数',
  `yellow_cards` int DEFAULT '0' COMMENT '黄牌数',
  `red_cards` int DEFAULT '0' COMMENT '红牌数',
  `mvp_count` int DEFAULT '0' COMMENT 'MVP次数',
  `attendance_rate` decimal(5,2) DEFAULT '0.00' COMMENT '出勤率',
  `win_rate` decimal(5,2) DEFAULT '0.00' COMMENT '胜率',
  `updated_at` timestamp NULL DEFAULT CURRENT_TIMESTAMP ON UPDATE CURRENT_TIMESTAMP COMMENT '更新时间',
  PRIMARY KEY (`id`) USING BTREE,
  UNIQUE KEY `user_id` (`user_id`) USING BTREE,
  KEY `idx_goals` (`goals`) USING BTREE,
  KEY `idx_assists` (`assists`) USING BTREE,
  KEY `idx_mvp` (`mvp_count`) USING BTREE,
  CONSTRAINT `player_stats_ibfk_1` FOREIGN KEY (`user_id`) REFERENCES `users` (`id`) ON DELETE CASCADE ON UPDATE RESTRICT
) ENGINE=InnoDB DEFAULT CHARSET=utf8mb4 COLLATE=utf8mb4_0900_ai_ci ROW_FORMAT=DYNAMIC COMMENT='球员总体统计表';
/*!40101 SET character_set_client = @saved_cs_client */;

--
-- Dumping data for table `player_stats`
--

LOCK TABLES `player_stats` WRITE;
/*!40000 ALTER TABLE `player_stats` DISABLE KEYS */;
INSERT INTO `player_stats` VALUES ('008260b6-eee9-4467-8066-dcddc74c081a','9bb0beb2-1810-466e-9e60-713a82f2c6df',9,5,0,4,2,1,0,0,0,100.00,55.56,'2025-11-26 04:24:19'),('1069a2df-997a-4394-8cb5-b3652a03e386','277dc273-6b68-4d68-8414-3f2672278a6e',9,5,0,4,14,8,0,0,1,100.00,55.56,'2025-11-26 04:24:18'),('1c77e564-28fe-49fa-9021-2ab977cd8b71','c55cbd22-ffa7-4da9-8793-454134257948',1,1,0,0,0,0,0,0,0,11.11,100.00,'2025-11-26 04:24:19'),('20f244ac-baf9-42e5-8344-124291a53185','fe6aebef-6f31-4cc1-baa0-4131c267d5f8',1,1,0,0,3,0,0,0,1,11.11,100.00,'2025-11-26 04:24:19'),('243a8e65-8bd1-435d-8c7d-8d363adb2918','84e2f056-3854-41e6-9941-25f9a428fcda',8,4,0,4,4,0,0,0,4,88.89,50.00,'2025-11-26 04:24:19'),('280ee0ff-4df0-4719-96ca-b971454f338a','3e41b13c-8329-4911-b8fd-a2b6728759a7',1,0,0,1,0,0,0,0,0,0.00,0.00,'2025-11-26 04:24:18'),('334b3aa8-9e18-451f-8847-65325a859410','f60affc5-8091-4f3d-af5a-5132a8e97bc0',2,2,0,0,0,1,0,0,0,22.22,100.00,'2025-11-26 04:24:19'),('34e9922a-d359-40b1-87f3-43ffe3f803a9','8cf4f261-5ddb-446b-9064-dacbe9c59f1f',6,4,0,2,3,2,0,0,4,66.67,66.67,'2025-11-26 04:24:19'),('49b0805a-488d-4fe8-a66a-a72ae3a0d614','e18ad310-339b-48b4-8745-58630b87ba3d',6,3,0,3,1,1,0,0,0,66.67,50.00,'2025-11-26 04:24:19'),('52cc0ea6-c405-460a-a45a-e7e8307185dc','407b88e4-d9cf-4c78-bff5-85e4fa868eca',1,1,0,0,0,0,0,0,0,11.11,100.00,'2025-11-26 04:24:18'),('5acb1992-323c-4958-ae3c-17fe209266bc','86605ffe-31a8-4264-857a-c5d65934b418',1,1,0,0,0,0,0,0,0,11.11,100.00,'2025-11-26 04:24:19'),('5d53d581-2507-46be-8eb0-9068d9ce46c2','370f143c-17fe-4df4-b2d6-f75ed4a97a99',7,4,0,3,4,2,0,0,1,77.78,57.14,'2025-11-26 04:24:18'),('5fb719fc-f7b4-4dfc-a1ab-c67542c45135','7dda9b5f-62ca-4e98-a44d-943cb982c684',4,2,0,2,5,0,0,0,3,44.44,50.00,'2025-11-26 04:24:18'),('699cc7c8-7c29-459b-bde0-626f120233de','1ab26cea-e054-4500-a4a9-14b9b82239ad',2,1,0,1,0,1,0,0,0,22.22,50.00,'2025-11-26 04:24:17'),('6c8dea20-35c7-4f05-a268-ebfbbbefab8f','942b0614-06e4-4e35-acd8-52f806a9a5c7',5,3,0,2,2,3,0,0,0,55.56,60.00,'2025-11-26 04:24:19'),('723a6841-e903-4ee9-8cf6-856322822d96','0f4a4dee-138b-4356-b071-26f3eac9573a',1,0,0,1,0,0,0,0,0,11.11,0.00,'2025-11-26 04:24:17'),('78328e89-22b6-410b-82b8-821a133ca808','1f8b12ed-deef-46de-8530-1fa1c8fd2f12',5,3,0,2,0,0,0,0,0,55.56,60.00,'2025-11-26 04:24:17'),('7b0c66c6-c4ef-45f4-bfcd-88c3a4ed7d90','d00e587b-de8f-44d5-b716-9d7860266be6',5,3,0,2,0,1,0,0,0,55.56,60.00,'2025-11-26 04:24:19'),('7e62f2bc-a6a6-4d07-a2bc-84e0bbe62cb7','7e769d4a-ca83-469d-a117-75b84313ed6c',1,1,0,0,3,0,0,0,0,11.11,100.00,'2025-11-26 04:24:18'),('81111a1b-9222-4de0-ba6a-55ef173e92f2','9c0ccbee-c7a4-4da5-9147-7e117f9eb16a',5,3,0,2,7,2,0,0,3,55.56,60.00,'2025-11-26 04:24:19'),('865e4c9f-8ce0-414b-9a59-d4b31174c0e4','28279967-d68a-45d3-93aa-1887554b2eb3',2,1,0,1,0,0,0,0,0,22.22,50.00,'2025-11-26 04:24:18'),('8a35606e-5852-41b5-a0d2-ad7523836ab3','8cf5f4ad-3159-41e2-942f-b77804afe972',3,3,0,0,4,0,0,0,0,33.33,100.00,'2025-11-26 04:24:19'),('8a5ae48e-4d0f-4a4d-a555-fd7dd5cd0fc2','108f7973-6baa-47ae-8138-139723ad1eb5',5,3,0,2,0,0,0,0,0,55.56,60.00,'2025-11-26 04:24:17'),('8b35fc21-4b1f-4fc3-949b-215e7297c708','8cd7500c-c95e-4f3e-b776-c9bfaa5c0235',6,2,0,4,1,1,0,0,0,66.67,33.33,'2025-11-26 04:24:19'),('9d33223e-0cee-490f-bd51-575fb7c3606e','0d6d6f93-fc4b-4512-bd9f-4bb08178c742',2,2,0,0,1,0,0,0,0,22.22,100.00,'2025-11-26 04:24:17'),('9edd72fb-7248-40c0-8c33-7148ae1de67f','78e6a8de-20dc-4560-b567-a054b04237b5',1,0,0,1,1,0,0,0,1,11.11,0.00,'2025-11-26 04:24:18'),('a082f9b2-2497-4ca8-85d3-6da17c932591','41097aab-54bd-4800-84cf-f79e8f7d3d2b',5,2,0,3,1,1,0,0,0,55.56,40.00,'2025-11-26 04:24:18'),('a9085f89-7e44-4332-a4e0-f851824321be','003d0cec-2665-4655-82aa-198784fd2886',3,1,0,2,8,0,0,0,2,33.33,33.33,'2025-11-26 04:24:17'),('cd2225ba-3b44-4584-a9a7-3483a6a771f6','21a35430-9b03-4adf-9ac1-be66f1aad476',6,4,0,2,7,6,0,0,3,66.67,66.67,'2025-11-26 04:24:18'),('d4b46527-ace0-4b20-877a-30d884e4166b','d8d70e63-fe1b-4a73-9b1c-93d68d259e99',2,2,0,0,0,0,0,0,0,22.22,100.00,'2025-11-26 04:24:19'),('d979bffa-e1de-45f0-b0a1-91f1d29b9d00','71d7ab1d-1674-4f0f-8a81-d0348f45ed83',1,1,0,0,0,0,0,0,0,11.11,100.00,'2025-11-26 04:24:18'),('e2d14c34-f0ed-44f5-8334-e094b2808140','6a1ea615-5f87-4e6a-bc3a-214ee9a48646',7,3,0,4,4,6,0,0,2,77.78,42.86,'2025-11-26 04:24:18'),('ea7d65f2-5000-41c6-b134-16d8f051338a','7fbeef0d-dd93-457b-a259-16e869430e28',8,4,0,4,3,7,0,0,1,88.89,50.00,'2025-11-26 04:24:18'),('ecf7e887-5bbf-4791-a346-272bf465cbbf','d2f05391-e6e4-4109-a0ef-47631700cb69',9,5,0,4,12,1,0,0,2,100.00,55.56,'2025-11-26 04:24:19'),('f18d959e-6645-4dc0-a23c-37964277b56a','41c2f924-fcc1-4c6f-9b86-7a715bd54d72',2,0,0,2,0,0,0,0,0,22.22,0.00,'2025-11-26 04:24:18'),('fce7ae42-3492-4f49-8ead-9d8d47888956','37a97715-d228-479b-a032-e04e24b43ae7',5,4,0,1,0,0,0,0,1,55.56,80.00,'2025-11-26 04:24:18'),('ffe16502-c792-4b65-9ad7-0d8e9fc8d9b7','180d92e2-5a13-450e-97ea-9e19283c860b',5,2,0,3,7,2,0,0,3,55.56,40.00,'2025-11-26 04:24:17');
/*!40000 ALTER TABLE `player_stats` ENABLE KEYS */;
UNLOCK TABLES;

--
-- Table structure for table `player_team_stats`
--

DROP TABLE IF EXISTS `player_team_stats`;
/*!40101 SET @saved_cs_client     = @@character_set_client */;
/*!50503 SET character_set_client = utf8mb4 */;
CREATE TABLE `player_team_stats` (
  `id` varchar(36) CHARACTER SET utf8mb4 COLLATE utf8mb4_0900_ai_ci NOT NULL COMMENT '统计ID',
  `user_id` varchar(36) CHARACTER SET utf8mb4 COLLATE utf8mb4_0900_ai_ci NOT NULL COMMENT '用户ID',
  `team_id` varchar(36) CHARACTER SET utf8mb4 COLLATE utf8mb4_0900_ai_ci NOT NULL COMMENT '队伍ID',
  `season` varchar(20) CHARACTER SET utf8mb4 COLLATE utf8mb4_0900_ai_ci NOT NULL COMMENT '赛季',
  `matches_played` int DEFAULT '0' COMMENT '参赛场次',
  `wins` int DEFAULT '0' COMMENT '胜场',
  `draws` int DEFAULT '0' COMMENT '平局',
  `losses` int DEFAULT '0' COMMENT '负场',
  `goals` int DEFAULT '0' COMMENT '进球数',
  `assists` int DEFAULT '0' COMMENT '助攻数',
  `yellow_cards` int DEFAULT '0' COMMENT '黄牌数',
  `red_cards` int DEFAULT '0' COMMENT '红牌数',
  `mvp_count` int DEFAULT '0' COMMENT 'MVP次数',
  `updated_at` timestamp NULL DEFAULT CURRENT_TIMESTAMP ON UPDATE CURRENT_TIMESTAMP COMMENT '更新时间',
  PRIMARY KEY (`id`) USING BTREE,
  UNIQUE KEY `uk_user_team_season` (`user_id`,`team_id`,`season`) USING BTREE,
  KEY `idx_team_season` (`team_id`,`season`) USING BTREE,
  CONSTRAINT `player_team_stats_ibfk_1` FOREIGN KEY (`user_id`) REFERENCES `users` (`id`) ON DELETE CASCADE ON UPDATE RESTRICT,
  CONSTRAINT `player_team_stats_ibfk_2` FOREIGN KEY (`team_id`) REFERENCES `teams` (`id`) ON DELETE CASCADE ON UPDATE RESTRICT
) ENGINE=InnoDB DEFAULT CHARSET=utf8mb4 COLLATE=utf8mb4_0900_ai_ci ROW_FORMAT=DYNAMIC COMMENT='球员队内统计表';
/*!40101 SET character_set_client = @saved_cs_client */;

--
-- Dumping data for table `player_team_stats`
--

LOCK TABLES `player_team_stats` WRITE;
/*!40000 ALTER TABLE `player_team_stats` DISABLE KEYS */;
/*!40000 ALTER TABLE `player_team_stats` ENABLE KEYS */;
UNLOCK TABLES;

--
-- Table structure for table `positions`
--

DROP TABLE IF EXISTS `positions`;
/*!40101 SET @saved_cs_client     = @@character_set_client */;
/*!50503 SET character_set_client = utf8mb4 */;
CREATE TABLE `positions` (
  `id` int NOT NULL AUTO_INCREMENT COMMENT '位置ID',
  `code` varchar(20) CHARACTER SET utf8mb4 COLLATE utf8mb4_0900_ai_ci NOT NULL COMMENT '位置编码',
  `name` varchar(50) CHARACTER SET utf8mb4 COLLATE utf8mb4_0900_ai_ci NOT NULL COMMENT '位置名称(中文)',
  `name_en` varchar(50) CHARACTER SET utf8mb4 COLLATE utf8mb4_0900_ai_ci DEFAULT NULL COMMENT '位置名称(英文)',
  `category` enum('GK','DF','MF','FW') CHARACTER SET utf8mb4 COLLATE utf8mb4_0900_ai_ci NOT NULL COMMENT '位置大类',
  `sort_order` int DEFAULT '0' COMMENT '排序顺序',
  `is_active` tinyint(1) DEFAULT '1' COMMENT '是否启用',
  `description` varchar(255) CHARACTER SET utf8mb4 COLLATE utf8mb4_0900_ai_ci DEFAULT NULL COMMENT '位置描述',
  PRIMARY KEY (`id`) USING BTREE,
  UNIQUE KEY `code` (`code`) USING BTREE,
  KEY `idx_code` (`code`) USING BTREE,
  KEY `idx_category` (`category`) USING BTREE,
  KEY `idx_is_active` (`is_active`) USING BTREE
) ENGINE=InnoDB AUTO_INCREMENT=22 DEFAULT CHARSET=utf8mb4 COLLATE=utf8mb4_0900_ai_ci ROW_FORMAT=DYNAMIC COMMENT='位置字典表';
/*!40101 SET character_set_client = @saved_cs_client */;

--
-- Dumping data for table `positions`
--

LOCK TABLES `positions` WRITE;
/*!40000 ALTER TABLE `positions` DISABLE KEYS */;
INSERT INTO `positions` VALUES (1,'GK','守门员','Goalkeeper','GK',1,1,'守门员'),(2,'CB','中后卫','Center Back','DF',10,1,'中路防守核心'),(3,'LCB','左中卫','Left Center Back','DF',11,0,'左侧中后卫'),(4,'RCB','右中卫','Right Center Back','DF',12,0,'右侧中后卫'),(5,'LB','左后卫','Left Back','DF',13,1,'左路防守'),(6,'RB','右后卫','Right Back','DF',14,1,'右路防守'),(7,'LWB','左边后卫','Left Wing Back','DF',15,0,'左路攻守兼备'),(8,'RWB','右边后卫','Right Wing Back','DF',16,0,'右路攻守兼备'),(9,'SW','清道夫','Sweeper','DF',17,0,'拖后中卫'),(10,'CDM','后腰','Defensive Midfielder','MF',20,1,'防守型中场'),(11,'CM','中前卫','Central Midfielder','MF',21,0,'中路组织'),(12,'CAM','前腰','Attacking Midfielder','MF',22,1,'进攻型中场'),(13,'LM','左前卫','Left Midfielder','MF',23,0,'左路中场'),(14,'RM','右前卫','Right Midfielder','MF',24,0,'右路中场'),(15,'LW','左边锋','Left Winger','FW',25,1,'左路进攻'),(16,'RW','右边锋','Right Winger','FW',26,1,'右路进攻'),(17,'CF','中锋','Center Forward','FW',30,1,'中路进攻核心'),(18,'ST','前锋','Striker','FW',31,0,'射手'),(19,'LF','左前锋','Left Forward','FW',32,0,'左路前锋'),(20,'RF','右前锋','Right Forward','FW',33,0,'右路前锋'),(21,'SS','影锋','Second Striker','FW',34,0,'前场自由人');
/*!40000 ALTER TABLE `positions` ENABLE KEYS */;
UNLOCK TABLES;

--
-- Table structure for table `registrations`
--

DROP TABLE IF EXISTS `registrations`;
/*!40101 SET @saved_cs_client     = @@character_set_client */;
/*!50503 SET character_set_client = utf8mb4 */;
CREATE TABLE `registrations` (
  `id` varchar(36) CHARACTER SET utf8mb4 COLLATE utf8mb4_0900_ai_ci NOT NULL COMMENT '报名ID',
  `match_id` varchar(36) CHARACTER SET utf8mb4 COLLATE utf8mb4_0900_ai_ci NOT NULL COMMENT '比赛ID',
  `user_id` varchar(36) CHARACTER SET utf8mb4 COLLATE utf8mb4_0900_ai_ci NOT NULL COMMENT '用户ID',
  `team_id` varchar(36) CHARACTER SET utf8mb4 COLLATE utf8mb4_0900_ai_ci NOT NULL COMMENT '队伍ID（报名时所属队伍）',
  `status` enum('registered','confirmed','cancelled','leave') DEFAULT 'registered',
  `registered_at` timestamp NULL DEFAULT CURRENT_TIMESTAMP COMMENT '报名时间',
  `notes` varchar(255) CHARACTER SET utf8mb4 COLLATE utf8mb4_0900_ai_ci DEFAULT NULL COMMENT '备注',
  PRIMARY KEY (`id`) USING BTREE,
  UNIQUE KEY `uk_match_user` (`match_id`,`user_id`) USING BTREE,
  KEY `idx_match` (`match_id`) USING BTREE,
  KEY `idx_user` (`user_id`) USING BTREE,
  KEY `idx_team` (`team_id`) USING BTREE,
  CONSTRAINT `registrations_ibfk_1` FOREIGN KEY (`match_id`) REFERENCES `matches` (`id`) ON DELETE CASCADE ON UPDATE RESTRICT,
  CONSTRAINT `registrations_ibfk_2` FOREIGN KEY (`user_id`) REFERENCES `users` (`id`) ON DELETE CASCADE ON UPDATE RESTRICT,
  CONSTRAINT `registrations_ibfk_3` FOREIGN KEY (`team_id`) REFERENCES `teams` (`id`) ON DELETE RESTRICT ON UPDATE RESTRICT
) ENGINE=InnoDB DEFAULT CHARSET=utf8mb4 COLLATE=utf8mb4_0900_ai_ci ROW_FORMAT=DYNAMIC COMMENT='比赛报名表';
/*!40101 SET character_set_client = @saved_cs_client */;

--
-- Dumping data for table `registrations`
--

LOCK TABLES `registrations` WRITE;
/*!40000 ALTER TABLE `registrations` DISABLE KEYS */;
INSERT INTO `registrations` VALUES ('0003f650-5395-4520-8499-528025014519','a9840366-bbbc-4114-826e-32f3f723d4b9','1f8b12ed-deef-46de-8530-1fa1c8fd2f12','281a79c2-e10a-4bfa-8dc8-def0b7b7580a','registered','2025-11-26 04:32:17',NULL),('04d59bd9-7e43-410e-985c-ce83876a794a','3b05c8af-c4a8-47a4-a789-15d5c63ffc3d','84e2f056-3854-41e6-9941-25f9a428fcda','b6ab3e9b-7bd7-468f-ae54-51c7675831e3','registered','2025-11-20 11:16:23',NULL),('0572916a-ff2d-4b65-8c33-7df7ee9cc4fa','3b05c8af-c4a8-47a4-a789-15d5c63ffc3d','9bb0beb2-1810-466e-9e60-713a82f2c6df','b6ab3e9b-7bd7-468f-ae54-51c7675831e3','registered','2025-11-19 04:45:59',NULL),('09106dc1-0608-4e1d-84f1-bed39e6dbf55','3b05c8af-c4a8-47a4-a789-15d5c63ffc3d','41097aab-54bd-4800-84cf-f79e8f7d3d2b','281a79c2-e10a-4bfa-8dc8-def0b7b7580a','registered','2025-11-21 14:26:21',NULL),('0dcbdeec-db1f-4477-b060-99764d28f960','3b05c8af-c4a8-47a4-a789-15d5c63ffc3d','1ab26cea-e054-4500-a4a9-14b9b82239ad','281a79c2-e10a-4bfa-8dc8-def0b7b7580a','registered','2025-11-19 11:30:36',NULL),('1f215034-cf3f-4d8a-8d83-0b36a6e14cff','3b05c8af-c4a8-47a4-a789-15d5c63ffc3d','1f8b12ed-deef-46de-8530-1fa1c8fd2f12','281a79c2-e10a-4bfa-8dc8-def0b7b7580a','registered','2025-11-20 10:01:24',NULL),('2d2e4ccd-f4cc-4888-b867-d1117c95b49b','3b05c8af-c4a8-47a4-a789-15d5c63ffc3d','370f143c-17fe-4df4-b2d6-f75ed4a97a99','b6ab3e9b-7bd7-468f-ae54-51c7675831e3','leave','2025-11-20 11:18:34','公司展会，上班，请假'),('2e5bcc22-420c-430d-ae8d-f9f9d7561a64','3b05c8af-c4a8-47a4-a789-15d5c63ffc3d','7dda9b5f-62ca-4e98-a44d-943cb982c684','281a79c2-e10a-4bfa-8dc8-def0b7b7580a','registered','2025-11-19 05:36:53',NULL),('3b4b5cb1-5b28-4bb4-bd01-fc56e61a4e0a','3b05c8af-c4a8-47a4-a789-15d5c63ffc3d','407b88e4-d9cf-4c78-bff5-85e4fa868eca','b6ab3e9b-7bd7-468f-ae54-51c7675831e3','leave','2025-11-19 04:44:12','伤病'),('3b5fe124-c5b5-11f0-b163-525400735d47','fed55d17-c43b-11f0-b163-525400735d47','41c2f924-fcc1-4c6f-9b86-7a715bd54d72','b6ab3e9b-7bd7-468f-ae54-51c7675831e3','confirmed','2025-11-20 02:04:22',NULL),('3b5fe643-c5b5-11f0-b163-525400735d47','5514dd79-c447-11f0-b163-525400735d47','41c2f924-fcc1-4c6f-9b86-7a715bd54d72','b6ab3e9b-7bd7-468f-ae54-51c7675831e3','confirmed','2025-11-20 02:04:22',NULL),('3e1ba968-c442-11f0-b163-525400735d47','b474ed84-c440-11f0-b163-525400735d47','1f8b12ed-deef-46de-8530-1fa1c8fd2f12','281a79c2-e10a-4bfa-8dc8-def0b7b7580a','confirmed','2024-10-31 23:00:00',NULL),('3e1bafca-c442-11f0-b163-525400735d47','b474ed84-c440-11f0-b163-525400735d47','8cf5f4ad-3159-41e2-942f-b77804afe972','281a79c2-e10a-4bfa-8dc8-def0b7b7580a','confirmed','2024-10-31 23:00:00',NULL),('3e1bb12a-c442-11f0-b163-525400735d47','b474ed84-c440-11f0-b163-525400735d47','9c0ccbee-c7a4-4da5-9147-7e117f9eb16a','281a79c2-e10a-4bfa-8dc8-def0b7b7580a','confirmed','2024-10-31 23:00:00',NULL),('3e1bb257-c442-11f0-b163-525400735d47','b474ed84-c440-11f0-b163-525400735d47','8cf4f261-5ddb-446b-9064-dacbe9c59f1f','281a79c2-e10a-4bfa-8dc8-def0b7b7580a','confirmed','2024-10-31 23:00:00',NULL),('3e1bb379-c442-11f0-b163-525400735d47','b474ed84-c440-11f0-b163-525400735d47','7fbeef0d-dd93-457b-a259-16e869430e28','281a79c2-e10a-4bfa-8dc8-def0b7b7580a','confirmed','2024-10-31 23:00:00',NULL),('3e1bb4fb-c442-11f0-b163-525400735d47','b474ed84-c440-11f0-b163-525400735d47','41097aab-54bd-4800-84cf-f79e8f7d3d2b','281a79c2-e10a-4bfa-8dc8-def0b7b7580a','confirmed','2024-10-31 23:00:00',NULL),('3e209d2d-c442-11f0-b163-525400735d47','b474ed84-c440-11f0-b163-525400735d47','84e2f056-3854-41e6-9941-25f9a428fcda','b6ab3e9b-7bd7-468f-ae54-51c7675831e3','confirmed','2024-10-31 23:00:00',NULL),('3e20a10a-c442-11f0-b163-525400735d47','b474ed84-c440-11f0-b163-525400735d47','d2f05391-e6e4-4109-a0ef-47631700cb69','b6ab3e9b-7bd7-468f-ae54-51c7675831e3','confirmed','2024-10-31 23:00:00',NULL),('3e20a28f-c442-11f0-b163-525400735d47','b474ed84-c440-11f0-b163-525400735d47','6a1ea615-5f87-4e6a-bc3a-214ee9a48646','b6ab3e9b-7bd7-468f-ae54-51c7675831e3','confirmed','2024-10-31 23:00:00',NULL),('3e2102f3-c442-11f0-b163-525400735d47','b474ed84-c440-11f0-b163-525400735d47','370f143c-17fe-4df4-b2d6-f75ed4a97a99','b6ab3e9b-7bd7-468f-ae54-51c7675831e3','confirmed','2024-10-31 23:00:00',NULL),('3e21045b-c442-11f0-b163-525400735d47','b474ed84-c440-11f0-b163-525400735d47','d00e587b-de8f-44d5-b716-9d7860266be6','b6ab3e9b-7bd7-468f-ae54-51c7675831e3','confirmed','2024-10-31 23:00:00',NULL),('3e210571-c442-11f0-b163-525400735d47','b474ed84-c440-11f0-b163-525400735d47','9bb0beb2-1810-466e-9e60-713a82f2c6df','b6ab3e9b-7bd7-468f-ae54-51c7675831e3','confirmed','2024-10-31 23:00:00',NULL),('3e210674-c442-11f0-b163-525400735d47','b474ed84-c440-11f0-b163-525400735d47','e18ad310-339b-48b4-8745-58630b87ba3d','b6ab3e9b-7bd7-468f-ae54-51c7675831e3','confirmed','2024-10-31 23:00:00',NULL),('3e21078a-c442-11f0-b163-525400735d47','b474ed84-c440-11f0-b163-525400735d47','277dc273-6b68-4d68-8414-3f2672278a6e','b6ab3e9b-7bd7-468f-ae54-51c7675831e3','confirmed','2024-10-31 23:00:00',NULL),('3f35928f-c443-11f0-b163-525400735d47','3f2c0475-c443-11f0-b163-525400735d47','7fbeef0d-dd93-457b-a259-16e869430e28','281a79c2-e10a-4bfa-8dc8-def0b7b7580a','confirmed','2024-11-07 23:00:00',NULL),('3f35984a-c443-11f0-b163-525400735d47','3f2c0475-c443-11f0-b163-525400735d47','9c0ccbee-c7a4-4da5-9147-7e117f9eb16a','281a79c2-e10a-4bfa-8dc8-def0b7b7580a','confirmed','2024-11-07 23:00:00',NULL),('3f3599d8-c443-11f0-b163-525400735d47','3f2c0475-c443-11f0-b163-525400735d47','7dda9b5f-62ca-4e98-a44d-943cb982c684','281a79c2-e10a-4bfa-8dc8-def0b7b7580a','confirmed','2024-11-07 23:00:00',NULL),('3f3a9a1f-c443-11f0-b163-525400735d47','3f2c0475-c443-11f0-b163-525400735d47','108f7973-6baa-47ae-8138-139723ad1eb5','b6ab3e9b-7bd7-468f-ae54-51c7675831e3','confirmed','2024-11-07 23:00:00',NULL),('3f3a9cea-c443-11f0-b163-525400735d47','3f2c0475-c443-11f0-b163-525400735d47','84e2f056-3854-41e6-9941-25f9a428fcda','b6ab3e9b-7bd7-468f-ae54-51c7675831e3','confirmed','2024-11-07 23:00:00',NULL),('3f3a9e45-c443-11f0-b163-525400735d47','3f2c0475-c443-11f0-b163-525400735d47','21a35430-9b03-4adf-9ac1-be66f1aad476','b6ab3e9b-7bd7-468f-ae54-51c7675831e3','confirmed','2024-11-07 23:00:00',NULL),('3f3a9f5e-c443-11f0-b163-525400735d47','3f2c0475-c443-11f0-b163-525400735d47','6a1ea615-5f87-4e6a-bc3a-214ee9a48646','b6ab3e9b-7bd7-468f-ae54-51c7675831e3','confirmed','2024-11-07 23:00:00',NULL),('3f3aa074-c443-11f0-b163-525400735d47','3f2c0475-c443-11f0-b163-525400735d47','370f143c-17fe-4df4-b2d6-f75ed4a97a99','b6ab3e9b-7bd7-468f-ae54-51c7675831e3','confirmed','2024-11-07 23:00:00',NULL),('3f3aa180-c443-11f0-b163-525400735d47','3f2c0475-c443-11f0-b163-525400735d47','d00e587b-de8f-44d5-b716-9d7860266be6','b6ab3e9b-7bd7-468f-ae54-51c7675831e3','confirmed','2024-11-07 23:00:00',NULL),('3f3aa28d-c443-11f0-b163-525400735d47','3f2c0475-c443-11f0-b163-525400735d47','277dc273-6b68-4d68-8414-3f2672278a6e','b6ab3e9b-7bd7-468f-ae54-51c7675831e3','confirmed','2024-11-07 23:00:00',NULL),('3f3aa39c-c443-11f0-b163-525400735d47','3f2c0475-c443-11f0-b163-525400735d47','9bb0beb2-1810-466e-9e60-713a82f2c6df','b6ab3e9b-7bd7-468f-ae54-51c7675831e3','confirmed','2024-11-07 23:00:00',NULL),('3f3aa4f3-c443-11f0-b163-525400735d47','3f2c0475-c443-11f0-b163-525400735d47','d2f05391-e6e4-4109-a0ef-47631700cb69','b6ab3e9b-7bd7-468f-ae54-51c7675831e3','confirmed','2024-11-07 23:00:00',NULL),('3f3aa625-c443-11f0-b163-525400735d47','3f2c0475-c443-11f0-b163-525400735d47','942b0614-06e4-4e35-acd8-52f806a9a5c7','b6ab3e9b-7bd7-468f-ae54-51c7675831e3','confirmed','2024-11-07 23:00:00',NULL),('3f3aa77f-c443-11f0-b163-525400735d47','3f2c0475-c443-11f0-b163-525400735d47','e18ad310-339b-48b4-8745-58630b87ba3d','b6ab3e9b-7bd7-468f-ae54-51c7675831e3','confirmed','2024-11-07 23:00:00',NULL),('437fa47e-e0ab-495d-9937-321e25e88dcb','3b05c8af-c4a8-47a4-a789-15d5c63ffc3d','f60affc5-8091-4f3d-af5a-5132a8e97bc0','281a79c2-e10a-4bfa-8dc8-def0b7b7580a','registered','2025-11-20 08:02:02',NULL),('4a1a708d-dc3c-45de-bb75-cfd6f848023f','3b05c8af-c4a8-47a4-a789-15d5c63ffc3d','9c0ccbee-c7a4-4da5-9147-7e117f9eb16a','281a79c2-e10a-4bfa-8dc8-def0b7b7580a','registered','2025-11-19 11:56:35',NULL),('4acb3a12-78fb-480c-82a4-8ddaeb04fa9a','3b05c8af-c4a8-47a4-a789-15d5c63ffc3d','8cf4f261-5ddb-446b-9064-dacbe9c59f1f','281a79c2-e10a-4bfa-8dc8-def0b7b7580a','registered','2025-11-19 04:46:04',NULL),('4acdc871-83c0-4353-a86f-7cdef43f072b','3b05c8af-c4a8-47a4-a789-15d5c63ffc3d','3e41b13c-8329-4911-b8fd-a2b6728759a7','b6ab3e9b-7bd7-468f-ae54-51c7675831e3','registered','2025-11-21 04:35:13',NULL),('4afaa9e0-c436-11f0-b163-525400735d47','4af19f47-c436-11f0-b163-525400735d47','1f8b12ed-deef-46de-8530-1fa1c8fd2f12','281a79c2-e10a-4bfa-8dc8-def0b7b7580a','confirmed','2024-10-07 23:00:00',NULL),('4afaad60-c436-11f0-b163-525400735d47','4af19f47-c436-11f0-b163-525400735d47','9c0ccbee-c7a4-4da5-9147-7e117f9eb16a','281a79c2-e10a-4bfa-8dc8-def0b7b7580a','confirmed','2024-10-07 23:00:00',NULL),('4afaae9a-c436-11f0-b163-525400735d47','4af19f47-c436-11f0-b163-525400735d47','7fbeef0d-dd93-457b-a259-16e869430e28','281a79c2-e10a-4bfa-8dc8-def0b7b7580a','confirmed','2024-10-07 23:00:00',NULL),('4afaafab-c436-11f0-b163-525400735d47','4af19f47-c436-11f0-b163-525400735d47','180d92e2-5a13-450e-97ea-9e19283c860b','281a79c2-e10a-4bfa-8dc8-def0b7b7580a','confirmed','2024-10-07 23:00:00',NULL),('4afab0ba-c436-11f0-b163-525400735d47','4af19f47-c436-11f0-b163-525400735d47','8cd7500c-c95e-4f3e-b776-c9bfaa5c0235','281a79c2-e10a-4bfa-8dc8-def0b7b7580a','confirmed','2024-10-07 23:00:00',NULL),('4afab27d-c436-11f0-b163-525400735d47','4af19f47-c436-11f0-b163-525400735d47','41097aab-54bd-4800-84cf-f79e8f7d3d2b','281a79c2-e10a-4bfa-8dc8-def0b7b7580a','confirmed','2024-10-07 23:00:00',NULL),('4aff96e0-c436-11f0-b163-525400735d47','4af19f47-c436-11f0-b163-525400735d47','003d0cec-2665-4655-82aa-198784fd2886','b6ab3e9b-7bd7-468f-ae54-51c7675831e3','confirmed','2024-10-07 23:00:00',NULL),('4aff9989-c436-11f0-b163-525400735d47','4af19f47-c436-11f0-b163-525400735d47','277dc273-6b68-4d68-8414-3f2672278a6e','b6ab3e9b-7bd7-468f-ae54-51c7675831e3','confirmed','2024-10-07 23:00:00',NULL),('4aff9ab4-c436-11f0-b163-525400735d47','4af19f47-c436-11f0-b163-525400735d47','6a1ea615-5f87-4e6a-bc3a-214ee9a48646','b6ab3e9b-7bd7-468f-ae54-51c7675831e3','confirmed','2024-10-07 23:00:00',NULL),('4aff9bca-c436-11f0-b163-525400735d47','4af19f47-c436-11f0-b163-525400735d47','21a35430-9b03-4adf-9ac1-be66f1aad476','b6ab3e9b-7bd7-468f-ae54-51c7675831e3','confirmed','2024-10-07 23:00:00',NULL),('4aff9cd1-c436-11f0-b163-525400735d47','4af19f47-c436-11f0-b163-525400735d47','d2f05391-e6e4-4109-a0ef-47631700cb69','b6ab3e9b-7bd7-468f-ae54-51c7675831e3','confirmed','2024-10-07 23:00:00',NULL),('4aff9ddc-c436-11f0-b163-525400735d47','4af19f47-c436-11f0-b163-525400735d47','942b0614-06e4-4e35-acd8-52f806a9a5c7','b6ab3e9b-7bd7-468f-ae54-51c7675831e3','confirmed','2024-10-07 23:00:00',NULL),('4aff9f62-c436-11f0-b163-525400735d47','4af19f47-c436-11f0-b163-525400735d47','37a97715-d228-479b-a032-e04e24b43ae7','b6ab3e9b-7bd7-468f-ae54-51c7675831e3','confirmed','2024-10-07 23:00:00',NULL),('4affa15f-c436-11f0-b163-525400735d47','4af19f47-c436-11f0-b163-525400735d47','9bb0beb2-1810-466e-9e60-713a82f2c6df','b6ab3e9b-7bd7-468f-ae54-51c7675831e3','confirmed','2024-10-07 23:00:00',NULL),('4affa277-c436-11f0-b163-525400735d47','4af19f47-c436-11f0-b163-525400735d47','370f143c-17fe-4df4-b2d6-f75ed4a97a99','b6ab3e9b-7bd7-468f-ae54-51c7675831e3','confirmed','2024-10-07 23:00:00',NULL),('4c81c0c3-c439-11f0-b163-525400735d47','4c78f684-c439-11f0-b163-525400735d47','8cf4f261-5ddb-446b-9064-dacbe9c59f1f','281a79c2-e10a-4bfa-8dc8-def0b7b7580a','confirmed','2024-10-11 23:00:00',NULL),('4c81c5b3-c439-11f0-b163-525400735d47','4c78f684-c439-11f0-b163-525400735d47','7fbeef0d-dd93-457b-a259-16e869430e28','281a79c2-e10a-4bfa-8dc8-def0b7b7580a','confirmed','2024-10-11 23:00:00',NULL),('4c81c715-c439-11f0-b163-525400735d47','4c78f684-c439-11f0-b163-525400735d47','180d92e2-5a13-450e-97ea-9e19283c860b','281a79c2-e10a-4bfa-8dc8-def0b7b7580a','confirmed','2024-10-11 23:00:00',NULL),('4c81c82e-c439-11f0-b163-525400735d47','4c78f684-c439-11f0-b163-525400735d47','8cd7500c-c95e-4f3e-b776-c9bfaa5c0235','281a79c2-e10a-4bfa-8dc8-def0b7b7580a','confirmed','2024-10-11 23:00:00',NULL),('4c81c93e-c439-11f0-b163-525400735d47','4c78f684-c439-11f0-b163-525400735d47','28279967-d68a-45d3-93aa-1887554b2eb3','281a79c2-e10a-4bfa-8dc8-def0b7b7580a','confirmed','2024-10-11 23:00:00',NULL),('4c868722-c439-11f0-b163-525400735d47','4c78f684-c439-11f0-b163-525400735d47','9bb0beb2-1810-466e-9e60-713a82f2c6df','b6ab3e9b-7bd7-468f-ae54-51c7675831e3','confirmed','2024-10-11 23:00:00',NULL),('4c868cab-c439-11f0-b163-525400735d47','4c78f684-c439-11f0-b163-525400735d47','21a35430-9b03-4adf-9ac1-be66f1aad476','b6ab3e9b-7bd7-468f-ae54-51c7675831e3','confirmed','2024-10-11 23:00:00',NULL),('4c868e9d-c439-11f0-b163-525400735d47','4c78f684-c439-11f0-b163-525400735d47','277dc273-6b68-4d68-8414-3f2672278a6e','b6ab3e9b-7bd7-468f-ae54-51c7675831e3','confirmed','2024-10-11 23:00:00',NULL),('4c868ffb-c439-11f0-b163-525400735d47','4c78f684-c439-11f0-b163-525400735d47','108f7973-6baa-47ae-8138-139723ad1eb5','b6ab3e9b-7bd7-468f-ae54-51c7675831e3','confirmed','2024-10-11 23:00:00',NULL),('4c86915e-c439-11f0-b163-525400735d47','4c78f684-c439-11f0-b163-525400735d47','d2f05391-e6e4-4109-a0ef-47631700cb69','b6ab3e9b-7bd7-468f-ae54-51c7675831e3','confirmed','2024-10-11 23:00:00',NULL),('4c869974-c439-11f0-b163-525400735d47','4c78f684-c439-11f0-b163-525400735d47','37a97715-d228-479b-a032-e04e24b43ae7','b6ab3e9b-7bd7-468f-ae54-51c7675831e3','confirmed','2024-10-11 23:00:00',NULL),('4c869abe-c439-11f0-b163-525400735d47','4c78f684-c439-11f0-b163-525400735d47','942b0614-06e4-4e35-acd8-52f806a9a5c7','b6ab3e9b-7bd7-468f-ae54-51c7675831e3','confirmed','2024-10-11 23:00:00',NULL),('4c869bef-c439-11f0-b163-525400735d47','4c78f684-c439-11f0-b163-525400735d47','84e2f056-3854-41e6-9941-25f9a428fcda','b6ab3e9b-7bd7-468f-ae54-51c7675831e3','confirmed','2024-10-11 23:00:00',NULL),('4c869d18-c439-11f0-b163-525400735d47','4c78f684-c439-11f0-b163-525400735d47','d8d70e63-fe1b-4a73-9b1c-93d68d259e99','b6ab3e9b-7bd7-468f-ae54-51c7675831e3','confirmed','2024-10-11 23:00:00',NULL),('4c869e2f-c439-11f0-b163-525400735d47','4c78f684-c439-11f0-b163-525400735d47','370f143c-17fe-4df4-b2d6-f75ed4a97a99','b6ab3e9b-7bd7-468f-ae54-51c7675831e3','confirmed','2024-10-11 23:00:00',NULL),('4f16d55d-9f1e-4d32-a652-03c7163d60c7','3b05c8af-c4a8-47a4-a789-15d5c63ffc3d','003d0cec-2665-4655-82aa-198784fd2886','b6ab3e9b-7bd7-468f-ae54-51c7675831e3','registered','2025-11-21 03:53:32',NULL),('4f2e3324-020e-4ba2-9fe8-cb2ddf6c8ad9','3b05c8af-c4a8-47a4-a789-15d5c63ffc3d','6a1ea615-5f87-4e6a-bc3a-214ee9a48646','b6ab3e9b-7bd7-468f-ae54-51c7675831e3','registered','2025-11-20 12:04:16',NULL),('52e73341-5f1e-433e-a6dd-4387dcbb6c96','a9840366-bbbc-4114-826e-32f3f723d4b9','9c0ccbee-c7a4-4da5-9147-7e117f9eb16a','281a79c2-e10a-4bfa-8dc8-def0b7b7580a','registered','2025-11-26 04:08:47',NULL),('551ea7d8-c447-11f0-b163-525400735d47','5514dd79-c447-11f0-b163-525400735d47','1f8b12ed-deef-46de-8530-1fa1c8fd2f12','281a79c2-e10a-4bfa-8dc8-def0b7b7580a','confirmed','2024-11-14 23:00:00',NULL),('551eaec4-c447-11f0-b163-525400735d47','5514dd79-c447-11f0-b163-525400735d47','7fbeef0d-dd93-457b-a259-16e869430e28','281a79c2-e10a-4bfa-8dc8-def0b7b7580a','confirmed','2024-11-14 23:00:00',NULL),('551eb13b-c447-11f0-b163-525400735d47','5514dd79-c447-11f0-b163-525400735d47','8cf5f4ad-3159-41e2-942f-b77804afe972','281a79c2-e10a-4bfa-8dc8-def0b7b7580a','confirmed','2024-11-14 23:00:00',NULL),('551eb309-c447-11f0-b163-525400735d47','5514dd79-c447-11f0-b163-525400735d47','8cd7500c-c95e-4f3e-b776-c9bfaa5c0235','281a79c2-e10a-4bfa-8dc8-def0b7b7580a','confirmed','2024-11-14 23:00:00',NULL),('551eb44e-c447-11f0-b163-525400735d47','5514dd79-c447-11f0-b163-525400735d47','fe6aebef-6f31-4cc1-baa0-4131c267d5f8','281a79c2-e10a-4bfa-8dc8-def0b7b7580a','confirmed','2024-11-14 23:00:00',NULL),('551eb584-c447-11f0-b163-525400735d47','5514dd79-c447-11f0-b163-525400735d47','8cf4f261-5ddb-446b-9064-dacbe9c59f1f','281a79c2-e10a-4bfa-8dc8-def0b7b7580a','confirmed','2024-11-14 23:00:00',NULL),('5523ceb2-c447-11f0-b163-525400735d47','5514dd79-c447-11f0-b163-525400735d47','370f143c-17fe-4df4-b2d6-f75ed4a97a99','b6ab3e9b-7bd7-468f-ae54-51c7675831e3','confirmed','2024-11-14 23:00:00',NULL),('5523d3ba-c447-11f0-b163-525400735d47','5514dd79-c447-11f0-b163-525400735d47','84e2f056-3854-41e6-9941-25f9a428fcda','b6ab3e9b-7bd7-468f-ae54-51c7675831e3','confirmed','2024-11-14 23:00:00',NULL),('5523d515-c447-11f0-b163-525400735d47','5514dd79-c447-11f0-b163-525400735d47','108f7973-6baa-47ae-8138-139723ad1eb5','b6ab3e9b-7bd7-468f-ae54-51c7675831e3','confirmed','2024-11-14 23:00:00',NULL),('5523d63d-c447-11f0-b163-525400735d47','5514dd79-c447-11f0-b163-525400735d47','6a1ea615-5f87-4e6a-bc3a-214ee9a48646','b6ab3e9b-7bd7-468f-ae54-51c7675831e3','confirmed','2024-11-14 23:00:00',NULL),('5523d75b-c447-11f0-b163-525400735d47','5514dd79-c447-11f0-b163-525400735d47','9bb0beb2-1810-466e-9e60-713a82f2c6df','b6ab3e9b-7bd7-468f-ae54-51c7675831e3','confirmed','2024-11-14 23:00:00',NULL),('5523d874-c447-11f0-b163-525400735d47','5514dd79-c447-11f0-b163-525400735d47','e18ad310-339b-48b4-8745-58630b87ba3d','b6ab3e9b-7bd7-468f-ae54-51c7675831e3','confirmed','2024-11-14 23:00:00',NULL),('5523d990-c447-11f0-b163-525400735d47','5514dd79-c447-11f0-b163-525400735d47','d2f05391-e6e4-4109-a0ef-47631700cb69','b6ab3e9b-7bd7-468f-ae54-51c7675831e3','confirmed','2024-11-14 23:00:00',NULL),('5523daac-c447-11f0-b163-525400735d47','5514dd79-c447-11f0-b163-525400735d47','942b0614-06e4-4e35-acd8-52f806a9a5c7','b6ab3e9b-7bd7-468f-ae54-51c7675831e3','confirmed','2024-11-14 23:00:00',NULL),('5523dc3e-c447-11f0-b163-525400735d47','5514dd79-c447-11f0-b163-525400735d47','277dc273-6b68-4d68-8414-3f2672278a6e','b6ab3e9b-7bd7-468f-ae54-51c7675831e3','confirmed','2024-11-14 23:00:00',NULL),('584f7a14-cb0b-4400-a59b-8254ad4a76f6','3b05c8af-c4a8-47a4-a789-15d5c63ffc3d','86605ffe-31a8-4264-857a-c5d65934b418','281a79c2-e10a-4bfa-8dc8-def0b7b7580a','registered','2025-11-19 11:46:28',NULL),('5cbafaca-c432-11f0-b163-525400735d47','5cb22fa6-c432-11f0-b163-525400735d47','9bb0beb2-1810-466e-9e60-713a82f2c6df','b6ab3e9b-7bd7-468f-ae54-51c7675831e3','confirmed','2024-09-26 23:00:00',NULL),('5cbaff76-c432-11f0-b163-525400735d47','5cb22fa6-c432-11f0-b163-525400735d47','108f7973-6baa-47ae-8138-139723ad1eb5','b6ab3e9b-7bd7-468f-ae54-51c7675831e3','confirmed','2024-09-26 23:00:00',NULL),('5cbb0143-c432-11f0-b163-525400735d47','5cb22fa6-c432-11f0-b163-525400735d47','6a1ea615-5f87-4e6a-bc3a-214ee9a48646','b6ab3e9b-7bd7-468f-ae54-51c7675831e3','confirmed','2024-09-26 23:00:00',NULL),('5cbb025c-c432-11f0-b163-525400735d47','5cb22fa6-c432-11f0-b163-525400735d47','84e2f056-3854-41e6-9941-25f9a428fcda','b6ab3e9b-7bd7-468f-ae54-51c7675831e3','confirmed','2024-09-26 23:00:00',NULL),('5cbb03c3-c432-11f0-b163-525400735d47','5cb22fa6-c432-11f0-b163-525400735d47','d8d70e63-fe1b-4a73-9b1c-93d68d259e99','b6ab3e9b-7bd7-468f-ae54-51c7675831e3','confirmed','2024-09-26 23:00:00',NULL),('5cbb04f2-c432-11f0-b163-525400735d47','5cb22fa6-c432-11f0-b163-525400735d47','d00e587b-de8f-44d5-b716-9d7860266be6','b6ab3e9b-7bd7-468f-ae54-51c7675831e3','confirmed','2024-09-26 23:00:00',NULL),('5cbb0613-c432-11f0-b163-525400735d47','5cb22fa6-c432-11f0-b163-525400735d47','d2f05391-e6e4-4109-a0ef-47631700cb69','b6ab3e9b-7bd7-468f-ae54-51c7675831e3','confirmed','2024-09-26 23:00:00',NULL),('5cbb0952-c432-11f0-b163-525400735d47','5cb22fa6-c432-11f0-b163-525400735d47','e18ad310-339b-48b4-8745-58630b87ba3d','b6ab3e9b-7bd7-468f-ae54-51c7675831e3','confirmed','2024-09-26 23:00:00',NULL),('5cbb0add-c432-11f0-b163-525400735d47','5cb22fa6-c432-11f0-b163-525400735d47','277dc273-6b68-4d68-8414-3f2672278a6e','b6ab3e9b-7bd7-468f-ae54-51c7675831e3','confirmed','2024-09-26 23:00:00',NULL),('5cbb0c3d-c432-11f0-b163-525400735d47','5cb22fa6-c432-11f0-b163-525400735d47','37a97715-d228-479b-a032-e04e24b43ae7','b6ab3e9b-7bd7-468f-ae54-51c7675831e3','confirmed','2024-09-26 23:00:00',NULL),('5cbf8801-c432-11f0-b163-525400735d47','5cb22fa6-c432-11f0-b163-525400735d47','8cd7500c-c95e-4f3e-b776-c9bfaa5c0235','281a79c2-e10a-4bfa-8dc8-def0b7b7580a','confirmed','2024-09-26 23:00:00',NULL),('5cbf8a7d-c432-11f0-b163-525400735d47','5cb22fa6-c432-11f0-b163-525400735d47','41097aab-54bd-4800-84cf-f79e8f7d3d2b','281a79c2-e10a-4bfa-8dc8-def0b7b7580a','confirmed','2024-09-26 23:00:00',NULL),('652e5a6f-b5c6-4704-963f-5b8b0305b6f8','3b05c8af-c4a8-47a4-a789-15d5c63ffc3d','21a35430-9b03-4adf-9ac1-be66f1aad476','b6ab3e9b-7bd7-468f-ae54-51c7675831e3','registered','2025-11-19 05:04:55',NULL),('688b2f99-c009-4342-b2db-7365991685c0','3b05c8af-c4a8-47a4-a789-15d5c63ffc3d','7e769d4a-ca83-469d-a117-75b84313ed6c','281a79c2-e10a-4bfa-8dc8-def0b7b7580a','registered','2025-11-21 13:57:32',NULL),('696ba605-4914-4dc3-adbb-e5678997b4d4','3b05c8af-c4a8-47a4-a789-15d5c63ffc3d','0f4a4dee-138b-4356-b071-26f3eac9573a','b6ab3e9b-7bd7-468f-ae54-51c7675831e3','registered','2025-11-20 15:29:52',NULL),('6e96ab09-5aa0-4e89-87cc-319c78e3ab4e','3b05c8af-c4a8-47a4-a789-15d5c63ffc3d','e18ad310-339b-48b4-8745-58630b87ba3d','b6ab3e9b-7bd7-468f-ae54-51c7675831e3','registered','2025-11-20 06:17:55',NULL),('82123f2e-132b-46d8-a0c2-3a1097a4be17','a9840366-bbbc-4114-826e-32f3f723d4b9','09f94250-a533-490b-bea7-295e2b128737','281a79c2-e10a-4bfa-8dc8-def0b7b7580a','registered','2025-11-26 03:54:43',NULL),('874685bd-c43d-11f0-b163-525400735d47','fed55d17-c43b-11f0-b163-525400735d47','0d6d6f93-fc4b-4512-bd9f-4bb08178c742','281a79c2-e10a-4bfa-8dc8-def0b7b7580a','confirmed','2024-10-24 23:00:00',NULL),('874b12e9-c43d-11f0-b163-525400735d47','fed55d17-c43b-11f0-b163-525400735d47','9bb0beb2-1810-466e-9e60-713a82f2c6df','b6ab3e9b-7bd7-468f-ae54-51c7675831e3','confirmed','2024-10-24 23:00:00',NULL),('874b180a-c43d-11f0-b163-525400735d47','fed55d17-c43b-11f0-b163-525400735d47','277dc273-6b68-4d68-8414-3f2672278a6e','b6ab3e9b-7bd7-468f-ae54-51c7675831e3','confirmed','2024-10-24 23:00:00',NULL),('874b1974-c43d-11f0-b163-525400735d47','fed55d17-c43b-11f0-b163-525400735d47','21a35430-9b03-4adf-9ac1-be66f1aad476','b6ab3e9b-7bd7-468f-ae54-51c7675831e3','confirmed','2024-10-24 23:00:00',NULL),('874b1aa8-c43d-11f0-b163-525400735d47','fed55d17-c43b-11f0-b163-525400735d47','108f7973-6baa-47ae-8138-139723ad1eb5','b6ab3e9b-7bd7-468f-ae54-51c7675831e3','confirmed','2024-10-24 23:00:00',NULL),('874b1c31-c43d-11f0-b163-525400735d47','fed55d17-c43b-11f0-b163-525400735d47','84e2f056-3854-41e6-9941-25f9a428fcda','b6ab3e9b-7bd7-468f-ae54-51c7675831e3','confirmed','2024-10-24 23:00:00',NULL),('874b1df7-c43d-11f0-b163-525400735d47','fed55d17-c43b-11f0-b163-525400735d47','d2f05391-e6e4-4109-a0ef-47631700cb69','b6ab3e9b-7bd7-468f-ae54-51c7675831e3','confirmed','2024-10-24 23:00:00',NULL),('874b2041-c43d-11f0-b163-525400735d47','fed55d17-c43b-11f0-b163-525400735d47','942b0614-06e4-4e35-acd8-52f806a9a5c7','b6ab3e9b-7bd7-468f-ae54-51c7675831e3','confirmed','2024-10-24 23:00:00',NULL),('874b2860-c43d-11f0-b163-525400735d47','fed55d17-c43b-11f0-b163-525400735d47','d00e587b-de8f-44d5-b716-9d7860266be6','b6ab3e9b-7bd7-468f-ae54-51c7675831e3','confirmed','2024-10-24 23:00:00',NULL),('874b2a46-c43d-11f0-b163-525400735d47','fed55d17-c43b-11f0-b163-525400735d47','37a97715-d228-479b-a032-e04e24b43ae7','b6ab3e9b-7bd7-468f-ae54-51c7675831e3','confirmed','2024-10-24 23:00:00',NULL),('874b2b7b-c43d-11f0-b163-525400735d47','fed55d17-c43b-11f0-b163-525400735d47','6a1ea615-5f87-4e6a-bc3a-214ee9a48646','b6ab3e9b-7bd7-468f-ae54-51c7675831e3','confirmed','2024-10-24 23:00:00',NULL),('874b2c8e-c43d-11f0-b163-525400735d47','fed55d17-c43b-11f0-b163-525400735d47','370f143c-17fe-4df4-b2d6-f75ed4a97a99','b6ab3e9b-7bd7-468f-ae54-51c7675831e3','confirmed','2024-10-24 23:00:00',NULL),('917b0a45-b882-4406-aaaf-ed9448aa5db6','a9840366-bbbc-4114-826e-32f3f723d4b9','003d0cec-2665-4655-82aa-198784fd2886','b6ab3e9b-7bd7-468f-ae54-51c7675831e3','registered','2025-11-26 03:48:01',NULL),('9dd849c1-215e-4a4f-9953-82693f068aa9','a9840366-bbbc-4114-826e-32f3f723d4b9','9bb0beb2-1810-466e-9e60-713a82f2c6df','b6ab3e9b-7bd7-468f-ae54-51c7675831e3','registered','2025-11-26 03:48:46',NULL),('a7827441-725c-492a-ab89-5d6d395d109a','a9840366-bbbc-4114-826e-32f3f723d4b9','7fbeef0d-dd93-457b-a259-16e869430e28','281a79c2-e10a-4bfa-8dc8-def0b7b7580a','registered','2025-11-26 03:57:10',NULL),('aa48c110-c42e-11f0-b163-525400735d47','aa3eb715-c42e-11f0-b163-525400735d47','407b88e4-d9cf-4c78-bff5-85e4fa868eca','b6ab3e9b-7bd7-468f-ae54-51c7675831e3','confirmed','2024-09-20 10:00:00',NULL),('aa48c628-c42e-11f0-b163-525400735d47','aa3eb715-c42e-11f0-b163-525400735d47','277dc273-6b68-4d68-8414-3f2672278a6e','b6ab3e9b-7bd7-468f-ae54-51c7675831e3','confirmed','2024-09-20 10:00:00',NULL),('aa48c894-c42e-11f0-b163-525400735d47','aa3eb715-c42e-11f0-b163-525400735d47','d2f05391-e6e4-4109-a0ef-47631700cb69','b6ab3e9b-7bd7-468f-ae54-51c7675831e3','confirmed','2024-09-20 10:00:00',NULL),('aa48c9a9-c42e-11f0-b163-525400735d47','aa3eb715-c42e-11f0-b163-525400735d47','21a35430-9b03-4adf-9ac1-be66f1aad476','b6ab3e9b-7bd7-468f-ae54-51c7675831e3','confirmed','2024-09-20 10:00:00',NULL),('aa48caf9-c42e-11f0-b163-525400735d47','aa3eb715-c42e-11f0-b163-525400735d47','37a97715-d228-479b-a032-e04e24b43ae7','b6ab3e9b-7bd7-468f-ae54-51c7675831e3','confirmed','2024-09-20 10:00:00',NULL),('aa48cc28-c42e-11f0-b163-525400735d47','aa3eb715-c42e-11f0-b163-525400735d47','84e2f056-3854-41e6-9941-25f9a428fcda','b6ab3e9b-7bd7-468f-ae54-51c7675831e3','confirmed','2024-09-20 10:00:00',NULL),('aa48cd3d-c42e-11f0-b163-525400735d47','aa3eb715-c42e-11f0-b163-525400735d47','9bb0beb2-1810-466e-9e60-713a82f2c6df','b6ab3e9b-7bd7-468f-ae54-51c7675831e3','confirmed','2024-09-20 10:00:00',NULL),('aa48ce64-c42e-11f0-b163-525400735d47','aa3eb715-c42e-11f0-b163-525400735d47','d00e587b-de8f-44d5-b716-9d7860266be6','b6ab3e9b-7bd7-468f-ae54-51c7675831e3','confirmed','2024-09-20 10:00:00',NULL),('aa48cf79-c42e-11f0-b163-525400735d47','aa3eb715-c42e-11f0-b163-525400735d47','370f143c-17fe-4df4-b2d6-f75ed4a97a99','b6ab3e9b-7bd7-468f-ae54-51c7675831e3','confirmed','2024-09-20 10:00:00',NULL),('aa48d095-c42e-11f0-b163-525400735d47','aa3eb715-c42e-11f0-b163-525400735d47','e18ad310-339b-48b4-8745-58630b87ba3d','b6ab3e9b-7bd7-468f-ae54-51c7675831e3','confirmed','2024-09-20 10:00:00',NULL),('aa48d194-c42e-11f0-b163-525400735d47','aa3eb715-c42e-11f0-b163-525400735d47','71d7ab1d-1674-4f0f-8a81-d0348f45ed83','b6ab3e9b-7bd7-468f-ae54-51c7675831e3','confirmed','2024-09-20 10:00:00',NULL),('aa4df2a8-c42e-11f0-b163-525400735d47','aa3eb715-c42e-11f0-b163-525400735d47','1f8b12ed-deef-46de-8530-1fa1c8fd2f12','281a79c2-e10a-4bfa-8dc8-def0b7b7580a','confirmed','2024-09-20 10:00:00',NULL),('aa4df5ca-c42e-11f0-b163-525400735d47','aa3eb715-c42e-11f0-b163-525400735d47','8cf4f261-5ddb-446b-9064-dacbe9c59f1f','281a79c2-e10a-4bfa-8dc8-def0b7b7580a','confirmed','2024-09-20 10:00:00',NULL),('aa4df7af-c42e-11f0-b163-525400735d47','aa3eb715-c42e-11f0-b163-525400735d47','1ab26cea-e054-4500-a4a9-14b9b82239ad','281a79c2-e10a-4bfa-8dc8-def0b7b7580a','confirmed','2024-09-20 10:00:00',NULL),('aa4df8b8-c42e-11f0-b163-525400735d47','aa3eb715-c42e-11f0-b163-525400735d47','7dda9b5f-62ca-4e98-a44d-943cb982c684','281a79c2-e10a-4bfa-8dc8-def0b7b7580a','confirmed','2024-09-20 10:00:00',NULL),('aa4df9b3-c42e-11f0-b163-525400735d47','aa3eb715-c42e-11f0-b163-525400735d47','41097aab-54bd-4800-84cf-f79e8f7d3d2b','281a79c2-e10a-4bfa-8dc8-def0b7b7580a','confirmed','2024-09-20 10:00:00',NULL),('aa4dfaa9-c42e-11f0-b163-525400735d47','aa3eb715-c42e-11f0-b163-525400735d47','7fbeef0d-dd93-457b-a259-16e869430e28','281a79c2-e10a-4bfa-8dc8-def0b7b7580a','confirmed','2024-09-20 10:00:00',NULL),('aa4dfb96-c42e-11f0-b163-525400735d47','aa3eb715-c42e-11f0-b163-525400735d47','8cd7500c-c95e-4f3e-b776-c9bfaa5c0235','281a79c2-e10a-4bfa-8dc8-def0b7b7580a','confirmed','2024-09-20 10:00:00',NULL),('aa4dfc82-c42e-11f0-b163-525400735d47','aa3eb715-c42e-11f0-b163-525400735d47','180d92e2-5a13-450e-97ea-9e19283c860b','281a79c2-e10a-4bfa-8dc8-def0b7b7580a','confirmed','2024-09-20 10:00:00',NULL),('af994911-6fe8-4e12-ae06-8bd3e8c862af','3b05c8af-c4a8-47a4-a789-15d5c63ffc3d','c55cbd22-ffa7-4da9-8793-454134257948','281a79c2-e10a-4bfa-8dc8-def0b7b7580a','registered','2025-11-21 10:53:06',NULL),('aff9a3f8-735a-4c79-b54d-0bd4325b41f4','3b05c8af-c4a8-47a4-a789-15d5c63ffc3d','8cd7500c-c95e-4f3e-b776-c9bfaa5c0235','281a79c2-e10a-4bfa-8dc8-def0b7b7580a','registered','2025-11-21 08:24:37',NULL),('b422e4ce-f207-4178-96b9-42227c92ef7e','3b05c8af-c4a8-47a4-a789-15d5c63ffc3d','37a97715-d228-479b-a032-e04e24b43ae7','b6ab3e9b-7bd7-468f-ae54-51c7675831e3','leave','2025-11-20 23:12:02','医院复查'),('b62bd3fb-c44c-11f0-b163-525400735d47','5514dd79-c447-11f0-b163-525400735d47','003d0cec-2665-4655-82aa-198784fd2886','b6ab3e9b-7bd7-468f-ae54-51c7675831e3','confirmed','2024-11-14 23:00:00',NULL),('bb31c0ba-b1b9-4d93-9420-2d7753204cc6','a9840366-bbbc-4114-826e-32f3f723d4b9','942b0614-06e4-4e35-acd8-52f806a9a5c7','b6ab3e9b-7bd7-468f-ae54-51c7675831e3','registered','2025-11-26 04:13:44',NULL),('bd530320-b7af-4ad8-9f52-a576184140cc','3b05c8af-c4a8-47a4-a789-15d5c63ffc3d','0d6d6f93-fc4b-4512-bd9f-4bb08178c742','281a79c2-e10a-4bfa-8dc8-def0b7b7580a','registered','2025-11-20 08:05:33',NULL),('cdb9edda-94d6-43cf-811c-2d640c9af846','3b05c8af-c4a8-47a4-a789-15d5c63ffc3d','942b0614-06e4-4e35-acd8-52f806a9a5c7','b6ab3e9b-7bd7-468f-ae54-51c7675831e3','leave','2025-11-19 04:42:22','周六回老家'),('ddf7772c-8b37-4fc3-b8ca-1cb180380c93','3b05c8af-c4a8-47a4-a789-15d5c63ffc3d','7fbeef0d-dd93-457b-a259-16e869430e28','281a79c2-e10a-4bfa-8dc8-def0b7b7580a','registered','2025-11-19 05:05:07',NULL),('e052b15c-c22a-44a0-8b18-2d14f76d7eee','3b05c8af-c4a8-47a4-a789-15d5c63ffc3d','277dc273-6b68-4d68-8414-3f2672278a6e','b6ab3e9b-7bd7-468f-ae54-51c7675831e3','registered','2025-11-19 05:05:37',NULL),('e2593132-d6d2-447d-ac77-a8b31d4c05fe','a9840366-bbbc-4114-826e-32f3f723d4b9','8cf4f261-5ddb-446b-9064-dacbe9c59f1f','281a79c2-e10a-4bfa-8dc8-def0b7b7580a','registered','2025-11-26 03:47:59',NULL),('e2699944-b6be-418c-90a3-faeb69e6e477','3b05c8af-c4a8-47a4-a789-15d5c63ffc3d','d2f05391-e6e4-4109-a0ef-47631700cb69','b6ab3e9b-7bd7-468f-ae54-51c7675831e3','registered','2025-11-20 01:12:49',NULL),('e7bf8a76-9ca5-4d0c-ae80-ebae0d4e7d9f','3b05c8af-c4a8-47a4-a789-15d5c63ffc3d','180d92e2-5a13-450e-97ea-9e19283c860b','281a79c2-e10a-4bfa-8dc8-def0b7b7580a','registered','2025-11-20 23:43:58',NULL),('fcfb7273-d2ab-441e-9df2-79dbdb6383da','a9840366-bbbc-4114-826e-32f3f723d4b9','41c2f924-fcc1-4c6f-9b86-7a715bd54d72','b6ab3e9b-7bd7-468f-ae54-51c7675831e3','registered','2025-11-26 03:52:27',NULL),('feddff1d-c43b-11f0-b163-525400735d47','fed55d17-c43b-11f0-b163-525400735d47','7fbeef0d-dd93-457b-a259-16e869430e28','281a79c2-e10a-4bfa-8dc8-def0b7b7580a','confirmed','2024-10-24 23:00:00',NULL),('fede02ac-c43b-11f0-b163-525400735d47','fed55d17-c43b-11f0-b163-525400735d47','9c0ccbee-c7a4-4da5-9147-7e117f9eb16a','281a79c2-e10a-4bfa-8dc8-def0b7b7580a','confirmed','2024-10-24 23:00:00',NULL),('fede04a2-c43b-11f0-b163-525400735d47','fed55d17-c43b-11f0-b163-525400735d47','8cf4f261-5ddb-446b-9064-dacbe9c59f1f','281a79c2-e10a-4bfa-8dc8-def0b7b7580a','confirmed','2024-10-24 23:00:00',NULL),('fede06e3-c43b-11f0-b163-525400735d47','fed55d17-c43b-11f0-b163-525400735d47','180d92e2-5a13-450e-97ea-9e19283c860b','281a79c2-e10a-4bfa-8dc8-def0b7b7580a','confirmed','2024-10-24 23:00:00',NULL),('fede0e7f-c43b-11f0-b163-525400735d47','fed55d17-c43b-11f0-b163-525400735d47','7dda9b5f-62ca-4e98-a44d-943cb982c684','281a79c2-e10a-4bfa-8dc8-def0b7b7580a','confirmed','2024-10-24 23:00:00',NULL),('fede1054-c43b-11f0-b163-525400735d47','fed55d17-c43b-11f0-b163-525400735d47','8cf5f4ad-3159-41e2-942f-b77804afe972','281a79c2-e10a-4bfa-8dc8-def0b7b7580a','confirmed','2024-10-24 23:00:00',NULL),('fede11f6-c43b-11f0-b163-525400735d47','fed55d17-c43b-11f0-b163-525400735d47','28279967-d68a-45d3-93aa-1887554b2eb3','281a79c2-e10a-4bfa-8dc8-def0b7b7580a','confirmed','2024-10-24 23:00:00',NULL),('ffc13887-5551-4830-8974-6abd13ff4adf','a9840366-bbbc-4114-826e-32f3f723d4b9','277dc273-6b68-4d68-8414-3f2672278a6e','b6ab3e9b-7bd7-468f-ae54-51c7675831e3','registered','2025-11-26 03:53:06',NULL);
/*!40000 ALTER TABLE `registrations` ENABLE KEYS */;
UNLOCK TABLES;

--
-- Table structure for table `seasons`
--

DROP TABLE IF EXISTS `seasons`;
/*!40101 SET @saved_cs_client     = @@character_set_client */;
/*!50503 SET character_set_client = utf8mb4 */;
CREATE TABLE `seasons` (
  `id` varchar(36) CHARACTER SET utf8mb4 COLLATE utf8mb4_0900_ai_ci NOT NULL COMMENT '赛季ID',
  `name` varchar(50) CHARACTER SET utf8mb4 COLLATE utf8mb4_0900_ai_ci NOT NULL COMMENT '赛季名称，如2025-S1',
  `title` varchar(100) CHARACTER SET utf8mb4 COLLATE utf8mb4_0900_ai_ci DEFAULT NULL COMMENT '赛季标题',
  `description` text CHARACTER SET utf8mb4 COLLATE utf8mb4_0900_ai_ci COMMENT '赛季说明',
  `start_date` datetime DEFAULT NULL COMMENT '赛季开始日期',
  `end_date` datetime DEFAULT NULL COMMENT '赛季结束日期',
  `max_matches` int DEFAULT '10' COMMENT '赛季最大比赛场数',
  `status` enum('upcoming','active','completed','archived') CHARACTER SET utf8mb4 COLLATE utf8mb4_0900_ai_ci DEFAULT 'upcoming' COMMENT '赛季状态',
  `created_by` varchar(36) CHARACTER SET utf8mb4 COLLATE utf8mb4_0900_ai_ci DEFAULT NULL COMMENT '创建者ID',
  `created_at` datetime DEFAULT CURRENT_TIMESTAMP COMMENT '创建时间',
  `completed_at` datetime DEFAULT NULL COMMENT '完成时间',
  PRIMARY KEY (`id`) USING BTREE,
  KEY `idx_name` (`name`) USING BTREE,
  KEY `idx_status` (`status`) USING BTREE,
  KEY `idx_start_date` (`start_date`) USING BTREE,
  KEY `idx_created_at` (`created_at`) USING BTREE
) ENGINE=InnoDB DEFAULT CHARSET=utf8mb4 COLLATE=utf8mb4_0900_ai_ci ROW_FORMAT=DYNAMIC COMMENT='赛季表';
/*!40101 SET character_set_client = @saved_cs_client */;

--
-- Dumping data for table `seasons`
--

LOCK TABLES `seasons` WRITE;
/*!40000 ALTER TABLE `seasons` DISABLE KEYS */;
INSERT INTO `seasons` VALUES ('ed6cba6b-5e8e-4985-a674-e2d8701a1171','第一届两江超级联赛','两江超级联赛','第一届','2025-09-20 08:00:00',NULL,10,'active','5bc76f4f-a2a3-450a-9bee-6d0af2e9333e','2025-10-20 10:33:10',NULL);
/*!40000 ALTER TABLE `seasons` ENABLE KEYS */;
UNLOCK TABLES;

--
-- Table structure for table `team_members`
--

DROP TABLE IF EXISTS `team_members`;
/*!40101 SET @saved_cs_client     = @@character_set_client */;
/*!50503 SET character_set_client = utf8mb4 */;
CREATE TABLE `team_members` (
  `id` varchar(36) CHARACTER SET utf8mb4 COLLATE utf8mb4_0900_ai_ci NOT NULL COMMENT '关系ID',
  `team_id` varchar(36) CHARACTER SET utf8mb4 COLLATE utf8mb4_0900_ai_ci NOT NULL COMMENT '队伍ID',
  `user_id` varchar(36) CHARACTER SET utf8mb4 COLLATE utf8mb4_0900_ai_ci NOT NULL COMMENT '用户ID',
  `joined_at` timestamp NULL DEFAULT CURRENT_TIMESTAMP COMMENT '加入时间',
  `role` enum('captain','member') CHARACTER SET utf8mb4 COLLATE utf8mb4_0900_ai_ci DEFAULT 'member' COMMENT '队内角色',
  `is_active` tinyint(1) DEFAULT '1' COMMENT '是否在队',
  PRIMARY KEY (`id`) USING BTREE,
  KEY `idx_team` (`team_id`) USING BTREE,
  KEY `idx_user` (`user_id`) USING BTREE,
  KEY `idx_active` (`is_active`) USING BTREE,
  CONSTRAINT `team_members_ibfk_1` FOREIGN KEY (`team_id`) REFERENCES `teams` (`id`) ON DELETE CASCADE ON UPDATE RESTRICT,
  CONSTRAINT `team_members_ibfk_2` FOREIGN KEY (`user_id`) REFERENCES `users` (`id`) ON DELETE CASCADE ON UPDATE RESTRICT
) ENGINE=InnoDB DEFAULT CHARSET=utf8mb4 COLLATE=utf8mb4_0900_ai_ci ROW_FORMAT=DYNAMIC COMMENT='队伍成员关系表';
/*!40101 SET character_set_client = @saved_cs_client */;

--
-- Dumping data for table `team_members`
--

LOCK TABLES `team_members` WRITE;
/*!40000 ALTER TABLE `team_members` DISABLE KEYS */;
INSERT INTO `team_members` VALUES ('02b9ec8d-c3c5-11f0-b163-525400735d47','281a79c2-e10a-4bfa-8dc8-def0b7b7580a','f6f0089f-906c-440f-ac5c-68b479e13133','2025-11-17 14:52:17','member',1),('03a1df6f-c3c2-11f0-b163-525400735d47','b6ab3e9b-7bd7-468f-ae54-51c7675831e3','37a97715-d228-479b-a032-e04e24b43ae7','2025-11-17 14:30:50','member',1),('03a6f443-c3c2-11f0-b163-525400735d47','b6ab3e9b-7bd7-468f-ae54-51c7675831e3','21a35430-9b03-4adf-9ac1-be66f1aad476','2025-11-17 14:30:50','member',1),('03abeb68-c3c2-11f0-b163-525400735d47','b6ab3e9b-7bd7-468f-ae54-51c7675831e3','6a1ea615-5f87-4e6a-bc3a-214ee9a48646','2025-11-17 14:30:50','member',1),('03b0dd33-c3c2-11f0-b163-525400735d47','b6ab3e9b-7bd7-468f-ae54-51c7675831e3','84e2f056-3854-41e6-9941-25f9a428fcda','2025-11-17 14:30:50','member',1),('03b5d37e-c3c2-11f0-b163-525400735d47','b6ab3e9b-7bd7-468f-ae54-51c7675831e3','370f143c-17fe-4df4-b2d6-f75ed4a97a99','2025-11-17 14:30:50','member',1),('03bacc17-c3c2-11f0-b163-525400735d47','b6ab3e9b-7bd7-468f-ae54-51c7675831e3','fc5f3bf4-bcaf-4a07-a529-28c6cf6f622a','2025-11-17 14:30:50','member',1),('03bfcb0a-c3c2-11f0-b163-525400735d47','b6ab3e9b-7bd7-468f-ae54-51c7675831e3','71d7ab1d-1674-4f0f-8a81-d0348f45ed83','2025-11-17 14:30:50','member',1),('03c4ca8c-c3c2-11f0-b163-525400735d47','b6ab3e9b-7bd7-468f-ae54-51c7675831e3','d00e587b-de8f-44d5-b716-9d7860266be6','2025-11-17 14:30:50','member',1),('03c9c025-c3c2-11f0-b163-525400735d47','b6ab3e9b-7bd7-468f-ae54-51c7675831e3','cef30ce9-504f-48fe-9bee-b6c66b61db77','2025-11-17 14:30:50','member',1),('03ceb354-c3c2-11f0-b163-525400735d47','b6ab3e9b-7bd7-468f-ae54-51c7675831e3','e18ad310-339b-48b4-8745-58630b87ba3d','2025-11-17 14:30:50','member',1),('03d39981-c3c2-11f0-b163-525400735d47','b6ab3e9b-7bd7-468f-ae54-51c7675831e3','108f7973-6baa-47ae-8138-139723ad1eb5','2025-11-17 14:30:50','member',1),('03d8941f-c3c2-11f0-b163-525400735d47','b6ab3e9b-7bd7-468f-ae54-51c7675831e3','d8d70e63-fe1b-4a73-9b1c-93d68d259e99','2025-11-17 14:30:50','member',1),('03e2555c-c3c2-11f0-b163-525400735d47','281a79c2-e10a-4bfa-8dc8-def0b7b7580a','8cf4f261-5ddb-446b-9064-dacbe9c59f1f','2025-11-17 14:30:50','member',1),('03e76b96-c3c2-11f0-b163-525400735d47','281a79c2-e10a-4bfa-8dc8-def0b7b7580a','1ab26cea-e054-4500-a4a9-14b9b82239ad','2025-11-17 14:30:50','member',1),('03ec615b-c3c2-11f0-b163-525400735d47','281a79c2-e10a-4bfa-8dc8-def0b7b7580a','7dda9b5f-62ca-4e98-a44d-943cb982c684','2025-11-17 14:30:50','member',1),('03f15756-c3c2-11f0-b163-525400735d47','281a79c2-e10a-4bfa-8dc8-def0b7b7580a','7fbeef0d-dd93-457b-a259-16e869430e28','2025-11-17 14:30:50','member',1),('03f6506d-c3c2-11f0-b163-525400735d47','281a79c2-e10a-4bfa-8dc8-def0b7b7580a','41097aab-54bd-4800-84cf-f79e8f7d3d2b','2025-11-17 14:30:50','member',1),('03fb44fc-c3c2-11f0-b163-525400735d47','281a79c2-e10a-4bfa-8dc8-def0b7b7580a','7ac814ea-1d64-4878-a68e-cbba2cf028e8','2025-11-17 14:30:50','member',1),('04003a08-c3c2-11f0-b163-525400735d47','281a79c2-e10a-4bfa-8dc8-def0b7b7580a','09f94250-a533-490b-bea7-295e2b128737','2025-11-17 14:30:50','member',1),('0405266f-c3c2-11f0-b163-525400735d47','281a79c2-e10a-4bfa-8dc8-def0b7b7580a','8cd7500c-c95e-4f3e-b776-c9bfaa5c0235','2025-11-17 14:30:50','member',1),('040a11c8-c3c2-11f0-b163-525400735d47','281a79c2-e10a-4bfa-8dc8-def0b7b7580a','8cf5f4ad-3159-41e2-942f-b77804afe972','2025-11-17 14:30:50','member',1),('040ef485-c3c2-11f0-b163-525400735d47','281a79c2-e10a-4bfa-8dc8-def0b7b7580a','9c0ccbee-c7a4-4da5-9147-7e117f9eb16a','2025-11-17 14:30:50','member',1),('1d82614e-c600-11f0-b163-525400735d47','281a79c2-e10a-4bfa-8dc8-def0b7b7580a','f60affc5-8091-4f3d-af5a-5132a8e97bc0','2025-11-20 11:00:24','member',1),('2860460c-c600-11f0-b163-525400735d47','281a79c2-e10a-4bfa-8dc8-def0b7b7580a','86605ffe-31a8-4264-857a-c5d65934b418','2025-11-20 11:00:42','member',1),('3c421abe-c86e-11f0-b163-525400735d47','b6ab3e9b-7bd7-468f-ae54-51c7675831e3','3e41b13c-8329-4911-b8fd-a2b6728759a7','2025-11-23 13:13:43','member',1),('46ad84bf-c394-11f0-b163-525400735d47','b6ab3e9b-7bd7-468f-ae54-51c7675831e3','277dc273-6b68-4d68-8414-3f2672278a6e','2025-11-17 09:03:25','member',1),('4c70cf1a-c42b-11f0-b163-525400735d47','281a79c2-e10a-4bfa-8dc8-def0b7b7580a','180d92e2-5a13-450e-97ea-9e19283c860b','2025-11-18 03:04:29','member',1),('536f9ccf-c394-11f0-b163-525400735d47','b6ab3e9b-7bd7-468f-ae54-51c7675831e3','407b88e4-d9cf-4c78-bff5-85e4fa868eca','2025-11-17 09:03:47','captain',1),('54d49c26-c42b-11f0-b163-525400735d47','281a79c2-e10a-4bfa-8dc8-def0b7b7580a','28279967-d68a-45d3-93aa-1887554b2eb3','2025-11-18 03:04:43','member',1),('586d6dca-c394-11f0-b163-525400735d47','b6ab3e9b-7bd7-468f-ae54-51c7675831e3','942b0614-06e4-4e35-acd8-52f806a9a5c7','2025-11-17 09:03:55','member',1),('59d79ca0-c42b-11f0-b163-525400735d47','281a79c2-e10a-4bfa-8dc8-def0b7b7580a','313be62b-e1af-4a0a-ad93-898c801accea','2025-11-18 03:04:51','member',1),('5c10a394-c394-11f0-b163-525400735d47','b6ab3e9b-7bd7-468f-ae54-51c7675831e3','9bb0beb2-1810-466e-9e60-713a82f2c6df','2025-11-17 09:04:01','member',1),('6626cf1b-c42b-11f0-b163-525400735d47','b6ab3e9b-7bd7-468f-ae54-51c7675831e3','d2f05391-e6e4-4109-a0ef-47631700cb69','2025-11-18 03:05:12','member',1),('6f236c02-c42c-11f0-b163-525400735d47','281a79c2-e10a-4bfa-8dc8-def0b7b7580a','6f19ae14-c42c-11f0-b163-525400735d47','2025-11-18 03:12:37','member',0),('6f236c5b-c42c-11f0-b163-525400735d47','b6ab3e9b-7bd7-468f-ae54-51c7675831e3','6f1ea48f-c42c-11f0-b163-525400735d47','2025-11-18 03:12:37','member',0),('71d06a07-c42b-11f0-b163-525400735d47','b6ab3e9b-7bd7-468f-ae54-51c7675831e3','003d0cec-2665-4655-82aa-198784fd2886','2025-11-18 03:05:32','member',1),('974e9289-c5b3-11f0-b163-525400735d47','281a79c2-e10a-4bfa-8dc8-def0b7b7580a','78e6a8de-20dc-4560-b567-a054b04237b5','2025-11-20 01:52:37','member',1),('afed75fc-c5b3-11f0-b163-525400735d47','b6ab3e9b-7bd7-468f-ae54-51c7675831e3','41c2f924-fcc1-4c6f-9b86-7a715bd54d72','2025-11-20 01:53:18','member',1),('b314557a-c86d-11f0-b163-525400735d47','281a79c2-e10a-4bfa-8dc8-def0b7b7580a','7e769d4a-ca83-469d-a117-75b84313ed6c','2025-11-23 13:09:52','member',1),('b5255bf3-c675-11f0-b163-525400735d47','b6ab3e9b-7bd7-468f-ae54-51c7675831e3','0f4a4dee-138b-4356-b071-26f3eac9573a','2025-11-21 01:02:10','member',1),('b9c12aac-c3c3-11f0-b163-525400735d47','281a79c2-e10a-4bfa-8dc8-def0b7b7580a','1f8b12ed-deef-46de-8530-1fa1c8fd2f12','2025-11-17 14:43:05','captain',1),('bddb7372-c5b3-11f0-b163-525400735d47','281a79c2-e10a-4bfa-8dc8-def0b7b7580a','155aeda2-32ae-4d3e-9964-f13dd736ccac','2025-11-20 01:53:42','member',1),('cdee2186-c43b-11f0-b163-525400735d47','281a79c2-e10a-4bfa-8dc8-def0b7b7580a','0d6d6f93-fc4b-4512-bd9f-4bb08178c742','2025-11-18 05:02:38','member',1),('d6310a85-c86d-11f0-b163-525400735d47','281a79c2-e10a-4bfa-8dc8-def0b7b7580a','c55cbd22-ffa7-4da9-8793-454134257948','2025-11-23 13:10:51','member',1),('e96c050f-c3c4-11f0-b163-525400735d47','281a79c2-e10a-4bfa-8dc8-def0b7b7580a','63fe6ebf-4360-4840-a567-2b46d7237bf9','2025-11-17 14:51:34','member',1),('f80b3e8c-c3c4-11f0-b163-525400735d47','281a79c2-e10a-4bfa-8dc8-def0b7b7580a','fe6aebef-6f31-4cc1-baa0-4131c267d5f8','2025-11-17 14:51:59','member',1);
/*!40000 ALTER TABLE `team_members` ENABLE KEYS */;
UNLOCK TABLES;

--
-- Table structure for table `team_reshuffles`
--

DROP TABLE IF EXISTS `team_reshuffles`;
/*!40101 SET @saved_cs_client     = @@character_set_client */;
/*!50503 SET character_set_client = utf8mb4 */;
CREATE TABLE `team_reshuffles` (
  `id` varchar(36) CHARACTER SET utf8mb4 COLLATE utf8mb4_0900_ai_ci NOT NULL COMMENT '重组ID',
  `season` varchar(20) CHARACTER SET utf8mb4 COLLATE utf8mb4_0900_ai_ci NOT NULL COMMENT '赛季',
  `initiator_id` varchar(36) CHARACTER SET utf8mb4 COLLATE utf8mb4_0900_ai_ci NOT NULL COMMENT '发起人ID',
  `captain1_id` varchar(36) CHARACTER SET utf8mb4 COLLATE utf8mb4_0900_ai_ci DEFAULT NULL COMMENT '队长1 ID',
  `captain2_id` varchar(36) CHARACTER SET utf8mb4 COLLATE utf8mb4_0900_ai_ci DEFAULT NULL COMMENT '队长2 ID',
  `team1_id` varchar(36) CHARACTER SET utf8mb4 COLLATE utf8mb4_0900_ai_ci DEFAULT NULL COMMENT '队伍1 ID',
  `team2_id` varchar(36) CHARACTER SET utf8mb4 COLLATE utf8mb4_0900_ai_ci DEFAULT NULL COMMENT '队伍2 ID',
  `status` enum('draft_in_progress','completed','cancelled') CHARACTER SET utf8mb4 COLLATE utf8mb4_0900_ai_ci DEFAULT 'draft_in_progress' COMMENT '状态',
  `started_at` timestamp NULL DEFAULT CURRENT_TIMESTAMP COMMENT '开始时间',
  `completed_at` timestamp NULL DEFAULT NULL COMMENT '完成时间',
  PRIMARY KEY (`id`) USING BTREE,
  KEY `initiator_id` (`initiator_id`) USING BTREE,
  KEY `captain1_id` (`captain1_id`) USING BTREE,
  KEY `captain2_id` (`captain2_id`) USING BTREE,
  KEY `team1_id` (`team1_id`) USING BTREE,
  KEY `team2_id` (`team2_id`) USING BTREE,
  KEY `idx_season` (`season`) USING BTREE,
  KEY `idx_status` (`status`) USING BTREE,
  CONSTRAINT `team_reshuffles_ibfk_1` FOREIGN KEY (`initiator_id`) REFERENCES `users` (`id`) ON DELETE RESTRICT ON UPDATE RESTRICT,
  CONSTRAINT `team_reshuffles_ibfk_2` FOREIGN KEY (`captain1_id`) REFERENCES `users` (`id`) ON DELETE RESTRICT ON UPDATE RESTRICT,
  CONSTRAINT `team_reshuffles_ibfk_3` FOREIGN KEY (`captain2_id`) REFERENCES `users` (`id`) ON DELETE RESTRICT ON UPDATE RESTRICT,
  CONSTRAINT `team_reshuffles_ibfk_4` FOREIGN KEY (`team1_id`) REFERENCES `teams` (`id`) ON DELETE RESTRICT ON UPDATE RESTRICT,
  CONSTRAINT `team_reshuffles_ibfk_5` FOREIGN KEY (`team2_id`) REFERENCES `teams` (`id`) ON DELETE RESTRICT ON UPDATE RESTRICT
) ENGINE=InnoDB DEFAULT CHARSET=utf8mb4 COLLATE=utf8mb4_0900_ai_ci ROW_FORMAT=DYNAMIC COMMENT='队伍重组记录表';
/*!40101 SET character_set_client = @saved_cs_client */;

--
-- Dumping data for table `team_reshuffles`
--

LOCK TABLES `team_reshuffles` WRITE;
/*!40000 ALTER TABLE `team_reshuffles` DISABLE KEYS */;
/*!40000 ALTER TABLE `team_reshuffles` ENABLE KEYS */;
UNLOCK TABLES;

--
-- Table structure for table `team_stats`
--

DROP TABLE IF EXISTS `team_stats`;
/*!40101 SET @saved_cs_client     = @@character_set_client */;
/*!50503 SET character_set_client = utf8mb4 */;
CREATE TABLE `team_stats` (
  `id` varchar(36) CHARACTER SET utf8mb4 COLLATE utf8mb4_0900_ai_ci NOT NULL COMMENT '统计ID',
  `team_id` varchar(36) CHARACTER SET utf8mb4 COLLATE utf8mb4_0900_ai_ci NOT NULL COMMENT '队伍ID',
  `season` varchar(20) CHARACTER SET utf8mb4 COLLATE utf8mb4_0900_ai_ci NOT NULL COMMENT '赛季',
  `matches_played` int DEFAULT '0' COMMENT '比赛场次',
  `wins` int DEFAULT '0' COMMENT '胜场',
  `draws` int DEFAULT '0' COMMENT '平局',
  `losses` int DEFAULT '0' COMMENT '负场',
  `goals_for` int DEFAULT '0' COMMENT '进球数',
  `goals_against` int DEFAULT '0' COMMENT '失球数',
  `goal_difference` int DEFAULT '0' COMMENT '净胜球',
  `points` int DEFAULT '0' COMMENT '积分（胜3平1负0）',
  `win_rate` decimal(5,2) DEFAULT '0.00' COMMENT '胜率',
  `updated_at` timestamp NULL DEFAULT CURRENT_TIMESTAMP ON UPDATE CURRENT_TIMESTAMP COMMENT '更新时间',
  PRIMARY KEY (`id`) USING BTREE,
  UNIQUE KEY `team_id` (`team_id`) USING BTREE,
  KEY `idx_season` (`season`) USING BTREE,
  KEY `idx_points` (`points`) USING BTREE,
  KEY `idx_goals` (`goals_for`) USING BTREE,
  CONSTRAINT `team_stats_ibfk_1` FOREIGN KEY (`team_id`) REFERENCES `teams` (`id`) ON DELETE CASCADE ON UPDATE RESTRICT
) ENGINE=InnoDB DEFAULT CHARSET=utf8mb4 COLLATE=utf8mb4_0900_ai_ci ROW_FORMAT=DYNAMIC COMMENT='队伍统计表';
/*!40101 SET character_set_client = @saved_cs_client */;

--
-- Dumping data for table `team_stats`
--

LOCK TABLES `team_stats` WRITE;
/*!40000 ALTER TABLE `team_stats` DISABLE KEYS */;
INSERT INTO `team_stats` VALUES ('0caae83f-f834-4ff7-9c2b-1679bff828f5','b6ab3e9b-7bd7-468f-ae54-51c7675831e3','第一届两江超级联赛',9,7,0,2,58,48,10,21,77.78,'2025-11-23 13:12:39'),('ad544a23-5526-4551-acec-d2cfba2a0851','281a79c2-e10a-4bfa-8dc8-def0b7b7580a','第一届两江超级联赛',9,2,0,7,48,58,-10,6,22.22,'2025-11-23 13:12:39');
/*!40000 ALTER TABLE `team_stats` ENABLE KEYS */;
UNLOCK TABLES;

--
-- Table structure for table `teams`
--

DROP TABLE IF EXISTS `teams`;
/*!40101 SET @saved_cs_client     = @@character_set_client */;
/*!50503 SET character_set_client = utf8mb4 */;
CREATE TABLE `teams` (
  `id` varchar(36) CHARACTER SET utf8mb4 COLLATE utf8mb4_0900_ai_ci NOT NULL COMMENT '队伍ID',
  `name` varchar(50) CHARACTER SET utf8mb4 COLLATE utf8mb4_0900_ai_ci NOT NULL COMMENT '队名',
  `logo` varchar(255) CHARACTER SET utf8mb4 COLLATE utf8mb4_0900_ai_ci DEFAULT NULL COMMENT '队徽URL',
  `captain_id` varchar(36) CHARACTER SET utf8mb4 COLLATE utf8mb4_0900_ai_ci DEFAULT NULL COMMENT '队长ID',
  `color` varchar(20) CHARACTER SET utf8mb4 COLLATE utf8mb4_0900_ai_ci DEFAULT NULL COMMENT '队伍主色调',
  `season` varchar(20) CHARACTER SET utf8mb4 COLLATE utf8mb4_0900_ai_ci NOT NULL COMMENT '赛季/期数 如2025-S1',
  `status` enum('active','disbanded','archived') CHARACTER SET utf8mb4 COLLATE utf8mb4_0900_ai_ci DEFAULT 'active' COMMENT '状态',
  `created_at` timestamp NULL DEFAULT CURRENT_TIMESTAMP COMMENT '创建时间',
  `disbanded_at` timestamp NULL DEFAULT NULL COMMENT '解散时间',
  `created_by` varchar(36) CHARACTER SET utf8mb4 COLLATE utf8mb4_0900_ai_ci DEFAULT NULL COMMENT '创建者ID',
  PRIMARY KEY (`id`) USING BTREE,
  KEY `idx_season` (`season`) USING BTREE,
  KEY `idx_status` (`status`) USING BTREE,
  KEY `idx_captain` (`captain_id`) USING BTREE,
  CONSTRAINT `teams_ibfk_1` FOREIGN KEY (`captain_id`) REFERENCES `users` (`id`) ON DELETE SET NULL ON UPDATE RESTRICT
) ENGINE=InnoDB DEFAULT CHARSET=utf8mb4 COLLATE=utf8mb4_0900_ai_ci ROW_FORMAT=DYNAMIC COMMENT='队伍表';
/*!40101 SET character_set_client = @saved_cs_client */;

--
-- Dumping data for table `teams`
--

LOCK TABLES `teams` WRITE;
/*!40000 ALTER TABLE `teams` DISABLE KEYS */;
INSERT INTO `teams` VALUES ('281a79c2-e10a-4bfa-8dc8-def0b7b7580a','长江黄河','/images/cjhh.png','1f8b12ed-deef-46de-8530-1fa1c8fd2f12','#934bb0','第一届两江超级联赛','active','2025-10-22 01:12:04',NULL,'eb08d787-f522-44a0-a4db-d7f867fab92f'),('b6ab3e9b-7bd7-468f-ae54-51c7675831e3','嘉陵摩托','/images/jlmt.png','407b88e4-d9cf-4c78-bff5-85e4fa868eca','#c10e15','第一届两江超级联赛','active','2025-10-22 01:12:04',NULL,'eb08d787-f522-44a0-a4db-d7f867fab92f');
/*!40000 ALTER TABLE `teams` ENABLE KEYS */;
UNLOCK TABLES;

--
-- Table structure for table `user_achievements`
--

DROP TABLE IF EXISTS `user_achievements`;
/*!40101 SET @saved_cs_client     = @@character_set_client */;
/*!50503 SET character_set_client = utf8mb4 */;
CREATE TABLE `user_achievements` (
  `id` varchar(36) CHARACTER SET utf8mb4 COLLATE utf8mb4_unicode_ci NOT NULL,
  `user_id` varchar(36) CHARACTER SET utf8mb4 COLLATE utf8mb4_unicode_ci NOT NULL,
  `achievement_id` varchar(36) CHARACTER SET utf8mb4 COLLATE utf8mb4_unicode_ci NOT NULL,
  `season_id` varchar(36) CHARACTER SET utf8mb4 COLLATE utf8mb4_unicode_ci DEFAULT NULL,
  `unlocked_at` datetime DEFAULT CURRENT_TIMESTAMP,
  `match_id` varchar(36) CHARACTER SET utf8mb4 COLLATE utf8mb4_unicode_ci DEFAULT NULL,
  `unlock_count` int DEFAULT '1',
  `created_at` datetime DEFAULT CURRENT_TIMESTAMP,
  `updated_at` datetime DEFAULT CURRENT_TIMESTAMP ON UPDATE CURRENT_TIMESTAMP,
  PRIMARY KEY (`id`) USING BTREE,
  UNIQUE KEY `unique_user_achievement_season` (`user_id`,`achievement_id`,`season_id`) USING BTREE,
  KEY `idx_user_id` (`user_id`) USING BTREE,
  KEY `idx_achievement_id` (`achievement_id`) USING BTREE
) ENGINE=InnoDB DEFAULT CHARSET=utf8mb4 COLLATE=utf8mb4_unicode_ci ROW_FORMAT=DYNAMIC;
/*!40101 SET character_set_client = @saved_cs_client */;

--
-- Dumping data for table `user_achievements`
--

LOCK TABLES `user_achievements` WRITE;
/*!40000 ALTER TABLE `user_achievements` DISABLE KEYS */;
INSERT INTO `user_achievements` VALUES ('040e36aa-cbf6-48e7-a4a4-bce100f3cea8','180d92e2-5a13-450e-97ea-9e19283c860b','467aaca6-8016-4703-a1e1-4d2d05061994','ed6cba6b-5e8e-4985-a674-e2d8701a1171','2025-11-18 11:35:44',NULL,1,'2025-11-18 11:35:44','2025-11-18 11:35:44'),('0431a383-5c84-4152-915e-0814e12898eb','21a35430-9b03-4adf-9ac1-be66f1aad476','467aaca6-8016-4703-a1e1-4d2d05061994','ed6cba6b-5e8e-4985-a674-e2d8701a1171','2025-11-18 11:35:44',NULL,1,'2025-11-18 11:35:44','2025-11-18 11:35:44'),('16664e7d-ebc8-4fd2-b892-9caf1599c46e','9c0ccbee-c7a4-4da5-9147-7e117f9eb16a','3dbd056d-3118-4710-80ca-47d708c69625','ed6cba6b-5e8e-4985-a674-e2d8701a1171','2025-11-18 13:15:14','fed55d17-c43b-11f0-b163-525400735d47',1,'2025-11-18 13:15:14','2025-11-18 13:15:14'),('2451924d-5d0c-47f0-b154-fd50e7f4ff91','e18ad310-339b-48b4-8745-58630b87ba3d','467aaca6-8016-4703-a1e1-4d2d05061994','ed6cba6b-5e8e-4985-a674-e2d8701a1171','2025-11-18 11:35:44',NULL,1,'2025-11-18 11:35:44','2025-11-18 11:35:44'),('24ffa89f-5ca3-4d38-be08-84555a80bcda','8cf4f261-5ddb-446b-9064-dacbe9c59f1f','3dbd056d-3118-4710-80ca-47d708c69625','ed6cba6b-5e8e-4985-a674-e2d8701a1171','2025-11-23 09:25:03','3b05c8af-c4a8-47a4-a789-15d5c63ffc3d',1,'2025-11-23 09:25:03','2025-11-23 09:25:03'),('3e69872e-aeb5-48d9-843c-d4891314c09a','277dc273-6b68-4d68-8414-3f2672278a6e','3dbd056d-3118-4710-80ca-47d708c69625','ed6cba6b-5e8e-4985-a674-e2d8701a1171','2025-11-20 09:56:10','5cb22fa6-c432-11f0-b163-525400735d47',1,'2025-11-18 11:59:46','2025-11-20 10:18:51'),('46a14420-8ec9-4a6d-96e5-4864f6c5ec11','9bb0beb2-1810-466e-9e60-713a82f2c6df','467aaca6-8016-4703-a1e1-4d2d05061994','ed6cba6b-5e8e-4985-a674-e2d8701a1171','2025-11-18 11:35:44',NULL,1,'2025-11-18 11:35:44','2025-11-18 11:35:44'),('5c80143d-2181-41a8-8a15-4d1d7af59368','7e769d4a-ca83-469d-a117-75b84313ed6c','3dbd056d-3118-4710-80ca-47d708c69625','ed6cba6b-5e8e-4985-a674-e2d8701a1171','2025-11-23 21:12:40','3b05c8af-c4a8-47a4-a789-15d5c63ffc3d',1,'2025-11-23 21:12:40','2025-11-23 21:12:40'),('63c9048d-9c47-4757-9588-03acccf86c5d','7dda9b5f-62ca-4e98-a44d-943cb982c684','467aaca6-8016-4703-a1e1-4d2d05061994','ed6cba6b-5e8e-4985-a674-e2d8701a1171','2025-11-18 11:35:44',NULL,1,'2025-11-18 11:35:44','2025-11-18 11:35:44'),('683cb132-c634-49e3-8375-0061a48d9a32','71d7ab1d-1674-4f0f-8a81-d0348f45ed83','467aaca6-8016-4703-a1e1-4d2d05061994','ed6cba6b-5e8e-4985-a674-e2d8701a1171','2025-11-18 11:35:44',NULL,1,'2025-11-18 11:35:44','2025-11-18 11:35:44'),('6dec8fc0-1771-4eeb-899c-5483a124dd40','180d92e2-5a13-450e-97ea-9e19283c860b','3dbd056d-3118-4710-80ca-47d708c69625','ed6cba6b-5e8e-4985-a674-e2d8701a1171','2025-11-23 09:25:03','3b05c8af-c4a8-47a4-a789-15d5c63ffc3d',1,'2025-11-23 09:25:03','2025-11-23 09:25:03'),('70309aaf-38db-4eb4-a33b-a298aa141f49','d2f05391-e6e4-4109-a0ef-47631700cb69','467aaca6-8016-4703-a1e1-4d2d05061994','ed6cba6b-5e8e-4985-a674-e2d8701a1171','2025-11-18 11:35:44',NULL,1,'2025-11-18 11:35:44','2025-11-18 11:35:44'),('7bee8667-9325-4876-817e-e18931438106','d2f05391-e6e4-4109-a0ef-47631700cb69','1419c44b-ced4-4c8f-86e8-06ff3f3231c7','ed6cba6b-5e8e-4985-a674-e2d8701a1171','2025-11-18 14:04:25',NULL,1,'2025-11-18 14:04:25','2025-11-18 14:04:25'),('936b6145-7d28-44db-8f91-3cee3937b1f9','fe6aebef-6f31-4cc1-baa0-4131c267d5f8','3dbd056d-3118-4710-80ca-47d708c69625','ed6cba6b-5e8e-4985-a674-e2d8701a1171','2025-11-20 10:06:11','5514dd79-c447-11f0-b163-525400735d47',1,'2025-11-18 14:30:35','2025-11-20 10:19:36'),('9a0e4356-44c1-41de-8e8b-d3e822d655f2','8cd7500c-c95e-4f3e-b776-c9bfaa5c0235','467aaca6-8016-4703-a1e1-4d2d05061994','ed6cba6b-5e8e-4985-a674-e2d8701a1171','2025-11-18 11:35:44',NULL,1,'2025-11-18 11:35:44','2025-11-18 11:35:44'),('9cd72615-7d8c-408f-99a0-ea3a14969c5d','d00e587b-de8f-44d5-b716-9d7860266be6','467aaca6-8016-4703-a1e1-4d2d05061994','ed6cba6b-5e8e-4985-a674-e2d8701a1171','2025-11-18 11:35:44',NULL,1,'2025-11-18 11:35:44','2025-11-18 11:35:44'),('ae1c4912-d9de-467e-8443-79a8c03cd001','370f143c-17fe-4df4-b2d6-f75ed4a97a99','467aaca6-8016-4703-a1e1-4d2d05061994','ed6cba6b-5e8e-4985-a674-e2d8701a1171','2025-11-18 11:35:44',NULL,1,'2025-11-18 11:35:44','2025-11-18 11:35:44'),('b7d47396-ac9c-41cf-8086-67f43f1b17bd','003d0cec-2665-4655-82aa-198784fd2886','3dbd056d-3118-4710-80ca-47d708c69625','ed6cba6b-5e8e-4985-a674-e2d8701a1171','2025-11-18 12:30:43','4af19f47-c436-11f0-b163-525400735d47',1,'2025-11-18 12:29:33','2025-11-20 10:19:36'),('bbba52b6-99e0-4964-adfb-2cbd8aea6262','277dc273-6b68-4d68-8414-3f2672278a6e','467aaca6-8016-4703-a1e1-4d2d05061994','ed6cba6b-5e8e-4985-a674-e2d8701a1171','2025-11-18 11:35:44',NULL,1,'2025-11-18 11:35:44','2025-11-18 11:35:44'),('ca609dd4-5a9a-4435-858c-ab3de218addf','8cf5f4ad-3159-41e2-942f-b77804afe972','3dbd056d-3118-4710-80ca-47d708c69625','ed6cba6b-5e8e-4985-a674-e2d8701a1171','2025-11-20 10:06:11','5514dd79-c447-11f0-b163-525400735d47',1,'2025-11-18 14:30:35','2025-11-20 10:19:36'),('d19a89a3-17d8-4d79-a98b-f5f64ac6915c','d2f05391-e6e4-4109-a0ef-47631700cb69','3dbd056d-3118-4710-80ca-47d708c69625','ed6cba6b-5e8e-4985-a674-e2d8701a1171','2025-11-18 14:11:14','b474ed84-c440-11f0-b163-525400735d47',1,'2025-11-18 11:35:44','2025-11-20 10:19:36'),('dc2ec3c8-157a-4545-96a9-fb28248d1168','407b88e4-d9cf-4c78-bff5-85e4fa868eca','467aaca6-8016-4703-a1e1-4d2d05061994','ed6cba6b-5e8e-4985-a674-e2d8701a1171','2025-11-18 11:35:44',NULL,1,'2025-11-18 11:35:44','2025-11-18 11:35:44'),('def9776e-b3b2-4c2f-b789-6ba54365b36c','277dc273-6b68-4d68-8414-3f2672278a6e','1419c44b-ced4-4c8f-86e8-06ff3f3231c7','ed6cba6b-5e8e-4985-a674-e2d8701a1171','2025-11-18 13:49:02',NULL,1,'2025-11-18 13:49:02','2025-11-18 13:49:02'),('dfaa2608-1a7b-4156-8b32-e2b789772c0f','7fbeef0d-dd93-457b-a259-16e869430e28','467aaca6-8016-4703-a1e1-4d2d05061994','ed6cba6b-5e8e-4985-a674-e2d8701a1171','2025-11-18 11:35:44',NULL,1,'2025-11-18 11:35:44','2025-11-18 11:35:44'),('e313a19e-71e2-427b-bcf5-f472b6b157bd','21a35430-9b03-4adf-9ac1-be66f1aad476','3dbd056d-3118-4710-80ca-47d708c69625','ed6cba6b-5e8e-4985-a674-e2d8701a1171','2025-11-20 10:11:03','3f2c0475-c443-11f0-b163-525400735d47',1,'2025-11-18 14:09:26','2025-11-20 10:19:36'),('e99184c2-edb7-4d04-a283-5da97999b5bc','8cf4f261-5ddb-446b-9064-dacbe9c59f1f','467aaca6-8016-4703-a1e1-4d2d05061994','ed6cba6b-5e8e-4985-a674-e2d8701a1171','2025-11-18 11:35:44',NULL,1,'2025-11-18 11:35:44','2025-11-18 11:35:44'),('eba3688a-dfef-4e34-9a0f-9166477d7cff','1ab26cea-e054-4500-a4a9-14b9b82239ad','467aaca6-8016-4703-a1e1-4d2d05061994','ed6cba6b-5e8e-4985-a674-e2d8701a1171','2025-11-18 11:35:44',NULL,1,'2025-11-18 11:35:44','2025-11-18 11:35:44'),('ec1d5866-061d-4258-99ba-7ca365dc1651','84e2f056-3854-41e6-9941-25f9a428fcda','467aaca6-8016-4703-a1e1-4d2d05061994','ed6cba6b-5e8e-4985-a674-e2d8701a1171','2025-11-18 11:35:44',NULL,1,'2025-11-18 11:35:44','2025-11-18 11:35:44'),('ee9c6c00-7bf5-4faf-a49a-29287499eede','37a97715-d228-479b-a032-e04e24b43ae7','467aaca6-8016-4703-a1e1-4d2d05061994','ed6cba6b-5e8e-4985-a674-e2d8701a1171','2025-11-18 11:35:44',NULL,1,'2025-11-18 11:35:44','2025-11-18 11:35:44'),('f341df3a-0e6b-4e08-aee6-ee7851e69f79','41097aab-54bd-4800-84cf-f79e8f7d3d2b','467aaca6-8016-4703-a1e1-4d2d05061994','ed6cba6b-5e8e-4985-a674-e2d8701a1171','2025-11-18 11:35:44',NULL,1,'2025-11-18 11:35:44','2025-11-18 11:35:44'),('f784209a-e97c-4236-adba-659dc5ca6ab6','1f8b12ed-deef-46de-8530-1fa1c8fd2f12','467aaca6-8016-4703-a1e1-4d2d05061994','ed6cba6b-5e8e-4985-a674-e2d8701a1171','2025-11-18 11:35:44',NULL,1,'2025-11-18 11:35:44','2025-11-18 11:35:44');
/*!40000 ALTER TABLE `user_achievements` ENABLE KEYS */;
UNLOCK TABLES;

--
-- Table structure for table `user_visit_logs`
--

DROP TABLE IF EXISTS `user_visit_logs`;
/*!40101 SET @saved_cs_client     = @@character_set_client */;
/*!50503 SET character_set_client = utf8mb4 */;
CREATE TABLE `user_visit_logs` (
  `id` varchar(36) CHARACTER SET utf8mb4 COLLATE utf8mb4_0900_ai_ci NOT NULL COMMENT '日志ID',
  `user_id` varchar(36) CHARACTER SET utf8mb4 COLLATE utf8mb4_0900_ai_ci NOT NULL COMMENT '用户ID',
  `visit_time` timestamp NULL DEFAULT CURRENT_TIMESTAMP COMMENT '访问时间',
  `visit_date` date NOT NULL COMMENT '访问日期（便于统计）',
  `platform` varchar(20) CHARACTER SET utf8mb4 COLLATE utf8mb4_0900_ai_ci DEFAULT NULL COMMENT '平台（iOS/Android/devtools）',
  `app_version` varchar(20) CHARACTER SET utf8mb4 COLLATE utf8mb4_0900_ai_ci DEFAULT NULL COMMENT '小程序版本号',
  `scene` int DEFAULT NULL COMMENT '场景值（从哪里进入小程序）',
  `ip_address` varchar(50) CHARACTER SET utf8mb4 COLLATE utf8mb4_0900_ai_ci DEFAULT NULL COMMENT 'IP地址',
  `device_model` varchar(50) CHARACTER SET utf8mb4 COLLATE utf8mb4_0900_ai_ci DEFAULT NULL COMMENT '设备型号',
  `system_version` varchar(50) CHARACTER SET utf8mb4 COLLATE utf8mb4_0900_ai_ci DEFAULT NULL COMMENT '操作系统版本',
  `created_at` timestamp NULL DEFAULT CURRENT_TIMESTAMP COMMENT '创建时间',
  PRIMARY KEY (`id`),
  KEY `idx_user_id` (`user_id`),
  KEY `idx_visit_date` (`visit_date`),
  KEY `idx_visit_time` (`visit_time`),
  CONSTRAINT `fk_visit_user` FOREIGN KEY (`user_id`) REFERENCES `users` (`id`) ON DELETE CASCADE
) ENGINE=InnoDB DEFAULT CHARSET=utf8mb4 COLLATE=utf8mb4_0900_ai_ci COMMENT='用户访问日志表';
/*!40101 SET character_set_client = @saved_cs_client */;

--
-- Dumping data for table `user_visit_logs`
--

LOCK TABLES `user_visit_logs` WRITE;
/*!40000 ALTER TABLE `user_visit_logs` DISABLE KEYS */;
INSERT INTO `user_visit_logs` VALUES ('00260cd8-e92b-4ef7-8ba0-8f015127beb1','d2f05391-e6e4-4109-a0ef-47631700cb69','2025-11-26 03:48:45','2025-11-26','android','8.0.65',1008,'::ffff:127.0.0.1','OCE-AN10','Android 12','2025-11-26 03:48:45'),('004fc64f-8525-48a3-8cf5-1cdf6ce73844','1f8b12ed-deef-46de-8530-1fa1c8fd2f12','2025-11-21 23:21:26','2025-11-21','android','8.0.65',1089,'::ffff:127.0.0.1','PTP-AN00','Android 16','2025-11-21 23:21:26'),('0173d618-2f26-41b0-be24-071a80b61750','942b0614-06e4-4e35-acd8-52f806a9a5c7','2025-11-19 01:55:46','2025-11-19','android','8.0.65',1089,'::ffff:127.0.0.1','HBN-AL00','Android 12','2025-11-19 01:55:46'),('01e68435-ba2e-4960-b83b-ef03e956a0a1','942b0614-06e4-4e35-acd8-52f806a9a5c7','2025-11-17 06:24:28','2025-11-17','android','8.0.65',1089,'::ffff:127.0.0.1','HBN-AL00','Android 12','2025-11-17 06:24:28'),('0221ed4b-eeb5-4332-96ad-2f6efbf44d8e','370f143c-17fe-4df4-b2d6-f75ed4a97a99','2025-11-17 12:11:10','2025-11-17','android','8.0.54',1048,'::ffff:127.0.0.1','2308CPXD0C','Android 15','2025-11-17 12:11:10'),('022fb055-6787-4d0b-b9b1-9da92324ed1b','1f8b12ed-deef-46de-8530-1fa1c8fd2f12','2025-11-26 04:42:00','2025-11-26','android','8.0.65',1008,'::ffff:127.0.0.1','PTP-AN00','Android 16','2025-11-26 04:42:00'),('029cad47-6321-4234-ab3c-a62b2913a9e3','942b0614-06e4-4e35-acd8-52f806a9a5c7','2025-11-17 06:27:40','2025-11-17','android','8.0.65',1089,'::ffff:127.0.0.1','HBN-AL00','Android 12','2025-11-17 06:27:40'),('03224296-ccfb-434f-9ac6-58c3f654fd9c','9c0ccbee-c7a4-4da5-9147-7e117f9eb16a','2025-11-18 11:47:36','2025-11-18','ios','8.0.54',1089,'::ffff:127.0.0.1','iPhone 15 pro max<iPhone16,2>','iOS 18.6.2','2025-11-18 11:47:36'),('033a73a2-a3cb-4ab7-8c18-5600779979db','942b0614-06e4-4e35-acd8-52f806a9a5c7','2025-11-18 06:33:57','2025-11-18','devtools','8.0.5',1001,'::ffff:127.0.0.1','iPhone 12/13 (Pro)','iOS 10.0.1','2025-11-18 06:33:57'),('04f3a945-2d69-4d02-b344-bdd7b5b48c05','71d7ab1d-1674-4f0f-8a81-d0348f45ed83','2025-11-17 12:24:04','2025-11-17','ohos','8.0.12',1048,'::ffff:127.0.0.1','ADY-AL10','OpenHarmonyOS 6.0.0','2025-11-17 12:24:04'),('058bf79b-06a9-44c6-bddc-9f1cb7dc17f7','942b0614-06e4-4e35-acd8-52f806a9a5c7','2025-11-20 13:09:52','2025-11-20','android','8.0.65',1089,'::ffff:127.0.0.1','HBN-AL00','Android 12','2025-11-20 13:09:52'),('05bcef61-e062-4fe9-97d7-f4f12b895a9f','71d7ab1d-1674-4f0f-8a81-d0348f45ed83','2025-11-19 04:55:52','2025-11-19','ohos','8.0.12',1008,'::ffff:127.0.0.1','ADY-AL10','OpenHarmonyOS 6.0.0','2025-11-19 04:55:52'),('05d64bab-c283-4486-b135-ab0dcceb469a','942b0614-06e4-4e35-acd8-52f806a9a5c7','2025-11-17 06:20:16','2025-11-17','android','8.0.65',1089,'::ffff:127.0.0.1','HBN-AL00','Android 12','2025-11-17 06:20:16'),('063a26e2-cca4-4c14-91eb-a26c8daab17a','407b88e4-d9cf-4c78-bff5-85e4fa868eca','2025-11-22 08:12:32','2025-11-22','android','8.0.65',1160,'::ffff:127.0.0.1','PLR-AL50','Android 12','2025-11-22 08:12:32'),('07d564f9-abf9-4c48-8a56-a656a867944a','180d92e2-5a13-450e-97ea-9e19283c860b','2025-11-18 10:58:12','2025-11-18','ios','8.0.65',1089,'::ffff:127.0.0.1','iPhone 12<iPhone13,2>','iOS 17.6.1','2025-11-18 10:58:12'),('07ea2ef3-221d-4a5d-ac59-f31ce4d3fa20','d00e587b-de8f-44d5-b716-9d7860266be6','2025-11-19 05:24:47','2025-11-19','android','8.0.65',1008,'::ffff:127.0.0.1','BRA-AL00','Android 12','2025-11-19 05:24:47'),('07ef1e13-91d5-49ae-8913-629fd4a3fcbd','7fbeef0d-dd93-457b-a259-16e869430e28','2025-11-20 11:21:27','2025-11-20','ios','8.0.65',1089,'::ffff:127.0.0.1','iPhone 16 Pro Max<iPhone17,2>','iOS 18.0','2025-11-20 11:21:27'),('0803ed76-faee-4028-8af2-1f19a6ea20da','3e41b13c-8329-4911-b8fd-a2b6728759a7','2025-11-21 04:34:58','2025-11-21','android','8.0.65',1048,'::ffff:127.0.0.1','ANN-AN00','Android 14','2025-11-21 04:34:58'),('08102823-fb57-40c3-a36e-7511bf38e655','942b0614-06e4-4e35-acd8-52f806a9a5c7','2025-11-21 01:17:15','2025-11-21','devtools','8.0.5',1001,'::ffff:127.0.0.1','iPhone 12/13 (Pro)','iOS 10.0.1','2025-11-21 01:17:15'),('08323167-a2ec-4ccf-b0f0-16b0034ac0b6','942b0614-06e4-4e35-acd8-52f806a9a5c7','2025-11-20 03:17:25','2025-11-20','android','8.0.65',1089,'::ffff:127.0.0.1','HBN-AL00','Android 12','2025-11-20 03:17:25'),('0856fdd1-3787-4830-8f7c-33d1f03bf4e7','37a97715-d228-479b-a032-e04e24b43ae7','2025-11-17 12:55:10','2025-11-17','android','8.0.58',1089,'::ffff:127.0.0.1','TDT-MA01','Android 10','2025-11-17 12:55:10'),('089907e0-c056-4a2f-a803-7cc053309a35','8cf4f261-5ddb-446b-9064-dacbe9c59f1f','2025-11-21 00:24:34','2025-11-21','ios','8.0.65',1008,'::ffff:127.0.0.1','iPhone 13<iPhone14,5>','iOS 18.6.2','2025-11-21 00:24:34'),('093451d8-1e10-4029-8e08-ffec8c169523','86605ffe-31a8-4264-857a-c5d65934b418','2025-11-21 14:59:52','2025-11-21','android','8.0.63',1008,'::ffff:127.0.0.1','24117RK2CC','Android 15','2025-11-21 14:59:52'),('0a31d857-a1bc-4e7d-b4e0-1d69b0bf41f6','d2f05391-e6e4-4109-a0ef-47631700cb69','2025-11-21 06:44:13','2025-11-21','android','8.0.65',1023,'::ffff:127.0.0.1','OCE-AN10','Android 12','2025-11-21 06:44:13'),('0a53e7cf-1206-4c64-bc9b-9a63d19adbbb','942b0614-06e4-4e35-acd8-52f806a9a5c7','2025-11-20 11:11:14','2025-11-20','android','8.0.65',1007,'::ffff:127.0.0.1','HBN-AL00','Android 12','2025-11-20 11:11:14'),('0a96ecac-41da-4fb4-9f2d-3df6a2b4f196','7ac814ea-1d64-4878-a68e-cbba2cf028e8','2025-11-22 07:04:02','2025-11-22','ios','8.0.65',1089,'::ffff:127.0.0.1','iPhone 13 Pro Max<iPhone14,3>','iOS 17.5.1','2025-11-22 07:04:02'),('0b034bc4-e5c7-41e1-a302-5a16386d26df','09f94250-a533-490b-bea7-295e2b128737','2025-11-21 17:06:01','2025-11-21','android','8.0.65',1008,'::ffff:127.0.0.1','ABR-AL80','Android 12','2025-11-21 17:06:01'),('0b3655d8-ad3e-4d5d-ad77-9e08286de97d','fe6aebef-6f31-4cc1-baa0-4131c267d5f8','2025-11-19 05:05:03','2025-11-19','android','8.0.63',1008,'::ffff:127.0.0.1','V2303A','Android 15','2025-11-19 05:05:03'),('0c35b978-683e-4e61-973d-2205b7a11226','86605ffe-31a8-4264-857a-c5d65934b418','2025-11-21 07:29:44','2025-11-21','android','8.0.63',1008,'::ffff:127.0.0.1','24117RK2CC','Android 15','2025-11-21 07:29:44'),('0c5bd301-54b7-4122-a3e7-ed669660f75c','28279967-d68a-45d3-93aa-1887554b2eb3','2025-11-20 08:06:28','2025-11-20','android','8.0.65',1008,'::ffff:127.0.0.1','ADA-AL00U','Android 12','2025-11-20 08:06:28'),('0cf05157-d16b-4cb2-bed2-73fb15f8c395','0d6d6f93-fc4b-4512-bd9f-4bb08178c742','2025-11-21 10:52:28','2025-11-21','ios','8.0.65',1089,'::ffff:127.0.0.1','iPhone 14 Pro<iPhone15,2>','iOS 16.2','2025-11-21 10:52:28'),('0d120dab-4ce7-45cd-ae6a-73299af26156','8cf4f261-5ddb-446b-9064-dacbe9c59f1f','2025-11-23 02:15:22','2025-11-23','ios','8.0.65',1008,'::ffff:127.0.0.1','iPhone 13<iPhone14,5>','iOS 18.6.2','2025-11-23 02:15:22'),('0d5f80e2-764b-4fa0-8263-6ff5e4443a2b','f60affc5-8091-4f3d-af5a-5132a8e97bc0','2025-11-22 11:41:18','2025-11-22','android','8.0.65',1008,'::ffff:127.0.0.1','VER-AN00','Android 15','2025-11-22 11:41:18'),('0d723099-cfaf-4862-8480-a8ad48ce246a','942b0614-06e4-4e35-acd8-52f806a9a5c7','2025-11-23 02:01:00','2025-11-23','android','8.0.65',1089,'::ffff:127.0.0.1','HBN-AL00','Android 12','2025-11-23 02:01:00'),('0d7a560a-6018-4b9c-8890-4dc4844621dc','d8d70e63-fe1b-4a73-9b1c-93d68d259e99','2025-11-19 05:00:24','2025-11-19','android','8.0.65',1008,'::ffff:127.0.0.1','PLR-AL30','Android 12','2025-11-19 05:00:24'),('0db2b441-0ddb-4d98-875f-82ce29346e6b','942b0614-06e4-4e35-acd8-52f806a9a5c7','2025-11-17 06:10:44','2025-11-17','android','8.0.65',1089,'::ffff:127.0.0.1','HBN-AL00','Android 12','2025-11-17 06:10:44'),('0e17bca3-4914-45cf-b0e8-7520ead2c208','407b88e4-d9cf-4c78-bff5-85e4fa868eca','2025-11-22 04:16:48','2025-11-22','android','8.0.65',1089,'::ffff:127.0.0.1','PLR-AL50','Android 12','2025-11-22 04:16:48'),('0e34b66d-5cf5-4e0d-bdda-452633c9bb9d','1ab26cea-e054-4500-a4a9-14b9b82239ad','2025-11-21 14:43:15','2025-11-21','ios','8.0.65',1089,'::ffff:127.0.0.1','iPhone XR<iPhone11,8>','iOS 18.6.2','2025-11-21 14:43:15'),('0ecccca7-55a0-4b85-a21b-cd43a7057222','7fbeef0d-dd93-457b-a259-16e869430e28','2025-11-18 11:31:15','2025-11-18','ios','8.0.65',1089,'::ffff:127.0.0.1','iPhone 16 Pro Max<iPhone17,2>','iOS 18.0','2025-11-18 11:31:15'),('0f2cad61-8e9c-4fa3-b2ca-477dba8afeaa','942b0614-06e4-4e35-acd8-52f806a9a5c7','2025-11-18 10:38:16','2025-11-18','android','8.0.65',1089,'::ffff:127.0.0.1','HBN-AL00','Android 12','2025-11-18 10:38:16'),('0ffa74b5-f375-46ff-ae96-a5c4b34f1cb1','e18ad310-339b-48b4-8745-58630b87ba3d','2025-11-20 11:50:41','2025-11-20','android','8.0.65',1089,'::ffff:127.0.0.1','LIO-AN00m','Android 12','2025-11-20 11:50:41'),('1042a38d-966e-4cba-9369-7e2d8c828b4e','003d0cec-2665-4655-82aa-198784fd2886','2025-11-26 07:43:05','2025-11-26','ios','8.0.65',1008,'::ffff:127.0.0.1','iPhone 13<iPhone14,5>','iOS 16.2','2025-11-26 07:43:05'),('1094d49e-ff8b-482d-befc-ff2351cb04da','942b0614-06e4-4e35-acd8-52f806a9a5c7','2025-11-20 03:03:35','2025-11-20','devtools','8.0.5',1001,'::ffff:127.0.0.1','iPhone 12/13 (Pro)','iOS 10.0.1','2025-11-20 03:03:35'),('10b8d8e2-a8df-4d3a-a7f8-7f239ad820e1','942b0614-06e4-4e35-acd8-52f806a9a5c7','2025-11-20 02:40:40','2025-11-20','devtools','8.0.5',1001,'::ffff:127.0.0.1','iPhone 12/13 (Pro)','iOS 10.0.1','2025-11-20 02:40:40'),('10bf062e-402d-4a29-b2c0-a988770af272','9bb0beb2-1810-466e-9e60-713a82f2c6df','2025-11-17 10:13:20','2025-11-17','android','8.0.65',1089,'::ffff:127.0.0.1','ELS-AN00','Android 12','2025-11-17 10:13:20'),('110d5042-e227-44b6-9f7b-9d37ecd10d1b','942b0614-06e4-4e35-acd8-52f806a9a5c7','2025-11-17 09:04:37','2025-11-17','android','8.0.65',1089,'::ffff:127.0.0.1','HBN-AL00','Android 12','2025-11-17 09:04:37'),('11131934-2d58-41cc-a742-d22afa16fe8a','1f8b12ed-deef-46de-8530-1fa1c8fd2f12','2025-11-18 01:43:07','2025-11-18','android','8.0.65',1089,'::ffff:127.0.0.1','PTP-AN00','Android 15','2025-11-18 01:43:07'),('116f0c76-b4da-4b1d-ab9c-3c01d26a6a48','942b0614-06e4-4e35-acd8-52f806a9a5c7','2025-11-17 06:52:17','2025-11-17','android','8.0.65',1089,'::ffff:127.0.0.1','HBN-AL00','Android 12','2025-11-17 06:52:17'),('11dd1b08-4107-4719-9677-f5aa39b1e6e1','407b88e4-d9cf-4c78-bff5-85e4fa868eca','2025-11-20 12:07:06','2025-11-20','android','8.0.65',1160,'::ffff:127.0.0.1','PLR-AL50','Android 12','2025-11-20 12:07:06'),('128ae7f3-5eef-497d-823a-24472d962497','942b0614-06e4-4e35-acd8-52f806a9a5c7','2025-11-21 00:59:31','2025-11-21','android','8.0.65',1160,'::ffff:127.0.0.1','HBN-AL00','Android 12','2025-11-21 00:59:31'),('1373283c-31f4-4f68-9eca-9076917a9f5d','8cf4f261-5ddb-446b-9064-dacbe9c59f1f','2025-11-19 06:27:33','2025-11-19','ios','8.0.65',1008,'::ffff:127.0.0.1','iPhone 13<iPhone14,5>','iOS 18.6.2','2025-11-19 06:27:33'),('13f75be7-70a1-4c88-a8a5-082f78f4853d','942b0614-06e4-4e35-acd8-52f806a9a5c7','2025-11-20 02:04:54','2025-11-20','android','8.0.65',1089,'::ffff:127.0.0.1','HBN-AL00','Android 12','2025-11-20 02:04:54'),('1486d680-5f0c-47a6-8980-11f3bc235fd0','942b0614-06e4-4e35-acd8-52f806a9a5c7','2025-11-22 12:33:02','2025-11-22','android','8.0.65',1089,'::ffff:127.0.0.1','HBN-AL00','Android 12','2025-11-22 12:33:02'),('14c0b3fd-ed11-4f04-811f-c05c5d8c88d2','942b0614-06e4-4e35-acd8-52f806a9a5c7','2025-11-17 11:39:44','2025-11-17','android','8.0.65',1089,'::ffff:127.0.0.1','HBN-AL00','Android 12','2025-11-17 11:39:44'),('14d63e6b-9855-4edd-899f-e33178b38d84','942b0614-06e4-4e35-acd8-52f806a9a5c7','2025-11-18 10:52:36','2025-11-18','android','8.0.65',1089,'::ffff:127.0.0.1','HBN-AL00','Android 12','2025-11-18 10:52:36'),('14f415fc-f1fe-465c-94bb-c4db2298f366','942b0614-06e4-4e35-acd8-52f806a9a5c7','2025-11-17 06:22:51','2025-11-17','android','8.0.65',1089,'::ffff:127.0.0.1','HBN-AL00','Android 12','2025-11-17 06:22:51'),('1518436c-d213-466b-b545-06e7034635dd','21a35430-9b03-4adf-9ac1-be66f1aad476','2025-11-19 05:04:43','2025-11-19','ohos','8.0.12',1008,'::ffff:127.0.0.1','LMR-AL00','OpenHarmonyOS 6.0.0','2025-11-19 05:04:43'),('15a4b655-bffe-4710-99d1-9aa4258388df','21a35430-9b03-4adf-9ac1-be66f1aad476','2025-11-21 12:39:16','2025-11-21','ohos','8.0.12',1089,'::ffff:127.0.0.1','LMR-AL00','OpenHarmonyOS 6.0.0','2025-11-21 12:39:16'),('16a39f2e-4653-4e3f-892b-c1994b3f3375','9c0ccbee-c7a4-4da5-9147-7e117f9eb16a','2025-11-21 12:45:50','2025-11-21','ios','8.0.54',1089,'::ffff:127.0.0.1','iPhone 15 pro max<iPhone16,2>','iOS 18.6.2','2025-11-21 12:45:50'),('172f0781-f082-4793-86ae-781b9264ed92','942b0614-06e4-4e35-acd8-52f806a9a5c7','2025-11-17 13:41:46','2025-11-17','android','8.0.65',1089,'::ffff:127.0.0.1','HBN-AL00','Android 12','2025-11-17 13:41:46'),('187b6a53-944f-4ad2-ae5f-9992ea0e0f65','86605ffe-31a8-4264-857a-c5d65934b418','2025-11-21 23:32:52','2025-11-21','android','8.0.63',1008,'::ffff:127.0.0.1','24117RK2CC','Android 15','2025-11-21 23:32:52'),('19af8dc7-7d69-4078-97f2-cec383b07d25','407b88e4-d9cf-4c78-bff5-85e4fa868eca','2025-11-17 12:43:45','2025-11-17','android','8.0.64',1089,'::ffff:127.0.0.1','PLR-AL50','Android 12','2025-11-17 12:43:45'),('19e3df36-6fae-4951-b6f4-e36f3a8d5ea8','942b0614-06e4-4e35-acd8-52f806a9a5c7','2025-11-22 00:36:35','2025-11-22','android','8.0.65',1089,'::ffff:127.0.0.1','HBN-AL00','Android 12','2025-11-22 00:36:35'),('19fb8e74-ad33-4b41-8a87-fd1011c77601','942b0614-06e4-4e35-acd8-52f806a9a5c7','2025-11-17 09:04:54','2025-11-17','android','8.0.65',1089,'::ffff:127.0.0.1','HBN-AL00','Android 12','2025-11-17 09:04:54'),('1a252db3-6731-450b-9300-7e24ba960811','8cf4f261-5ddb-446b-9064-dacbe9c59f1f','2025-11-22 02:31:16','2025-11-22','ios','8.0.65',1008,'::ffff:127.0.0.1','iPhone 13<iPhone14,5>','iOS 18.6.2','2025-11-22 02:31:16'),('1a3990df-544c-4f25-b268-8c252a84eabb','9c0ccbee-c7a4-4da5-9147-7e117f9eb16a','2025-11-22 04:14:21','2025-11-22','ios','8.0.54',1089,'::ffff:127.0.0.1','iPhone 15 pro max<iPhone16,2>','iOS 18.6.2','2025-11-22 04:14:21'),('1ae5eef5-afc1-4af5-833e-0e8ceec58024','e18ad310-339b-48b4-8745-58630b87ba3d','2025-11-20 14:04:34','2025-11-20','android','8.0.65',1089,'::ffff:127.0.0.1','LIO-AN00m','Android 12','2025-11-20 14:04:34'),('1b4abf60-68c2-4972-901a-248cc5141986','8cf5f4ad-3159-41e2-942f-b77804afe972','2025-11-20 08:06:06','2025-11-20','android','8.0.65',1008,'::ffff:127.0.0.1','LIO-AN00','Android 12','2025-11-20 08:06:06'),('1b5ac853-217c-48ba-9776-c531d8ff6765','41097aab-54bd-4800-84cf-f79e8f7d3d2b','2025-11-19 04:45:52','2025-11-19','android','8.0.65',1008,'::ffff:127.0.0.1','ANN-AN00','Android 15','2025-11-19 04:45:52'),('1b66c251-2f47-4307-acea-bd206246f66c','7dda9b5f-62ca-4e98-a44d-943cb982c684','2025-11-17 12:41:13','2025-11-17','android','8.0.65',1089,'::ffff:127.0.0.1','PKB110','Android 16','2025-11-17 12:41:13'),('1b790e35-6bab-4c43-a1a7-7c0e1ce3f905','942b0614-06e4-4e35-acd8-52f806a9a5c7','2025-11-17 14:41:02','2025-11-17','devtools','8.0.5',1001,'::ffff:127.0.0.1','iPhone 12/13 (Pro)','iOS 10.0.1','2025-11-17 14:41:02'),('1b82cbf7-d5ed-4b46-badd-4dc31b770f6c','942b0614-06e4-4e35-acd8-52f806a9a5c7','2025-11-18 00:29:05','2025-11-18','android','8.0.65',1089,'::ffff:127.0.0.1','HBN-AL00','Android 12','2025-11-18 00:29:05'),('1bbb97c9-bf4a-49c9-8450-472600a43126','942b0614-06e4-4e35-acd8-52f806a9a5c7','2025-11-17 11:23:18','2025-11-17','android','8.0.65',1089,'::ffff:127.0.0.1','HBN-AL00','Android 12','2025-11-17 11:23:18'),('1bc0379a-cbbc-4fd0-8cce-828f7b019a6a','277dc273-6b68-4d68-8414-3f2672278a6e','2025-11-21 03:59:16','2025-11-21','android','8.0.65',1160,'::ffff:127.0.0.1','ALN-AL80','Android 12','2025-11-21 03:59:16'),('1bdf59b2-04fb-4cab-8760-7953eb06009e','942b0614-06e4-4e35-acd8-52f806a9a5c7','2025-11-20 14:14:46','2025-11-20','android','8.0.65',1160,'::ffff:127.0.0.1','HBN-AL00','Android 12','2025-11-20 14:14:46'),('1c86e527-f30b-40d9-9420-1edd4af5ae77','942b0614-06e4-4e35-acd8-52f806a9a5c7','2025-11-19 04:21:57','2025-11-19','android','8.0.65',1089,'::ffff:127.0.0.1','HBN-AL00','Android 12','2025-11-19 04:21:57'),('1d02cece-15a1-4ad1-ba06-54f1275bad0a','942b0614-06e4-4e35-acd8-52f806a9a5c7','2025-11-22 04:10:59','2025-11-22','android','8.0.65',1089,'::ffff:127.0.0.1','HBN-AL00','Android 12','2025-11-22 04:10:59'),('1f024d8a-6857-478e-bc01-8803ae0d4046','942b0614-06e4-4e35-acd8-52f806a9a5c7','2025-11-20 04:18:51','2025-11-20','android','8.0.65',1001,'::ffff:127.0.0.1','HBN-AL00','Android 12','2025-11-20 04:18:51'),('1f3622e6-17cc-4568-adbb-f15cb7e3ba38','78e6a8de-20dc-4560-b567-a054b04237b5','2025-11-22 01:26:10','2025-11-22','ohos','8.0.12',1008,'::ffff:127.0.0.1','ALN-AL80','OpenHarmonyOS 5.1.0','2025-11-22 01:26:10'),('1ff4b8e9-7f91-427a-b982-0dc87b4603c2','942b0614-06e4-4e35-acd8-52f806a9a5c7','2025-11-17 09:37:20','2025-11-17','android','8.0.65',1089,'::ffff:127.0.0.1','HBN-AL00','Android 12','2025-11-17 09:37:20'),('205a27c7-2565-469a-a30d-4775a5f27d15','277dc273-6b68-4d68-8414-3f2672278a6e','2025-11-21 04:22:53','2025-11-21','android','8.0.65',1089,'::ffff:127.0.0.1','ALN-AL80','Android 12','2025-11-21 04:22:53'),('208eb55b-581c-4565-b0a6-4cdd2ae17ae8','86605ffe-31a8-4264-857a-c5d65934b418','2025-11-26 03:50:37','2025-11-26','android','8.0.63',1008,'::ffff:127.0.0.1','24117RK2CC','Android 15','2025-11-26 03:50:37'),('210104ce-0939-4d03-9472-9b253697aa89','1ab26cea-e054-4500-a4a9-14b9b82239ad','2025-11-20 08:43:54','2025-11-20','ios','8.0.65',1007,'::ffff:127.0.0.1','iPhone XR<iPhone11,8>','iOS 18.6.2','2025-11-20 08:43:54'),('217a9bca-4f06-4ef0-86bd-dec623cab0e4','fe6aebef-6f31-4cc1-baa0-4131c267d5f8','2025-11-19 13:44:03','2025-11-19','android','8.0.63',1008,'::ffff:127.0.0.1','V2303A','Android 15','2025-11-19 13:44:03'),('21fdc66c-ed46-461e-9fa8-bda0fdcdf4e8','942b0614-06e4-4e35-acd8-52f806a9a5c7','2025-11-22 04:04:07','2025-11-22','android','8.0.65',1089,'::ffff:127.0.0.1','HBN-AL00','Android 12','2025-11-22 04:04:07'),('223d953f-68e5-44d9-a035-35857135a612','3917a336-118b-47cc-b3fd-b2ba2b545e9b','2025-11-21 14:17:03','2025-11-21','android','8.0.65',1008,'::ffff:127.0.0.1','24129PN74C','Android 16','2025-11-21 14:17:03'),('22403f28-0835-4591-8a1b-88b925eb6816','02eabd85-b0ee-4813-9e7f-b854f71bf0a2','2025-11-21 09:05:31','2025-11-21','android','8.0.63',1007,'::ffff:127.0.0.1','23127PN0CC','Android 14','2025-11-21 09:05:31'),('224593ff-6a9d-4afc-9290-df3a4ecb03d3','8cf4f261-5ddb-446b-9064-dacbe9c59f1f','2025-11-22 03:02:07','2025-11-22','ios','8.0.65',1008,'::ffff:127.0.0.1','iPhone 13<iPhone14,5>','iOS 18.6.2','2025-11-22 03:02:07'),('23429bab-280c-45ad-bc0a-5def5002170c','407b88e4-d9cf-4c78-bff5-85e4fa868eca','2025-11-20 19:56:57','2025-11-20','android','8.0.65',1160,'::ffff:127.0.0.1','PLR-AL50','Android 12','2025-11-20 19:56:57'),('236aa1ce-3929-4116-b48d-d65fd27ae96f','942b0614-06e4-4e35-acd8-52f806a9a5c7','2025-11-20 02:40:29','2025-11-20','devtools','8.0.5',1001,'::ffff:127.0.0.1','iPhone 12/13 (Pro)','iOS 10.0.1','2025-11-20 02:40:29'),('237c2133-069a-48ad-8311-1c92a829c0ab','7fbeef0d-dd93-457b-a259-16e869430e28','2025-11-21 14:03:52','2025-11-21','ios','8.0.65',1008,'::ffff:127.0.0.1','iPhone 16 Pro Max<iPhone17,2>','iOS 18.0','2025-11-21 14:03:52'),('2397947b-551d-4ddd-9a5c-509f6aa246d5','370f143c-17fe-4df4-b2d6-f75ed4a97a99','2025-11-19 05:35:24','2025-11-19','android','8.0.54',1008,'::ffff:127.0.0.1','2308CPXD0C','Android 15','2025-11-19 05:35:24'),('23b96e0d-c907-435c-94dd-4a3cb5430563','942b0614-06e4-4e35-acd8-52f806a9a5c7','2025-11-19 07:01:29','2025-11-19','mac','4.0.6.240',1007,'::ffff:127.0.0.1','MacBookPro18,1','Mac OS X 15.6.1 arm64','2025-11-19 07:01:29'),('2420b61b-f69e-4a44-93cf-4852a89bcc1d','407b88e4-d9cf-4c78-bff5-85e4fa868eca','2025-11-25 09:09:23','2025-11-25','android','8.0.65',1089,'::ffff:127.0.0.1','PLR-AL50','Android 12','2025-11-25 09:09:23'),('245c6e31-af73-4aa8-a5bb-b88fb851010e','1ab26cea-e054-4500-a4a9-14b9b82239ad','2025-11-17 12:21:51','2025-11-17','ios','8.0.65',1048,'::ffff:127.0.0.1','iPhone XR<iPhone11,8>','iOS 18.6.2','2025-11-17 12:21:51'),('24abea2a-a744-4a4c-a6bc-eb90d22449d9','942b0614-06e4-4e35-acd8-52f806a9a5c7','2025-11-18 03:27:48','2025-11-18','android','8.0.65',1089,'::ffff:127.0.0.1','HBN-AL00','Android 12','2025-11-18 03:27:48'),('2516eb4b-be61-4ff1-aa88-07b281d7925a','942b0614-06e4-4e35-acd8-52f806a9a5c7','2025-11-20 08:21:47','2025-11-20','android','8.0.65',1089,'::ffff:127.0.0.1','HBN-AL00','Android 12','2025-11-20 08:21:47'),('253362c7-a6cb-4f8e-9ef9-54f554d593dd','37a97715-d228-479b-a032-e04e24b43ae7','2025-11-26 04:30:03','2025-11-26','android','8.0.58',1008,'::ffff:127.0.0.1','TDT-MA01','Android 10','2025-11-26 04:30:03'),('26137d26-ca78-4411-97da-3791e7b08341','d2f05391-e6e4-4109-a0ef-47631700cb69','2025-11-21 12:08:56','2025-11-21','android','8.0.65',1023,'::ffff:127.0.0.1','OCE-AN10','Android 12','2025-11-21 12:08:56'),('26840e1f-800f-4be9-821e-bf3536e5c6f8','7ac814ea-1d64-4878-a68e-cbba2cf028e8','2025-11-17 12:02:21','2025-11-17','ios','8.0.65',1048,'::ffff:127.0.0.1','iPhone 13 Pro Max<iPhone14,3>','iOS 17.5.1','2025-11-17 12:02:21'),('26890a39-df74-42af-afe4-bb34fccd2bc8','8cf4f261-5ddb-446b-9064-dacbe9c59f1f','2025-11-19 04:53:37','2025-11-19','ios','8.0.65',1008,'::ffff:127.0.0.1','iPhone 13<iPhone14,5>','iOS 18.6.2','2025-11-19 04:53:37'),('268974d7-d839-4c8d-8d90-83b596885566','d2f05391-e6e4-4109-a0ef-47631700cb69','2025-11-26 05:07:37','2025-11-26','android','8.0.65',1008,'::ffff:127.0.0.1','OCE-AN10','Android 12','2025-11-26 05:07:37'),('26aa8dab-bd4d-47fe-b420-eea5ef543010','942b0614-06e4-4e35-acd8-52f806a9a5c7','2025-11-21 01:15:31','2025-11-21','devtools','8.0.5',1001,'::ffff:127.0.0.1','iPhone 12/13 (Pro)','iOS 10.0.1','2025-11-21 01:15:31'),('26b412c1-c9d6-43dd-a9f5-8736f43e52b9','277dc273-6b68-4d68-8414-3f2672278a6e','2025-11-20 03:00:36','2025-11-20','android','8.0.65',1089,'::ffff:127.0.0.1','ALN-AL80','Android 12','2025-11-20 03:00:36'),('280631d7-0866-49f7-89f2-c020e496b205','9bb0beb2-1810-466e-9e60-713a82f2c6df','2025-11-20 11:57:11','2025-11-20','android','8.0.65',1160,'::ffff:127.0.0.1','ELS-AN00','Android 12','2025-11-20 11:57:11'),('283efb7b-60ae-4711-a238-cfe8b31b6cc3','108f7973-6baa-47ae-8138-139723ad1eb5','2025-11-19 04:50:11','2025-11-19','android','8.0.58',1008,'::ffff:127.0.0.1','PHZ110','Android 14','2025-11-19 04:50:11'),('291724f6-2932-43ac-84aa-b3ba0c3e5b8f','e18ad310-339b-48b4-8745-58630b87ba3d','2025-11-20 09:05:45','2025-11-20','android','8.0.65',1089,'::ffff:127.0.0.1','LIO-AN00m','Android 12','2025-11-20 09:05:45'),('2941ebfe-e941-443a-aa8b-d65ce51ab3ba','41097aab-54bd-4800-84cf-f79e8f7d3d2b','2025-11-17 12:17:18','2025-11-17','android','8.0.65',1048,'::ffff:127.0.0.1','ANN-AN00','Android 15','2025-11-17 12:17:18'),('2a06aebf-3263-48d0-8e4d-68fade338f05','942b0614-06e4-4e35-acd8-52f806a9a5c7','2025-11-17 12:28:12','2025-11-17','android','8.0.65',1089,'::ffff:127.0.0.1','HBN-AL00','Android 12','2025-11-17 12:28:12'),('2a0d104c-44d2-40da-be76-0fcb56fecaff','37a97715-d228-479b-a032-e04e24b43ae7','2025-11-19 05:07:23','2025-11-19','android','8.0.58',1008,'::ffff:127.0.0.1','TDT-MA01','Android 10','2025-11-19 05:07:23'),('2a5d53e6-dd7c-49c0-b84f-93e148860582','942b0614-06e4-4e35-acd8-52f806a9a5c7','2025-11-21 06:10:27','2025-11-21','android','8.0.65',1160,'::ffff:127.0.0.1','HBN-AL00','Android 12','2025-11-21 06:10:27'),('2b14b9c2-6be4-47ed-81f2-394200a3dc82','7dda9b5f-62ca-4e98-a44d-943cb982c684','2025-11-18 11:16:39','2025-11-18','android','8.0.65',1089,'::ffff:127.0.0.1','PKB110','Android 16','2025-11-18 11:16:39'),('2bfe22c1-c627-4eca-8630-812950240b28','942b0614-06e4-4e35-acd8-52f806a9a5c7','2025-11-18 01:26:38','2025-11-18','android','8.0.65',1089,'::ffff:127.0.0.1','HBN-AL00','Android 12','2025-11-18 01:26:38'),('2c35a978-4699-4cf3-bd39-cfec2154869a','7dda9b5f-62ca-4e98-a44d-943cb982c684','2025-11-20 09:48:24','2025-11-20','android','8.0.65',1008,'::ffff:127.0.0.1','PKB110','Android 16','2025-11-20 09:48:24'),('2ce0e43d-b652-4ed4-8852-d3d85b182b51','942b0614-06e4-4e35-acd8-52f806a9a5c7','2025-11-17 10:57:37','2025-11-17','android','8.0.65',1089,'::ffff:127.0.0.1','HBN-AL00','Android 12','2025-11-17 10:57:37'),('2dc9563c-b397-4dbc-8c3b-8007d5e4cde7','84e2f056-3854-41e6-9941-25f9a428fcda','2025-11-20 11:15:37','2025-11-20','android','8.0.65',1089,'::ffff:127.0.0.1','24069RA21C','Android 14','2025-11-20 11:15:37'),('2e3091b4-6f31-4830-a4b7-61943ea40af8','942b0614-06e4-4e35-acd8-52f806a9a5c7','2025-11-19 11:28:53','2025-11-19','android','8.0.65',1089,'::ffff:127.0.0.1','HBN-AL00','Android 12','2025-11-19 11:28:53'),('2e4a0d73-7c6b-4b46-bac8-335e793425db','942b0614-06e4-4e35-acd8-52f806a9a5c7','2025-11-18 01:32:39','2025-11-18','android','8.0.65',1089,'::ffff:127.0.0.1','HBN-AL00','Android 12','2025-11-18 01:32:39'),('2eff9683-a0d9-4988-8df8-a1bccb4bd8b2','942b0614-06e4-4e35-acd8-52f806a9a5c7','2025-11-21 02:02:26','2025-11-21','android','8.0.65',1089,'::ffff:127.0.0.1','HBN-AL00','Android 12','2025-11-21 02:02:26'),('2f1f121c-cdaf-4729-b3d0-d82f187d8eff','41c2f924-fcc1-4c6f-9b86-7a715bd54d72','2025-11-19 06:26:29','2025-11-19','ios','8.0.64',1008,'::ffff:127.0.0.1','iPhone 12<iPhone13,2>','iOS 18.7.1','2025-11-19 06:26:29'),('2ff16773-921c-43fd-a320-6b4d03d8b8fd','942b0614-06e4-4e35-acd8-52f806a9a5c7','2025-11-20 04:14:18','2025-11-20','devtools','8.0.5',1001,'::ffff:127.0.0.1','iPhone 12/13 (Pro)','iOS 10.0.1','2025-11-20 04:14:18'),('306c5604-753f-42b0-81b1-d1e41fa1afcc','3917a336-118b-47cc-b3fd-b2ba2b545e9b','2025-11-22 04:18:42','2025-11-22','android','8.0.65',1008,'::ffff:127.0.0.1','24129PN74C','Android 16','2025-11-22 04:18:42'),('3119619a-a694-4833-970b-0c1f0a012130','942b0614-06e4-4e35-acd8-52f806a9a5c7','2025-11-18 00:08:46','2025-11-18','android','8.0.65',1089,'::ffff:127.0.0.1','HBN-AL00','Android 12','2025-11-18 00:08:46'),('31f3b37e-3639-45eb-a1fa-333bad9542a3','277dc273-6b68-4d68-8414-3f2672278a6e','2025-11-20 12:11:24','2025-11-20','android','8.0.65',1160,'::ffff:127.0.0.1','ALN-AL80','Android 12','2025-11-20 12:11:24'),('31f84ff1-4f2f-4d12-b043-4091f1ac7e71','8cf4f261-5ddb-446b-9064-dacbe9c59f1f','2025-11-21 07:56:43','2025-11-21','ios','8.0.65',1008,'::ffff:127.0.0.1','iPhone 13<iPhone14,5>','iOS 18.6.2','2025-11-21 07:56:43'),('31f8a511-21d1-4673-9163-102c41802441','c55cbd22-ffa7-4da9-8793-454134257948','2025-11-21 11:56:46','2025-11-21','ios','8.0.65',1089,'::ffff:127.0.0.1','iPhone 14 Pro<iPhone15,2>','iOS 18.7','2025-11-21 11:56:46'),('3211635f-257a-4c2a-8cab-be67d3b72317','3917a336-118b-47cc-b3fd-b2ba2b545e9b','2025-11-21 11:14:22','2025-11-21','android','8.0.65',1089,'::ffff:127.0.0.1','24129PN74C','Android 16','2025-11-21 11:14:22'),('32123e74-a923-479f-81bb-8d7f1110ae23','63fe6ebf-4360-4840-a567-2b46d7237bf9','2025-11-20 08:11:09','2025-11-20','ios','8.0.65',1008,'::ffff:127.0.0.1','iPhone 16<iPhone17,3>','iOS 18.5','2025-11-20 08:11:09'),('322fa4db-a7a3-4e3b-8eda-52de1d741b8e','942b0614-06e4-4e35-acd8-52f806a9a5c7','2025-11-20 01:53:51','2025-11-20','android','8.0.65',1089,'::ffff:127.0.0.1','HBN-AL00','Android 12','2025-11-20 01:53:51'),('32714d80-081c-466f-a232-cecc33d804c6','277dc273-6b68-4d68-8414-3f2672278a6e','2025-11-22 04:16:19','2025-11-22','android','8.0.65',1089,'::ffff:127.0.0.1','ALN-AL80','Android 12','2025-11-22 04:16:19'),('33733f5d-2070-4bac-a55a-54641366d884','8cf4f261-5ddb-446b-9064-dacbe9c59f1f','2025-11-20 11:46:55','2025-11-20','ios','8.0.65',1008,'::ffff:127.0.0.1','iPhone 13<iPhone14,5>','iOS 18.6.2','2025-11-20 11:46:55'),('33b65517-5b24-4e3b-b11a-c77cc8d28b87','8cf4f261-5ddb-446b-9064-dacbe9c59f1f','2025-11-20 08:00:44','2025-11-20','windows','4.1.4.17',1008,'::ffff:127.0.0.1','microsoft','Windows 10 x64','2025-11-20 08:00:44'),('33d1f894-c4d6-4652-9cfe-f143d8086121','3917a336-118b-47cc-b3fd-b2ba2b545e9b','2025-11-21 06:47:13','2025-11-21','android','8.0.65',1089,'::ffff:127.0.0.1','24129PN74C','Android 16','2025-11-21 06:47:13'),('33e55cc5-c1c0-487d-b54a-6ad9dd762013','d2f05391-e6e4-4109-a0ef-47631700cb69','2025-11-20 15:39:30','2025-11-20','android','8.0.65',1008,'::ffff:127.0.0.1','OCE-AN10','Android 12','2025-11-20 15:39:30'),('34c2278f-1058-46e9-bcee-91f8245ed4e6','9bb0beb2-1810-466e-9e60-713a82f2c6df','2025-11-19 04:45:50','2025-11-19','android','8.0.65',1008,'::ffff:127.0.0.1','ELS-AN00','Android 12','2025-11-19 04:45:50'),('34e160d0-62c8-4776-bcff-81693485be4e','f60affc5-8091-4f3d-af5a-5132a8e97bc0','2025-11-22 11:31:46','2025-11-22','android','8.0.65',1008,'::ffff:127.0.0.1','VER-AN00','Android 15','2025-11-22 11:31:46'),('35eeb13d-d63f-481d-a388-6c4c331ce09d','3917a336-118b-47cc-b3fd-b2ba2b545e9b','2025-11-21 10:36:24','2025-11-21','android','8.0.65',1089,'::ffff:127.0.0.1','24129PN74C','Android 16','2025-11-21 10:36:24'),('367428ad-5db9-4400-84f8-c9da74823e75','30d44a9a-3f89-4367-bdac-a32fb0a5315e','2025-11-20 08:02:18','2025-11-20','ios','8.0.65',1048,'::ffff:127.0.0.1','iPhone 14 Pro<iPhone15,2>','iOS 18.6.2','2025-11-20 08:02:18'),('3683dd49-df52-4c2a-b015-b5a6746dccef','c55cbd22-ffa7-4da9-8793-454134257948','2025-11-20 07:39:11','2025-11-20','ios','8.0.65',1048,'::ffff:127.0.0.1','iPhone 14 Pro<iPhone15,2>','iOS 18.7','2025-11-20 07:39:11'),('37096ce2-7f9f-4e9e-8ddd-1d51128739f7','942b0614-06e4-4e35-acd8-52f806a9a5c7','2025-11-20 11:30:58','2025-11-20','android','8.0.65',1089,'::ffff:127.0.0.1','HBN-AL00','Android 12','2025-11-20 11:30:58'),('3799aec8-e5e9-4a2a-9484-92d921e54226','37a97715-d228-479b-a032-e04e24b43ae7','2025-11-17 12:31:39','2025-11-17','android','8.0.58',1048,'::ffff:127.0.0.1','TDT-MA01','Android 10','2025-11-17 12:31:39'),('37c2e82b-4e01-4dd5-8a39-6137858d7059','003d0cec-2665-4655-82aa-198784fd2886','2025-11-26 06:25:34','2025-11-26','ios','8.0.65',1008,'::ffff:127.0.0.1','iPhone 13<iPhone14,5>','iOS 16.2','2025-11-26 06:25:34'),('3836d514-d5ef-4f78-841f-78a30f004428','942b0614-06e4-4e35-acd8-52f806a9a5c7','2025-11-19 05:05:13','2025-11-19','android','8.0.65',1008,'::ffff:127.0.0.1','HBN-AL00','Android 12','2025-11-19 05:05:13'),('3937c399-6a75-4d79-b08e-858d735d9ef0','942b0614-06e4-4e35-acd8-52f806a9a5c7','2025-11-19 06:47:29','2025-11-19','mac','4.0.6.240',1007,'::ffff:127.0.0.1','MacBookPro18,1','Mac OS X 15.6.1 arm64','2025-11-19 06:47:29'),('396de910-5465-45a5-a4af-659db7c35398','277dc273-6b68-4d68-8414-3f2672278a6e','2025-11-20 11:14:51','2025-11-20','android','8.0.65',1089,'::ffff:127.0.0.1','ALN-AL80','Android 12','2025-11-20 11:14:51'),('3aa28b52-5591-4a8f-8908-067680cc8800','277dc273-6b68-4d68-8414-3f2672278a6e','2025-11-20 11:57:16','2025-11-20','android','8.0.65',1008,'::ffff:127.0.0.1','ALN-AL80','Android 12','2025-11-20 11:57:16'),('3b21db74-d952-43f5-aedc-b6a3ac64f821','942b0614-06e4-4e35-acd8-52f806a9a5c7','2025-11-17 14:53:48','2025-11-17','android','8.0.65',1089,'::ffff:127.0.0.1','HBN-AL00','Android 12','2025-11-17 14:53:48'),('3b91541c-7bc8-4f8e-8b41-82e926c7d04a','942b0614-06e4-4e35-acd8-52f806a9a5c7','2025-11-18 07:08:44','2025-11-18','android','8.0.65',1089,'::ffff:127.0.0.1','HBN-AL00','Android 12','2025-11-18 07:08:44'),('3c51521e-5ce8-4fe1-b19d-2da57b48758e','9bb0615a-37c7-4547-867a-916ca1c9d7e2','2025-11-21 03:36:32','2025-11-21','ios','8.0.65',1008,'::ffff:127.0.0.1','iPhone 14 Pro<iPhone15,2>','iOS 26.1','2025-11-21 03:36:32'),('3e57c647-9752-44b1-9670-e65f8d0b0004','942b0614-06e4-4e35-acd8-52f806a9a5c7','2025-11-17 12:40:57','2025-11-17','android','8.0.65',1089,'::ffff:127.0.0.1','HBN-AL00','Android 12','2025-11-17 12:40:57'),('3e709a04-0119-4103-bd08-db09bf149ae8','942b0614-06e4-4e35-acd8-52f806a9a5c7','2025-11-18 03:30:43','2025-11-18','devtools','8.0.5',1001,'::ffff:127.0.0.1','iPhone 12/13 (Pro)','iOS 10.0.1','2025-11-18 03:30:43'),('40ff3eb1-2c78-49a1-8c87-ec8dc87002d1','942b0614-06e4-4e35-acd8-52f806a9a5c7','2025-11-20 00:55:19','2025-11-20','android','8.0.65',1089,'::ffff:127.0.0.1','HBN-AL00','Android 12','2025-11-20 00:55:19'),('412de5ac-0d9e-49a1-825b-2ba98757ae9b','1ab26cea-e054-4500-a4a9-14b9b82239ad','2025-11-19 04:46:46','2025-11-19','ios','8.0.65',1089,'::ffff:127.0.0.1','iPhone XR<iPhone11,8>','iOS 18.6.2','2025-11-19 04:46:46'),('420e2c1d-bb2a-42b4-98c5-cfd9e756b924','8cf4f261-5ddb-446b-9064-dacbe9c59f1f','2025-11-18 10:33:48','2025-11-18','ios','8.0.65',1089,'::ffff:127.0.0.1','iPhone 13<iPhone14,5>','iOS 18.6.2','2025-11-18 10:33:48'),('42243b37-e5ec-481e-904b-c83ab7e48959','e18ad310-339b-48b4-8745-58630b87ba3d','2025-11-18 10:40:01','2025-11-18','android','8.0.65',1089,'::ffff:127.0.0.1','LIO-AN00m','Android 12','2025-11-18 10:40:01'),('4253e3bd-3c58-4ff2-b069-62774dd1e658','942b0614-06e4-4e35-acd8-52f806a9a5c7','2025-11-17 08:18:36','2025-11-17','android','8.0.65',1089,'::ffff:127.0.0.1','HBN-AL00','Android 12','2025-11-17 08:18:36'),('42568848-e238-4ce6-afe1-2e467dac193a','9bb0beb2-1810-466e-9e60-713a82f2c6df','2025-11-18 10:34:02','2025-11-18','android','8.0.65',1089,'::ffff:127.0.0.1','ELS-AN00','Android 12','2025-11-18 10:34:02'),('42d598e9-f34c-405b-ae24-ac904328973e','8cf4f261-5ddb-446b-9064-dacbe9c59f1f','2025-11-20 08:10:31','2025-11-20','windows','4.1.4.17',1008,'::ffff:127.0.0.1','microsoft','Windows 10 x64','2025-11-20 08:10:31'),('42e61540-1981-4d49-9f8b-f4d5d12738f9','0d6d6f93-fc4b-4512-bd9f-4bb08178c742','2025-11-21 11:43:35','2025-11-21','ios','8.0.65',1089,'::ffff:127.0.0.1','iPhone 14 Pro<iPhone15,2>','iOS 16.2','2025-11-21 11:43:35'),('43ac7386-b6ae-4bfc-bbe1-789a7dac2598','942b0614-06e4-4e35-acd8-52f806a9a5c7','2025-11-17 13:32:33','2025-11-17','android','8.0.65',1089,'::ffff:127.0.0.1','HBN-AL00','Android 12','2025-11-17 13:32:33'),('43f26df7-0378-4fd1-8b4d-9341bb00806d','7fbeef0d-dd93-457b-a259-16e869430e28','2025-11-20 10:56:20','2025-11-20','ios','8.0.65',1008,'::ffff:127.0.0.1','iPhone 16 Pro Max<iPhone17,2>','iOS 18.0','2025-11-20 10:56:20'),('44b9c5eb-d544-4e78-a0ff-b8520705b3e0','41c2f924-fcc1-4c6f-9b86-7a715bd54d72','2025-11-21 03:19:45','2025-11-21','ios','8.0.64',1048,'::ffff:127.0.0.1','iPhone 12<iPhone13,2>','iOS 18.7.1','2025-11-21 03:19:45'),('44f8a9ad-ce2c-487b-b132-a9abc383bbad','0d6d6f93-fc4b-4512-bd9f-4bb08178c742','2025-11-20 08:02:16','2025-11-20','ios','8.0.65',1008,'::ffff:127.0.0.1','iPhone 14 Pro<iPhone15,2>','iOS 16.2','2025-11-20 08:02:16'),('45516dfc-d2b1-4404-8a54-a0f67afdc625','277dc273-6b68-4d68-8414-3f2672278a6e','2025-11-21 05:00:45','2025-11-21','android','8.0.65',1160,'::ffff:127.0.0.1','ALN-AL80','Android 12','2025-11-21 05:00:45'),('4586c456-d42b-40d2-8bce-4d7934f220ed','942b0614-06e4-4e35-acd8-52f806a9a5c7','2025-11-20 03:40:47','2025-11-20','android','8.0.65',1001,'::ffff:127.0.0.1','HBN-AL00','Android 12','2025-11-20 03:40:47'),('464c731a-3d9a-4151-873f-1dc5ffe56fc7','d2f05391-e6e4-4109-a0ef-47631700cb69','2025-11-21 11:20:21','2025-11-21','android','8.0.65',1023,'::ffff:127.0.0.1','OCE-AN10','Android 12','2025-11-21 11:20:21'),('46510e8a-6cc5-4ab5-9ae9-c914a1f071f4','37a97715-d228-479b-a032-e04e24b43ae7','2025-11-22 03:40:24','2025-11-22','android','8.0.58',1001,'::ffff:127.0.0.1','TDT-MA01','Android 10','2025-11-22 03:40:24'),('466e091f-85d1-4739-90f9-993de87931b7','277dc273-6b68-4d68-8414-3f2672278a6e','2025-11-18 10:38:44','2025-11-18','android','8.0.65',1089,'::ffff:127.0.0.1','ALN-AL80','Android 12','2025-11-18 10:38:44'),('485369e2-1bbf-4dd2-a5ce-a8d266d1d990','942b0614-06e4-4e35-acd8-52f806a9a5c7','2025-11-20 03:14:54','2025-11-20','devtools','8.0.5',1001,'::ffff:127.0.0.1','iPhone 12/13 (Pro)','iOS 10.0.1','2025-11-20 03:14:54'),('48ca880a-08ab-4671-b205-ab3dc57a505e','108f7973-6baa-47ae-8138-139723ad1eb5','2025-11-19 05:28:09','2025-11-19','android','8.0.58',1008,'::ffff:127.0.0.1','PHZ110','Android 14','2025-11-19 05:28:09'),('48dca7ad-3ce9-4b49-b2a8-18567dfd5c08','277dc273-6b68-4d68-8414-3f2672278a6e','2025-11-26 09:49:14','2025-11-26','android','8.0.65',1089,'::ffff:127.0.0.1','ALN-AL80','Android 12','2025-11-26 09:49:14'),('4915f713-9a00-43ee-ab6f-37ca894b65c3','942b0614-06e4-4e35-acd8-52f806a9a5c7','2025-11-20 11:03:50','2025-11-20','android','8.0.65',1089,'::ffff:127.0.0.1','HBN-AL00','Android 12','2025-11-20 11:03:50'),('497b47b0-c045-4483-98a8-28a48dfec84c','c55cbd22-ffa7-4da9-8793-454134257948','2025-11-20 08:31:55','2025-11-20','ios','8.0.65',1089,'::ffff:127.0.0.1','iPhone 14 Pro<iPhone15,2>','iOS 18.7','2025-11-20 08:31:55'),('49ccbb66-90bf-4fb6-aecb-26153030b4b1','e18ad310-339b-48b4-8745-58630b87ba3d','2025-11-18 10:34:05','2025-11-18','android','8.0.65',1089,'::ffff:127.0.0.1','LIO-AN00m','Android 12','2025-11-18 10:34:05'),('49f29e9b-715a-4fff-bc36-eaf61b5d5cd0','7fbeef0d-dd93-457b-a259-16e869430e28','2025-11-18 11:44:37','2025-11-18','ios','8.0.65',1089,'::ffff:127.0.0.1','iPhone 16 Pro Max<iPhone17,2>','iOS 18.0','2025-11-18 11:44:37'),('4a790d57-efad-463d-861d-2a6edb7e11bf','942b0614-06e4-4e35-acd8-52f806a9a5c7','2025-11-20 11:48:02','2025-11-20','android','8.0.65',1104,'::ffff:127.0.0.1','HBN-AL00','Android 12','2025-11-20 11:48:02'),('4a9eb761-e00e-4e3c-9284-1f91ca1a1e58','942b0614-06e4-4e35-acd8-52f806a9a5c7','2025-11-18 05:49:57','2025-11-18','android','8.0.65',1089,'::ffff:127.0.0.1','HBN-AL00','Android 12','2025-11-18 05:49:57'),('4b31f659-d28b-4bd4-95c9-0b3662b6f5ab','d2f05391-e6e4-4109-a0ef-47631700cb69','2025-11-22 04:18:40','2025-11-22','android','8.0.65',1023,'::ffff:127.0.0.1','OCE-AN10','Android 12','2025-11-22 04:18:40'),('4bbc3329-efae-4a06-bf5b-ade2e3342407','407b88e4-d9cf-4c78-bff5-85e4fa868eca','2025-11-17 11:58:21','2025-11-17','android','8.0.64',1048,'::ffff:127.0.0.1','PLR-AL50','Android 12','2025-11-17 11:58:21'),('4bfe0872-2593-4e32-921a-4a27638ddf7d','84e2f056-3854-41e6-9941-25f9a428fcda','2025-11-20 11:32:24','2025-11-20','android','8.0.65',1089,'::ffff:127.0.0.1','24069RA21C','Android 14','2025-11-20 11:32:24'),('4c376920-55b3-4590-887f-d1ebc685c83a','09f94250-a533-490b-bea7-295e2b128737','2025-11-19 05:57:45','2025-11-19','android','8.0.65',1089,'::ffff:127.0.0.1','ABR-AL80','Android 12','2025-11-19 05:57:45'),('4c4d9599-f41d-4919-8e32-b7e97da3d569','37a97715-d228-479b-a032-e04e24b43ae7','2025-11-17 12:26:11','2025-11-17','android','8.0.58',1048,'::ffff:127.0.0.1','TDT-MA01','Android 10','2025-11-17 12:26:11'),('4c6d2e7c-6b63-4695-aed9-85c51fff8017','3e41b13c-8329-4911-b8fd-a2b6728759a7','2025-11-26 03:55:50','2025-11-26','android','8.0.65',1008,'::ffff:127.0.0.1','ANN-AN00','Android 14','2025-11-26 03:55:50'),('4ca0ef57-83f0-434d-8fa3-02fbf198020b','942b0614-06e4-4e35-acd8-52f806a9a5c7','2025-11-19 14:08:34','2025-11-19','android','8.0.65',1089,'::ffff:127.0.0.1','HBN-AL00','Android 12','2025-11-19 14:08:34'),('4cdcd2dc-de40-4305-a611-5b764f10c946','7dda9b5f-62ca-4e98-a44d-943cb982c684','2025-11-17 12:03:21','2025-11-17','android','8.0.65',1048,'::ffff:127.0.0.1','PKB110','Android 16','2025-11-17 12:03:21'),('4dfa4275-e1ab-485d-8de5-df6081f5ab23','09f94250-a533-490b-bea7-295e2b128737','2025-11-17 12:01:22','2025-11-17','android','8.0.65',1048,'::ffff:127.0.0.1','ABR-AL80','Android 12','2025-11-17 12:01:22'),('4e36b889-5697-4672-b52c-fa5a9a1ed714','0f4a4dee-138b-4356-b071-26f3eac9573a','2025-11-20 12:01:26','2025-11-20','android','8.0.65',1048,'::ffff:127.0.0.1','23013RK75C','Android 14','2025-11-20 12:01:26'),('4fde99a1-1efc-4f6d-9514-a6a0d0716c13','e18ad310-339b-48b4-8745-58630b87ba3d','2025-11-20 11:50:50','2025-11-20','android','8.0.65',1089,'::ffff:127.0.0.1','LIO-AN00m','Android 12','2025-11-20 11:50:50'),('4fe70d26-20e5-46f6-a26c-de36947a9fd0','d2f05391-e6e4-4109-a0ef-47631700cb69','2025-11-22 07:05:31','2025-11-22','android','8.0.65',1023,'::ffff:127.0.0.1','OCE-AN10','Android 12','2025-11-22 07:05:31'),('4fe76c3f-77ab-4ddf-8650-fb34bd3f4126','6a1ea615-5f87-4e6a-bc3a-214ee9a48646','2025-11-20 12:03:30','2025-11-20','ios','8.0.65',1048,'::ffff:127.0.0.1','iPhone 13 Pro Max<iPhone14,3>','iOS 18.6.2','2025-11-20 12:03:30'),('50262e75-d836-4a00-89bd-28b5db08afa7','3917a336-118b-47cc-b3fd-b2ba2b545e9b','2025-11-21 14:47:49','2025-11-21','android','8.0.65',1008,'::ffff:127.0.0.1','24129PN74C','Android 16','2025-11-21 14:47:49'),('50de8558-8143-42c5-8ca0-94bec1ec6b5a','3917a336-118b-47cc-b3fd-b2ba2b545e9b','2025-11-20 08:16:38','2025-11-20','android','8.0.65',1008,'::ffff:127.0.0.1','24129PN74C','Android 16','2025-11-20 08:16:38'),('516871d9-207b-4577-b5f5-a011300bc59e','8cf4f261-5ddb-446b-9064-dacbe9c59f1f','2025-11-19 04:45:59','2025-11-19','ios','8.0.65',1008,'::ffff:127.0.0.1','iPhone 13<iPhone14,5>','iOS 18.6.2','2025-11-19 04:45:59'),('52030871-f176-4ccb-b09c-c3cd65ff5f92','d79a0e39-d5cc-41a0-afac-ae59da779797','2025-11-17 11:58:49','2025-11-17','android','8.0.64',1048,'::ffff:127.0.0.1','PKG110','Android 15','2025-11-17 11:58:49'),('5240d49a-bbea-4b8a-821a-9ec8645b4185','942b0614-06e4-4e35-acd8-52f806a9a5c7','2025-11-20 05:15:10','2025-11-20','android','8.0.65',1089,'::ffff:127.0.0.1','HBN-AL00','Android 12','2025-11-20 05:15:10'),('5386eea2-39d5-4229-881d-15df4575778b','26c50a79-562c-4ca6-b156-45023eee3c94','2025-11-17 12:31:25','2025-11-17','ios','8.0.65',1001,'::ffff:127.0.0.1','iPhone X (GSM+CDMA)<iPhone10,3>','iOS 14.8.1','2025-11-17 12:31:25'),('5392ddb6-1837-4023-86ef-681901da693d','942b0614-06e4-4e35-acd8-52f806a9a5c7','2025-11-19 04:51:38','2025-11-19','android','8.0.65',1008,'::ffff:127.0.0.1','HBN-AL00','Android 12','2025-11-19 04:51:38'),('539c6a41-ba9a-4529-b8fb-cadd75a262a8','942b0614-06e4-4e35-acd8-52f806a9a5c7','2025-11-20 11:55:10','2025-11-20','android','8.0.65',1160,'::ffff:127.0.0.1','HBN-AL00','Android 12','2025-11-20 11:55:10'),('53ce0ec0-3cfc-4f92-8391-01872c83a30a','e18ad310-339b-48b4-8745-58630b87ba3d','2025-11-19 04:45:09','2025-11-19','android','8.0.65',1008,'::ffff:127.0.0.1','LIO-AN00m','Android 12','2025-11-19 04:45:09'),('53deb15c-0f65-4fb5-867f-d28a90fe623a','942b0614-06e4-4e35-acd8-52f806a9a5c7','2025-11-23 02:50:34','2025-11-23','android','8.0.65',1089,'::ffff:127.0.0.1','HBN-AL00','Android 12','2025-11-23 02:50:34'),('53e67747-544c-4f45-a282-b5693b5070dc','fc5f3bf4-bcaf-4a07-a529-28c6cf6f622a','2025-11-21 03:37:14','2025-11-21','ios','8.0.65',1008,'::ffff:127.0.0.1','iPhone 15 pro<iPhone16,1>','iOS 18.6.2','2025-11-21 03:37:14'),('5459e0bc-8e6f-42f0-bc65-e973255cce36','fe6aebef-6f31-4cc1-baa0-4131c267d5f8','2025-11-18 11:22:35','2025-11-18','android','8.0.63',1089,'::ffff:127.0.0.1','V2303A','Android 15','2025-11-18 11:22:35'),('54ce6fa2-53f7-4cd3-8a71-a39444d3fb1a','942b0614-06e4-4e35-acd8-52f806a9a5c7','2025-11-17 11:31:29','2025-11-17','android','8.0.65',1089,'::ffff:127.0.0.1','HBN-AL00','Android 12','2025-11-17 11:31:29'),('55ff2fac-e707-4896-8dcf-f68c3c2cd156','942b0614-06e4-4e35-acd8-52f806a9a5c7','2025-11-17 09:04:04','2025-11-17','android','8.0.65',1089,'::ffff:127.0.0.1','HBN-AL00','Android 12','2025-11-17 09:04:04'),('56a246e3-2e76-4f4a-a436-bb2845471913','277dc273-6b68-4d68-8414-3f2672278a6e','2025-11-23 01:23:58','2025-11-23','android','8.0.65',1089,'::ffff:127.0.0.1','ALN-AL80','Android 12','2025-11-23 01:23:58'),('56da8cdd-8f04-42e7-b205-e2db8af6466d','942b0614-06e4-4e35-acd8-52f806a9a5c7','2025-11-18 03:47:21','2025-11-18','android','8.0.65',1089,'::ffff:127.0.0.1','HBN-AL00','Android 12','2025-11-18 03:47:21'),('570dd127-b854-4f51-bc51-01a33d4c8a20','942b0614-06e4-4e35-acd8-52f806a9a5c7','2025-11-17 16:28:45','2025-11-17','android','8.0.65',1089,'::ffff:127.0.0.1','HBN-AL00','Android 12','2025-11-17 16:28:45'),('58bd5cfc-9cb6-472f-91f3-9e4114fb95ee','8cf4f261-5ddb-446b-9064-dacbe9c59f1f','2025-11-26 07:00:48','2025-11-26','ios','8.0.65',1008,'::ffff:127.0.0.1','iPhone 13<iPhone14,5>','iOS 18.6.2','2025-11-26 07:00:48'),('58d6df67-ff69-420d-a457-08729e9651d7','407b88e4-d9cf-4c78-bff5-85e4fa868eca','2025-11-19 04:35:44','2025-11-19','android','8.0.65',1089,'::ffff:127.0.0.1','PLR-AL50','Android 12','2025-11-19 04:35:44'),('58f6231c-0247-44b6-a558-f5fffce8074d','942b0614-06e4-4e35-acd8-52f806a9a5c7','2025-11-22 10:36:34','2025-11-22','android','8.0.65',1089,'::ffff:127.0.0.1','HBN-AL00','Android 12','2025-11-22 10:36:34'),('59f92a02-8f87-4de5-9e07-d377443f6adf','8cf4f261-5ddb-446b-9064-dacbe9c59f1f','2025-11-21 02:46:49','2025-11-21','windows','4.1.4.17',1008,'::ffff:127.0.0.1','microsoft','Windows 10 x64','2025-11-21 02:46:49'),('5a2200b1-8106-423c-a65e-2f1e9fb55e6e','942b0614-06e4-4e35-acd8-52f806a9a5c7','2025-11-17 11:16:22','2025-11-17','android','8.0.65',1089,'::ffff:127.0.0.1','HBN-AL00','Android 12','2025-11-17 11:16:22'),('5a59383b-4c37-4f09-b238-0ac3f69b1de8','1f8b12ed-deef-46de-8530-1fa1c8fd2f12','2025-11-21 13:57:03','2025-11-21','android','8.0.65',1089,'::ffff:127.0.0.1','PTP-AN00','Android 16','2025-11-21 13:57:03'),('5ac8d99a-a47b-44c1-84fd-d13614277fca','0f4a4dee-138b-4356-b071-26f3eac9573a','2025-11-21 03:17:46','2025-11-21','android','8.0.65',1048,'::ffff:127.0.0.1','23013RK75C','Android 14','2025-11-21 03:17:46'),('5b59bae7-86a0-4dd4-8da0-5d197a4fc13b','407b88e4-d9cf-4c78-bff5-85e4fa868eca','2025-11-17 10:25:01','2025-11-17','android','8.0.64',1089,'::ffff:127.0.0.1','PLR-AL50','Android 12','2025-11-17 10:25:01'),('5b6b480a-96ff-4d65-bc6a-411e9e23be2d','02eabd85-b0ee-4813-9e7f-b854f71bf0a2','2025-11-26 04:06:33','2025-11-26','android','8.0.65',1008,'::ffff:127.0.0.1','23127PN0CC','Android 14','2025-11-26 04:06:33'),('5bb22eb9-029f-4f69-ac47-8f7ba2863e8b','942b0614-06e4-4e35-acd8-52f806a9a5c7','2025-11-17 07:52:56','2025-11-17','android','8.0.65',1089,'::ffff:127.0.0.1','HBN-AL00','Android 12','2025-11-17 07:52:56'),('5c36dc2a-4cb0-455a-b32e-cb77ae96bea9','180d92e2-5a13-450e-97ea-9e19283c860b','2025-11-18 02:20:26','2025-11-18','ios','8.0.65',1048,'::ffff:127.0.0.1','iPhone 12<iPhone13,2>','iOS 17.6.1','2025-11-18 02:20:26'),('5d72dd11-f89c-4d33-b931-51f48d5454f5','942b0614-06e4-4e35-acd8-52f806a9a5c7','2025-11-19 08:26:30','2025-11-19','android','8.0.65',1089,'::ffff:127.0.0.1','HBN-AL00','Android 12','2025-11-19 08:26:30'),('5e953a24-48a1-4b91-9db4-0df05bf4db84','942b0614-06e4-4e35-acd8-52f806a9a5c7','2025-11-20 03:54:32','2025-11-20','android','8.0.65',1131,'::ffff:127.0.0.1','HBN-AL00','Android 12','2025-11-20 03:54:32'),('5ec42244-05de-49cb-b73f-80d4334e1f83','d2f05391-e6e4-4109-a0ef-47631700cb69','2025-11-22 08:43:53','2025-11-22','android','8.0.65',1023,'::ffff:127.0.0.1','OCE-AN10','Android 12','2025-11-22 08:43:53'),('5ec69d62-c8ad-4cb1-a195-c8a59bb47a79','e18ad310-339b-48b4-8745-58630b87ba3d','2025-11-17 13:03:06','2025-11-17','android','8.0.65',1089,'::ffff:127.0.0.1','LIO-AN00m','Android 12','2025-11-17 13:03:06'),('5ed036a0-3262-45b9-9a4a-e56b5fed6a28','942b0614-06e4-4e35-acd8-52f806a9a5c7','2025-11-17 12:07:02','2025-11-17','android','8.0.65',1089,'::ffff:127.0.0.1','HBN-AL00','Android 12','2025-11-17 12:07:02'),('5f38f4b0-b1f6-4fd2-8df6-6f9c78fb2619','942b0614-06e4-4e35-acd8-52f806a9a5c7','2025-11-17 09:29:15','2025-11-17','android','8.0.65',1089,'::ffff:127.0.0.1','HBN-AL00','Android 12','2025-11-17 09:29:15'),('5f9895a3-19b9-4941-8956-9358a4088248','0f4a4dee-138b-4356-b071-26f3eac9573a','2025-11-21 23:56:55','2025-11-21','android','8.0.65',1048,'::ffff:127.0.0.1','23013RK75C','Android 14','2025-11-21 23:56:55'),('6098c548-8026-4014-a601-1c58274e9d97','d2f05391-e6e4-4109-a0ef-47631700cb69','2025-11-18 22:48:56','2025-11-18','android','8.0.65',1023,'::ffff:127.0.0.1','OCE-AN10','Android 12','2025-11-18 22:48:56'),('60ca0459-9dc7-4f17-8f46-d647610a521d','8cf5f4ad-3159-41e2-942f-b77804afe972','2025-11-19 07:34:31','2025-11-19','android','8.0.65',1008,'::ffff:127.0.0.1','LIO-AN00','Android 12','2025-11-19 07:34:31'),('60d793c5-40d8-4b02-813f-264690aa81be','8cf5f4ad-3159-41e2-942f-b77804afe972','2025-11-18 10:34:56','2025-11-18','android','8.0.65',1089,'::ffff:127.0.0.1','LIO-AN00','Android 12','2025-11-18 10:34:56'),('6140a305-79e0-4582-a580-368ae3df17b3','942b0614-06e4-4e35-acd8-52f806a9a5c7','2025-11-19 07:34:17','2025-11-19','mac','4.0.6.240',1007,'::ffff:127.0.0.1','MacBookPro18,1','Mac OS X 15.6.1 arm64','2025-11-19 07:34:17'),('61a164fc-c36f-4213-a9df-b404e0771176','8cf4f261-5ddb-446b-9064-dacbe9c59f1f','2025-11-19 12:22:04','2025-11-19','ios','8.0.65',1089,'::ffff:127.0.0.1','iPhone 13<iPhone14,5>','iOS 18.6.2','2025-11-19 12:22:04'),('62a94625-c866-48d5-9d99-02259c98501a','d2f05391-e6e4-4109-a0ef-47631700cb69','2025-11-20 09:55:13','2025-11-20','android','8.0.65',1023,'::ffff:127.0.0.1','OCE-AN10','Android 12','2025-11-20 09:55:13'),('643743ef-7181-4312-8bd5-918e26af741b','7fbeef0d-dd93-457b-a259-16e869430e28','2025-11-21 12:57:41','2025-11-21','ios','8.0.65',1008,'::ffff:127.0.0.1','iPhone 16 Pro Max<iPhone17,2>','iOS 18.0','2025-11-21 12:57:41'),('64bb8fff-e7d0-42ee-b62a-9fc045047fd7','942b0614-06e4-4e35-acd8-52f806a9a5c7','2025-11-19 07:42:44','2025-11-19','android','8.0.65',1007,'::ffff:127.0.0.1','HBN-AL00','Android 12','2025-11-19 07:42:44'),('6504ffe7-365f-4d72-b8fc-16978671a56f','942b0614-06e4-4e35-acd8-52f806a9a5c7','2025-11-22 08:16:46','2025-11-22','android','8.0.65',1160,'::ffff:127.0.0.1','HBN-AL00','Android 12','2025-11-22 08:16:46'),('655416fc-4a9a-4d09-bf38-7663987cef22','942b0614-06e4-4e35-acd8-52f806a9a5c7','2025-11-20 11:02:40','2025-11-20','android','8.0.65',1089,'::ffff:127.0.0.1','HBN-AL00','Android 12','2025-11-20 11:02:40'),('6574da02-4568-4959-9c38-0cbaf1a06078','942b0614-06e4-4e35-acd8-52f806a9a5c7','2025-11-21 01:21:11','2025-11-21','devtools','8.0.5',1001,'::ffff:127.0.0.1','iPhone 12/13 (Pro)','iOS 10.0.1','2025-11-21 01:21:11'),('658c1f05-e95a-4410-a29d-bb57adc4aaf8','942b0614-06e4-4e35-acd8-52f806a9a5c7','2025-11-18 05:05:28','2025-11-18','android','8.0.65',1089,'::ffff:127.0.0.1','HBN-AL00','Android 12','2025-11-18 05:05:28'),('65e4e168-7b7e-4bf4-9c64-a33f59a703a9','277dc273-6b68-4d68-8414-3f2672278a6e','2025-11-23 01:18:21','2025-11-23','android','8.0.65',1089,'::ffff:127.0.0.1','ALN-AL80','Android 12','2025-11-23 01:18:21'),('65fd0fc3-eafd-4389-9375-689513be4ccb','8cf5f4ad-3159-41e2-942f-b77804afe972','2025-11-20 14:41:42','2025-11-20','android','8.0.65',1089,'::ffff:127.0.0.1','LIO-AN00','Android 12','2025-11-20 14:41:42'),('66edd799-62a2-411b-84f7-31e1347ea9dd','942b0614-06e4-4e35-acd8-52f806a9a5c7','2025-11-18 01:41:01','2025-11-18','android','8.0.65',1089,'::ffff:127.0.0.1','HBN-AL00','Android 12','2025-11-18 01:41:01'),('6751ee63-b8b9-4bd3-ba68-222ad19c9154','277dc273-6b68-4d68-8414-3f2672278a6e','2025-11-21 23:25:00','2025-11-21','android','8.0.65',1160,'::ffff:127.0.0.1','ALN-AL80','Android 12','2025-11-21 23:25:00'),('6770b964-9596-49bb-b41f-ef71487fb766','8cf4f261-5ddb-446b-9064-dacbe9c59f1f','2025-11-20 08:07:42','2025-11-20','windows','4.1.4.17',1008,'::ffff:127.0.0.1','microsoft','Windows 10 x64','2025-11-20 08:07:42'),('67e00c50-d675-41d3-be21-0e7e32d2cc22','8cf4f261-5ddb-446b-9064-dacbe9c59f1f','2025-11-20 08:08:49','2025-11-20','windows','4.1.4.17',1008,'::ffff:127.0.0.1','microsoft','Windows 10 x64','2025-11-20 08:08:49'),('6842ee7f-802c-4952-9416-3c48d6cb8e63','3917a336-118b-47cc-b3fd-b2ba2b545e9b','2025-11-21 10:46:33','2025-11-21','android','8.0.65',1089,'::ffff:127.0.0.1','24129PN74C','Android 16','2025-11-21 10:46:33'),('68551171-e5c8-47ad-a484-a9467fc3ecd1','7fbeef0d-dd93-457b-a259-16e869430e28','2025-11-21 21:07:56','2025-11-21','ios','8.0.65',1008,'::ffff:127.0.0.1','iPhone 16 Pro Max<iPhone17,2>','iOS 18.0','2025-11-21 21:07:56'),('692ed542-c963-4610-a7a2-f658f65a45c8','155aeda2-32ae-4d3e-9964-f13dd736ccac','2025-11-19 05:50:32','2025-11-19','ios','8.0.65',1048,'::ffff:127.0.0.1','iPhone 13<iPhone14,5>','iOS 18.7.2','2025-11-19 05:50:32'),('6bf93a01-1976-4e21-ab78-26c2eae2652c','9bb0beb2-1810-466e-9e60-713a82f2c6df','2025-11-20 11:57:16','2025-11-20','android','8.0.65',1160,'::ffff:127.0.0.1','ELS-AN00','Android 12','2025-11-20 11:57:16'),('6cc7b941-fd18-42b5-88e8-5ac4b5ce0b7a','942b0614-06e4-4e35-acd8-52f806a9a5c7','2025-11-20 04:45:06','2025-11-20','devtools','8.0.5',1001,'::ffff:127.0.0.1','iPhone 12/13 (Pro)','iOS 10.0.1','2025-11-20 04:45:06'),('6d69ede6-9c2c-4d41-9d0e-db7fb0ae2e52','84e2f056-3854-41e6-9941-25f9a428fcda','2025-11-18 10:57:57','2025-11-18','android','8.0.65',1089,'::ffff:127.0.0.1','24069RA21C','Android 14','2025-11-18 10:57:57'),('6da4c406-12db-47cd-8da1-751380c8b203','942b0614-06e4-4e35-acd8-52f806a9a5c7','2025-11-18 07:09:51','2025-11-18','android','8.0.65',1007,'::ffff:127.0.0.1','HBN-AL00','Android 12','2025-11-18 07:09:51'),('6ddb0256-5885-4746-aa99-f55b3384f793','c55cbd22-ffa7-4da9-8793-454134257948','2025-11-21 10:52:36','2025-11-21','ios','8.0.65',1089,'::ffff:127.0.0.1','iPhone 14 Pro<iPhone15,2>','iOS 18.7','2025-11-21 10:52:36'),('6debfb87-c97b-4d64-afca-8b9d8d628565','942b0614-06e4-4e35-acd8-52f806a9a5c7','2025-11-19 06:35:49','2025-11-19','android','8.0.65',1007,'::ffff:127.0.0.1','HBN-AL00','Android 12','2025-11-19 06:35:49'),('6df02341-758e-48fd-a184-771f41e84753','407b88e4-d9cf-4c78-bff5-85e4fa868eca','2025-11-17 10:32:00','2025-11-17','android','8.0.64',1089,'::ffff:127.0.0.1','PLR-AL50','Android 12','2025-11-17 10:32:00'),('6e52266d-a080-4c6a-8833-4d5aa7509a13','942b0614-06e4-4e35-acd8-52f806a9a5c7','2025-11-18 09:43:25','2025-11-18','android','8.0.65',1089,'::ffff:127.0.0.1','HBN-AL00','Android 12','2025-11-18 09:43:25'),('6ec99564-6d9a-4a69-af48-68ff6714dffc','942b0614-06e4-4e35-acd8-52f806a9a5c7','2025-11-20 11:06:00','2025-11-20','android','8.0.65',1089,'::ffff:127.0.0.1','HBN-AL00','Android 12','2025-11-20 11:06:00'),('6fd04b2d-fbe9-47b0-9a85-a98b8709ae14','9bb0beb2-1810-466e-9e60-713a82f2c6df','2025-11-22 15:04:09','2025-11-22','android','8.0.65',1089,'::ffff:127.0.0.1','ELS-AN00','Android 12','2025-11-22 15:04:09'),('701f3424-c24c-4c17-b038-617a93d41fe2','180d92e2-5a13-450e-97ea-9e19283c860b','2025-11-21 16:01:56','2025-11-21','ios','8.0.65',1008,'::ffff:127.0.0.1','iPhone 12<iPhone13,2>','iOS 17.6.1','2025-11-21 16:01:56'),('703fa6fb-cc8f-4949-b677-740463e5632c','7fbeef0d-dd93-457b-a259-16e869430e28','2025-11-19 05:02:05','2025-11-19','ios','8.0.65',1008,'::ffff:127.0.0.1','iPhone 16 Pro Max<iPhone17,2>','iOS 18.0','2025-11-19 05:02:05'),('716e6392-e175-4f7d-9090-91b033d9efa5','c8687aba-86ee-4d3d-9dcf-4384a1a93015','2025-11-21 01:10:02','2025-11-21','ios','8.0.56',1008,'::ffff:127.0.0.1','iPhone 14 Pro Max<iPhone15,3>','iOS 18.0.1','2025-11-21 01:10:02'),('717c13f7-7039-4ecf-a2bf-79f1a06d9ff3','8cf4f261-5ddb-446b-9064-dacbe9c59f1f','2025-11-26 07:06:28','2025-11-26','ios','8.0.65',1008,'::ffff:127.0.0.1','iPhone 13<iPhone14,5>','iOS 18.6.2','2025-11-26 07:06:28'),('718a6016-ea8c-448d-bcc2-2503c214b8ed','d00e587b-de8f-44d5-b716-9d7860266be6','2025-11-18 10:39:52','2025-11-18','android','8.0.65',1089,'::ffff:127.0.0.1','BRA-AL00','Android 12','2025-11-18 10:39:52'),('73182f70-c0a6-4094-8e47-37daddd191a4','9bb0beb2-1810-466e-9e60-713a82f2c6df','2025-11-20 23:10:28','2025-11-20','android','8.0.65',1089,'::ffff:127.0.0.1','ELS-AN00','Android 12','2025-11-20 23:10:28'),('73619b88-973e-40dc-a0d9-a1435411b8a4','84e2f056-3854-41e6-9941-25f9a428fcda','2025-11-20 11:15:32','2025-11-20','android','8.0.65',1089,'::ffff:127.0.0.1','24069RA21C','Android 14','2025-11-20 11:15:32'),('74ec035b-ce90-4fd4-a069-9c6c249b0de7','8cf4f261-5ddb-446b-9064-dacbe9c59f1f','2025-11-21 02:46:55','2025-11-21','windows','4.1.4.17',1008,'::ffff:127.0.0.1','microsoft','Windows 10 x64','2025-11-21 02:46:55'),('752365bf-81f5-4f7d-8c5b-e2a86abc2946','407b88e4-d9cf-4c78-bff5-85e4fa868eca','2025-11-24 13:53:23','2025-11-24','android','8.0.65',1089,'::ffff:127.0.0.1','PLR-AL50','Android 12','2025-11-24 13:53:23'),('75947da9-edf2-4186-988d-9f65145417e3','942b0614-06e4-4e35-acd8-52f806a9a5c7','2025-11-18 08:17:56','2025-11-18','android','8.0.65',1089,'::ffff:127.0.0.1','HBN-AL00','Android 12','2025-11-18 08:17:56'),('759f0570-7f35-47a4-9c59-8d9e6278682a','37a97715-d228-479b-a032-e04e24b43ae7','2025-11-19 04:47:16','2025-11-19','android','8.0.58',1008,'::ffff:127.0.0.1','TDT-MA01','Android 10','2025-11-19 04:47:16'),('75a4a124-1d3a-480a-83a4-a0e0d6a80ee5','942b0614-06e4-4e35-acd8-52f806a9a5c7','2025-11-22 06:07:54','2025-11-22','android','8.0.65',1089,'::ffff:127.0.0.1','HBN-AL00','Android 12','2025-11-22 06:07:54'),('75ea1ac6-9039-4450-bad6-a64448041c93','942b0614-06e4-4e35-acd8-52f806a9a5c7','2025-11-20 03:17:09','2025-11-20','devtools','8.0.5',1001,'::ffff:127.0.0.1','iPhone 12/13 (Pro)','iOS 10.0.1','2025-11-20 03:17:09'),('76462272-bf6c-458c-a773-09b0fc9ba05b','3917a336-118b-47cc-b3fd-b2ba2b545e9b','2025-11-19 15:08:40','2025-11-19','android','8.0.65',1266,'::ffff:127.0.0.1','24129PN74C','Android 16','2025-11-19 15:08:40'),('76873bcf-577b-4038-808f-2b71a15d0598','7dda9b5f-62ca-4e98-a44d-943cb982c684','2025-11-19 05:36:11','2025-11-19','android','8.0.65',1089,'::ffff:127.0.0.1','PKB110','Android 16','2025-11-19 05:36:11'),('76a06094-b707-4e8e-aba7-8dac244ebee1','9c0ccbee-c7a4-4da5-9147-7e117f9eb16a','2025-11-17 12:11:17','2025-11-17','ios','8.0.54',1048,'::ffff:127.0.0.1','iPhone 15 pro max<iPhone16,2>','iOS 18.6.2','2025-11-17 12:11:17'),('76f59c6e-f729-491f-a687-7f2c66b26aaf','277dc273-6b68-4d68-8414-3f2672278a6e','2025-11-19 11:26:50','2025-11-19','android','8.0.65',1089,'::ffff:127.0.0.1','ALN-AL80','Android 12','2025-11-19 11:26:50'),('774e15ce-3ed1-4820-acc8-451e2050d2d3','9bb0beb2-1810-466e-9e60-713a82f2c6df','2025-11-22 11:45:15','2025-11-22','android','8.0.65',1089,'::ffff:127.0.0.1','ELS-AN00','Android 12','2025-11-22 11:45:15'),('775bb5ea-95e2-4b17-baa3-4f0a96b142f5','277dc273-6b68-4d68-8414-3f2672278a6e','2025-11-21 04:23:15','2025-11-21','android','8.0.65',1089,'::ffff:127.0.0.1','ALN-AL80','Android 12','2025-11-21 04:23:15'),('77627015-dd54-42b2-853c-c55ad502c01d','f6f0089f-906c-440f-ac5c-68b479e13133','2025-11-17 12:27:03','2025-11-17','android','8.0.65',1048,'::ffff:127.0.0.1','PKB110','Android 15','2025-11-17 12:27:03'),('77ce6015-2f7c-4018-93ae-a6ea0450e20b','3917a336-118b-47cc-b3fd-b2ba2b545e9b','2025-11-21 03:28:48','2025-11-21','android','8.0.65',1008,'::ffff:127.0.0.1','24129PN74C','Android 16','2025-11-21 03:28:48'),('77d93c93-17c1-42ed-82e1-e4b7d75ee520','942b0614-06e4-4e35-acd8-52f806a9a5c7','2025-11-19 06:45:24','2025-11-19','android','8.0.65',1089,'::ffff:127.0.0.1','HBN-AL00','Android 12','2025-11-19 06:45:24'),('787ae61b-1100-40d7-88d6-a5bd598db680','942b0614-06e4-4e35-acd8-52f806a9a5c7','2025-11-20 04:06:42','2025-11-20','devtools','8.0.5',1001,'::ffff:127.0.0.1','iPhone 12/13 (Pro)','iOS 10.0.1','2025-11-20 04:06:42'),('78a3da68-cd70-4f09-9b37-5f17aa9867d8','26c50a79-562c-4ca6-b156-45023eee3c94','2025-11-17 12:09:47','2025-11-17','ios','8.0.65',1048,'::ffff:127.0.0.1','iPhone X (GSM+CDMA)<iPhone10,3>','iOS 14.8.1','2025-11-17 12:09:47'),('78a58d29-95aa-4b19-8a89-3913f60b00c8','942b0614-06e4-4e35-acd8-52f806a9a5c7','2025-11-17 13:19:16','2025-11-17','android','8.0.65',1089,'::ffff:127.0.0.1','HBN-AL00','Android 12','2025-11-17 13:19:16'),('78b6333b-d0e0-4647-81fa-a55835ae0843','942b0614-06e4-4e35-acd8-52f806a9a5c7','2025-11-17 06:24:23','2025-11-17','android','8.0.65',1089,'::ffff:127.0.0.1','HBN-AL00','Android 12','2025-11-17 06:24:23'),('78da0f53-5744-4266-85c4-2bc7f50c5172','407b88e4-d9cf-4c78-bff5-85e4fa868eca','2025-11-19 04:51:45','2025-11-19','android','8.0.65',1008,'::ffff:127.0.0.1','PLR-AL50','Android 12','2025-11-19 04:51:45'),('78f4b2d3-20fc-43c0-83a2-4bf7a3d1071a','003d0cec-2665-4655-82aa-198784fd2886','2025-11-21 03:43:05','2025-11-21','ios','8.0.65',1048,'::ffff:127.0.0.1','iPhone 13<iPhone14,5>','iOS 16.2','2025-11-21 03:43:05'),('7a3d5d8c-c3d3-4ee6-aba9-2c98ddcf05da','c55cbd22-ffa7-4da9-8793-454134257948','2025-11-21 10:58:09','2025-11-21','ios','8.0.65',1089,'::ffff:127.0.0.1','iPhone 14 Pro<iPhone15,2>','iOS 18.7','2025-11-21 10:58:09'),('7c1d3632-f00b-4d6f-8de6-f382d130e561','7e769d4a-ca83-469d-a117-75b84313ed6c','2025-11-21 13:54:28','2025-11-21','ios','8.0.65',1089,'::ffff:127.0.0.1','iPhone 11<iPhone12,1>','iOS 18.6.2','2025-11-21 13:54:28'),('7c264164-1e1b-47d1-95d7-b205cdc47e33','942b0614-06e4-4e35-acd8-52f806a9a5c7','2025-11-18 07:10:10','2025-11-18','android','8.0.65',1089,'::ffff:127.0.0.1','HBN-AL00','Android 12','2025-11-18 07:10:10'),('7c9809dd-d053-4f43-8b87-e01485cf92a9','942b0614-06e4-4e35-acd8-52f806a9a5c7','2025-11-17 11:49:34','2025-11-17','android','8.0.65',1047,'::ffff:127.0.0.1','HBN-AL00','Android 12','2025-11-17 11:49:34'),('7d4e7fc4-7072-4b6e-8635-30b3515b0072','942b0614-06e4-4e35-acd8-52f806a9a5c7','2025-11-19 07:56:45','2025-11-19','android','8.0.65',1089,'::ffff:127.0.0.1','HBN-AL00','Android 12','2025-11-19 07:56:45'),('7e0a5155-ce37-4a9f-9666-a4c8d9a211bc','942b0614-06e4-4e35-acd8-52f806a9a5c7','2025-11-20 11:42:37','2025-11-20','android','8.0.65',1160,'::ffff:127.0.0.1','HBN-AL00','Android 12','2025-11-20 11:42:37'),('7e98dda9-907b-4c91-8c62-e5ebcb4a5dcd','d2f05391-e6e4-4109-a0ef-47631700cb69','2025-11-18 23:31:57','2025-11-18','android','8.0.65',1023,'::ffff:127.0.0.1','OCE-AN10','Android 12','2025-11-18 23:31:57'),('7eed79df-4abf-46db-8d78-df55f1684996','84e2f056-3854-41e6-9941-25f9a428fcda','2025-11-17 12:15:27','2025-11-17','android','8.0.65',1048,'::ffff:127.0.0.1','24069RA21C','Android 14','2025-11-17 12:15:27'),('7f4be245-8191-40cc-a9d6-dc5f163e0547','7fbeef0d-dd93-457b-a259-16e869430e28','2025-11-26 04:01:42','2025-11-26','windows','4.1.4.17',1008,'::ffff:127.0.0.1','microsoft','Windows Unknown x64','2025-11-26 04:01:42'),('7f885275-5287-4600-886e-2cc31e0ce3f5','942b0614-06e4-4e35-acd8-52f806a9a5c7','2025-11-21 01:21:55','2025-11-21','devtools','8.0.5',1001,'::ffff:127.0.0.1','iPhone 12/13 (Pro)','iOS 10.0.1','2025-11-21 01:21:55'),('7fc37806-2e09-4e21-af79-868ef1957abc','d00e587b-de8f-44d5-b716-9d7860266be6','2025-11-19 05:06:33','2025-11-19','android','8.0.65',1008,'::ffff:127.0.0.1','BRA-AL00','Android 12','2025-11-19 05:06:33'),('8023c8d6-0cf5-44cc-aea3-0b9b3f03b532','942b0614-06e4-4e35-acd8-52f806a9a5c7','2025-11-19 04:37:04','2025-11-19','android','8.0.65',1089,'::ffff:127.0.0.1','HBN-AL00','Android 12','2025-11-19 04:37:04'),('80405186-2e7e-4f29-90f3-793e3f6dc53a','8cf4f261-5ddb-446b-9064-dacbe9c59f1f','2025-11-21 02:47:27','2025-11-21','windows','4.1.4.17',1008,'::ffff:127.0.0.1','microsoft','Windows 10 x64','2025-11-21 02:47:27'),('807335e2-9e78-44f3-be2d-c93ca53351f1','407b88e4-d9cf-4c78-bff5-85e4fa868eca','2025-11-26 03:43:53','2025-11-26','android','8.0.65',1089,'::ffff:127.0.0.1','PLR-AL50','Android 12','2025-11-26 03:43:53'),('807d5e5a-4917-4dee-8f8d-27a14790ae4d','942b0614-06e4-4e35-acd8-52f806a9a5c7','2025-11-19 04:45:08','2025-11-19','android','8.0.65',1008,'::ffff:127.0.0.1','HBN-AL00','Android 12','2025-11-19 04:45:08'),('80b2dfbf-cd96-42e0-a19f-431da03a8598','942b0614-06e4-4e35-acd8-52f806a9a5c7','2025-11-18 04:23:01','2025-11-18','android','8.0.65',1089,'::ffff:127.0.0.1','HBN-AL00','Android 12','2025-11-18 04:23:01'),('82ac3209-0f31-4cd8-9966-0fd0150db1c2','942b0614-06e4-4e35-acd8-52f806a9a5c7','2025-11-17 14:30:15','2025-11-17','android','8.0.65',1089,'::ffff:127.0.0.1','HBN-AL00','Android 12','2025-11-17 14:30:15'),('8336d28e-8f15-4713-984a-d5a84590de0e','942b0614-06e4-4e35-acd8-52f806a9a5c7','2025-11-17 08:46:15','2025-11-17','android','8.0.65',1089,'::ffff:127.0.0.1','HBN-AL00','Android 12','2025-11-17 08:46:15'),('83945997-c547-4b84-a551-64ecf8e62d3b','d2f05391-e6e4-4109-a0ef-47631700cb69','2025-11-19 05:40:18','2025-11-19','android','8.0.65',1008,'::ffff:127.0.0.1','OCE-AN10','Android 12','2025-11-19 05:40:18'),('841171d8-bfbc-4f65-8d11-2c1e41501ac7','942b0614-06e4-4e35-acd8-52f806a9a5c7','2025-11-19 11:49:34','2025-11-19','android','8.0.65',1007,'::ffff:127.0.0.1','HBN-AL00','Android 12','2025-11-19 11:49:34'),('84eb5ffd-2746-472b-bb4d-9eca056d7842','d2f05391-e6e4-4109-a0ef-47631700cb69','2025-11-18 05:23:16','2025-11-18','android','8.0.65',1023,'::ffff:127.0.0.1','OCE-AN10','Android 12','2025-11-18 05:23:16'),('84f19264-2130-4ab5-9153-243b50bdd27f','37a97715-d228-479b-a032-e04e24b43ae7','2025-11-21 04:00:44','2025-11-21','android','8.0.58',1048,'::ffff:127.0.0.1','TDT-MA01','Android 10','2025-11-21 04:00:44'),('85c6104a-39d6-4732-978a-f0ee1da471e9','d2f05391-e6e4-4109-a0ef-47631700cb69','2025-11-18 02:53:39','2025-11-18','android','8.0.65',1048,'::ffff:127.0.0.1','OCE-AN10','Android 12','2025-11-18 02:53:39'),('864d41a5-1dcc-4ca3-a94c-f998d872168c','370f143c-17fe-4df4-b2d6-f75ed4a97a99','2025-11-20 11:18:53','2025-11-20','android','8.0.54',1008,'::ffff:127.0.0.1','2308CPXD0C','Android 15','2025-11-20 11:18:53'),('8697ccdf-bd72-412f-b54f-47dbeb2d4e55','942b0614-06e4-4e35-acd8-52f806a9a5c7','2025-11-20 03:48:50','2025-11-20','devtools','8.0.5',1001,'::ffff:127.0.0.1','iPhone 12/13 (Pro)','iOS 10.0.1','2025-11-20 03:48:50'),('87583459-dddb-4eb1-abb9-00ae51d92dc9','942b0614-06e4-4e35-acd8-52f806a9a5c7','2025-11-20 03:45:32','2025-11-20','devtools','8.0.5',1001,'::ffff:127.0.0.1','iPhone 12/13 (Pro)','iOS 10.0.1','2025-11-20 03:45:32'),('875a45df-4b50-49dd-9e2c-c0f9f630b3ad','21a35430-9b03-4adf-9ac1-be66f1aad476','2025-11-18 10:40:04','2025-11-18','ohos','8.0.12',1089,'::ffff:127.0.0.1','LMR-AL00','OpenHarmonyOS 6.0.0','2025-11-18 10:40:04'),('878b3c15-2f2f-4099-9f47-bb1795df93f9','942b0614-06e4-4e35-acd8-52f806a9a5c7','2025-11-20 12:30:32','2025-11-20','android','8.0.65',1089,'::ffff:127.0.0.1','HBN-AL00','Android 12','2025-11-20 12:30:32'),('87d0a35f-96ec-490d-b4eb-cdbeac7013f4','942b0614-06e4-4e35-acd8-52f806a9a5c7','2025-11-21 03:39:26','2025-11-21','android','8.0.65',1089,'::ffff:127.0.0.1','HBN-AL00','Android 12','2025-11-21 03:39:26'),('87faa941-5fb5-446e-b2bd-e756f7149e03','8cf4f261-5ddb-446b-9064-dacbe9c59f1f','2025-11-19 05:02:57','2025-11-19','ios','8.0.65',1008,'::ffff:127.0.0.1','iPhone 13<iPhone14,5>','iOS 18.6.2','2025-11-19 05:02:57'),('888acb22-c724-4638-84cc-170f0d12e739','942b0614-06e4-4e35-acd8-52f806a9a5c7','2025-11-21 01:00:31','2025-11-21','devtools','8.0.5',1001,'::ffff:127.0.0.1','iPhone 12/13 (Pro)','iOS 10.0.1','2025-11-21 01:00:31'),('88f7e3e1-25c2-4fbf-b54e-47a6e3783445','942b0614-06e4-4e35-acd8-52f806a9a5c7','2025-11-17 13:52:49','2025-11-17','android','8.0.65',1089,'::ffff:127.0.0.1','HBN-AL00','Android 12','2025-11-17 13:52:49'),('890f43ca-6cba-4208-a704-dc1b4232c6f0','942b0614-06e4-4e35-acd8-52f806a9a5c7','2025-11-21 05:43:23','2025-11-21','mac','4.0.6.240',1256,'::ffff:127.0.0.1','MacBookPro18,1','Mac OS X 15.6.1 arm64','2025-11-21 05:43:23'),('898efaaf-5532-499e-afb4-ee00071e97b5','7fbeef0d-dd93-457b-a259-16e869430e28','2025-11-19 05:07:14','2025-11-19','ios','8.0.65',1008,'::ffff:127.0.0.1','iPhone 16 Pro Max<iPhone17,2>','iOS 18.0','2025-11-19 05:07:14'),('89cf9508-94d9-41d0-b024-24563dafd62f','277dc273-6b68-4d68-8414-3f2672278a6e','2025-11-18 02:51:43','2025-11-18','android','8.0.65',1089,'::ffff:127.0.0.1','ALN-AL80','Android 12','2025-11-18 02:51:43'),('89d35045-3a4c-4efd-ab26-0ee87ab51d51','942b0614-06e4-4e35-acd8-52f806a9a5c7','2025-11-17 12:12:32','2025-11-17','android','8.0.65',1089,'::ffff:127.0.0.1','HBN-AL00','Android 12','2025-11-17 12:12:32'),('8a89dca9-2939-4da2-b133-f37e7d6ad95f','8cf4f261-5ddb-446b-9064-dacbe9c59f1f','2025-11-20 08:05:38','2025-11-20','windows','4.1.4.17',1008,'::ffff:127.0.0.1','microsoft','Windows 10 x64','2025-11-20 08:05:38'),('8be64c12-4f31-4f80-be9f-0498f46abff0','942b0614-06e4-4e35-acd8-52f806a9a5c7','2025-11-20 11:17:07','2025-11-20','android','8.0.65',1089,'::ffff:127.0.0.1','HBN-AL00','Android 12','2025-11-20 11:17:07'),('8d01444c-3409-44cf-91b1-490c0c1e6c59','8cf4f261-5ddb-446b-9064-dacbe9c59f1f','2025-11-20 11:23:46','2025-11-20','ios','8.0.65',1008,'::ffff:127.0.0.1','iPhone 13<iPhone14,5>','iOS 18.6.2','2025-11-20 11:23:46'),('8d01c760-fbdb-4302-a124-a5ca94ca2d0e','942b0614-06e4-4e35-acd8-52f806a9a5c7','2025-11-23 09:12:24','2025-11-23','android','8.0.65',1089,'::ffff:127.0.0.1','HBN-AL00','Android 12','2025-11-23 09:12:24'),('8d6c5018-2063-4a20-99b5-d732485f628c','8cf5f4ad-3159-41e2-942f-b77804afe972','2025-11-24 01:17:06','2025-11-24','android','8.0.65',1089,'::ffff:127.0.0.1','LIO-AN00','Android 12','2025-11-24 01:17:06'),('8daec484-9284-4d01-b16d-8c01a8f77709','7dda9b5f-62ca-4e98-a44d-943cb982c684','2025-11-19 07:23:24','2025-11-19','android','8.0.65',1089,'::ffff:127.0.0.1','PKB110','Android 16','2025-11-19 07:23:24'),('8e230c4d-d7dd-4ef5-ae58-ca5b455e54d0','942b0614-06e4-4e35-acd8-52f806a9a5c7','2025-11-17 08:23:25','2025-11-17','android','8.0.65',1089,'::ffff:127.0.0.1','HBN-AL00','Android 12','2025-11-17 08:23:25'),('8e50b182-061b-42f2-aaa6-dc3a6d49ed90','942b0614-06e4-4e35-acd8-52f806a9a5c7','2025-11-20 05:50:43','2025-11-20','devtools','8.0.5',1001,'::ffff:127.0.0.1','iPhone 12/13 (Pro)','iOS 10.0.1','2025-11-20 05:50:43'),('8e776185-9aac-4740-bddc-99e373039fd3','d2f05391-e6e4-4109-a0ef-47631700cb69','2025-11-20 06:43:11','2025-11-20','android','8.0.65',1023,'::ffff:127.0.0.1','OCE-AN10','Android 12','2025-11-20 06:43:11'),('8f2dc340-441a-4605-822f-e27a77faa0bb','942b0614-06e4-4e35-acd8-52f806a9a5c7','2025-11-23 23:47:58','2025-11-23','android','8.0.65',1089,'::ffff:127.0.0.1','HBN-AL00','Android 12','2025-11-23 23:47:58'),('8f6c5fc4-8872-4c75-8405-a7b7a971f674','e18ad310-339b-48b4-8745-58630b87ba3d','2025-11-19 05:05:33','2025-11-19','android','8.0.65',1008,'::ffff:127.0.0.1','LIO-AN00m','Android 12','2025-11-19 05:05:33'),('8f879df9-5d31-46e3-9c4c-ce2aa301a814','09f94250-a533-490b-bea7-295e2b128737','2025-11-17 12:14:37','2025-11-17','android','8.0.65',1089,'::ffff:127.0.0.1','ABR-AL80','Android 12','2025-11-17 12:14:37'),('8f9a220c-acc7-4a58-a31f-605bb34359fe','942b0614-06e4-4e35-acd8-52f806a9a5c7','2025-11-20 02:40:21','2025-11-20','devtools','8.0.5',1001,'::ffff:127.0.0.1','iPhone 12/13 (Pro)','iOS 10.0.1','2025-11-20 02:40:21'),('90bebd9f-ed89-447b-b58b-45ca061467e8','942b0614-06e4-4e35-acd8-52f806a9a5c7','2025-11-20 12:47:56','2025-11-20','android','8.0.65',1089,'::ffff:127.0.0.1','HBN-AL00','Android 12','2025-11-20 12:47:56'),('92222f17-deb9-4cb7-ad20-910020a379b9','d2f05391-e6e4-4109-a0ef-47631700cb69','2025-11-22 00:07:28','2025-11-22','android','8.0.65',1023,'::ffff:127.0.0.1','OCE-AN10','Android 12','2025-11-22 00:07:28'),('9237cc69-248c-4e64-8700-3030dbaa57de','8cf4f261-5ddb-446b-9064-dacbe9c59f1f','2025-11-23 02:32:09','2025-11-23','ios','8.0.65',1008,'::ffff:127.0.0.1','iPhone 13<iPhone14,5>','iOS 18.6.2','2025-11-23 02:32:09'),('929c245b-5f1f-44d4-a542-3550a79cd4b0','003d0cec-2665-4655-82aa-198784fd2886','2025-11-21 03:53:13','2025-11-21','ios','8.0.65',1048,'::ffff:127.0.0.1','iPhone 13<iPhone14,5>','iOS 16.2','2025-11-21 03:53:13'),('92d1b557-f4c7-456e-ab69-b83ebf190f24','7fbeef0d-dd93-457b-a259-16e869430e28','2025-11-17 10:17:07','2025-11-17','ios','8.0.65',1048,'::ffff:127.0.0.1','iPhone 16 Pro Max<iPhone17,2>','iOS 18.0','2025-11-17 10:17:07'),('931293e8-f7bd-4625-b219-09dec100757f','942b0614-06e4-4e35-acd8-52f806a9a5c7','2025-11-18 01:53:13','2025-11-18','android','8.0.65',1089,'::ffff:127.0.0.1','HBN-AL00','Android 12','2025-11-18 01:53:13'),('939b6ac6-61b2-45ab-906e-9a56ebf5ec34','1f8b12ed-deef-46de-8530-1fa1c8fd2f12','2025-11-21 14:18:47','2025-11-21','android','8.0.65',1089,'::ffff:127.0.0.1','PTP-AN00','Android 16','2025-11-21 14:18:47'),('93f4ac7b-d817-4698-8464-d48e97d8fff2','942b0614-06e4-4e35-acd8-52f806a9a5c7','2025-11-20 13:22:22','2025-11-20','windows','4.1.2.17',1256,'::ffff:127.0.0.1','microsoft','Windows Unknown x64','2025-11-20 13:22:22'),('946a2fdd-3de8-4d27-a3d0-d2a92070cbc8','942b0614-06e4-4e35-acd8-52f806a9a5c7','2025-11-18 10:06:52','2025-11-18','android','8.0.65',1089,'::ffff:127.0.0.1','HBN-AL00','Android 12','2025-11-18 10:06:52'),('94b1b9d9-60c3-4602-8467-290bc5cc53bc','942b0614-06e4-4e35-acd8-52f806a9a5c7','2025-11-18 07:55:54','2025-11-18','android','8.0.65',1089,'::ffff:127.0.0.1','HBN-AL00','Android 12','2025-11-18 07:55:54'),('952de6aa-30d1-47fd-b9c8-e1dd5f0dd023','942b0614-06e4-4e35-acd8-52f806a9a5c7','2025-11-26 04:17:30','2025-11-26','devtools','8.0.5',1001,'::ffff:127.0.0.1','iPhone 12/13 (Pro)','iOS 10.0.1','2025-11-26 04:17:30'),('95711a8a-ae50-4071-a1e0-cfb582bc5804','942b0614-06e4-4e35-acd8-52f806a9a5c7','2025-11-18 07:49:45','2025-11-18','android','8.0.65',1089,'::ffff:127.0.0.1','HBN-AL00','Android 12','2025-11-18 07:49:45'),('95f59173-bc7b-49c9-bcaf-ca02972f7a56','942b0614-06e4-4e35-acd8-52f806a9a5c7','2025-11-20 06:30:57','2025-11-20','android','8.0.65',1089,'::ffff:127.0.0.1','HBN-AL00','Android 12','2025-11-20 06:30:57'),('96263314-687a-4d8c-9046-5baf7f2051de','942b0614-06e4-4e35-acd8-52f806a9a5c7','2025-11-17 09:11:52','2025-11-17','android','8.0.65',1089,'::ffff:127.0.0.1','HBN-AL00','Android 12','2025-11-17 09:11:52'),('96888c74-ae09-412c-947b-3d7f8ecdcdc7','d2f05391-e6e4-4109-a0ef-47631700cb69','2025-11-18 13:50:42','2025-11-18','android','8.0.65',1023,'::ffff:127.0.0.1','OCE-AN10','Android 12','2025-11-18 13:50:42'),('96ad90e9-9b07-464c-94b3-581c82b2b43b','7fbeef0d-dd93-457b-a259-16e869430e28','2025-11-20 11:21:31','2025-11-20','ios','8.0.65',1089,'::ffff:127.0.0.1','iPhone 16 Pro Max<iPhone17,2>','iOS 18.0','2025-11-20 11:21:31'),('973da1c6-555b-401c-96f9-db60713e88cf','d00e587b-de8f-44d5-b716-9d7860266be6','2025-11-17 12:35:56','2025-11-17','android','8.0.65',1048,'::ffff:127.0.0.1','BRA-AL00','Android 12','2025-11-17 12:35:56'),('97919477-5a07-4106-b8c8-12f34ba27a43','7fbeef0d-dd93-457b-a259-16e869430e28','2025-11-26 04:01:23','2025-11-26','windows','4.1.4.17',1008,'::ffff:127.0.0.1','microsoft','Windows Unknown x64','2025-11-26 04:01:23'),('97df4464-fbbe-4e55-9e2e-84430e81ab99','942b0614-06e4-4e35-acd8-52f806a9a5c7','2025-11-17 12:34:32','2025-11-17','android','8.0.65',1089,'::ffff:127.0.0.1','HBN-AL00','Android 12','2025-11-17 12:34:32'),('9835c315-0dc5-4862-8a81-d059e753328d','8cd7500c-c95e-4f3e-b776-c9bfaa5c0235','2025-11-19 04:56:50','2025-11-19','ohos','8.0.12',1008,'::ffff:127.0.0.1','ALN-AL00','OpenHarmonyOS 6.0.0','2025-11-19 04:56:50'),('988eeb1c-ea80-4a34-8560-5a3869e94dcb','e18ad310-339b-48b4-8745-58630b87ba3d','2025-11-20 15:14:29','2025-11-20','android','8.0.65',1160,'::ffff:127.0.0.1','LIO-AN00m','Android 12','2025-11-20 15:14:29'),('98955fb8-a5de-4504-bc3b-7cdca24ebf86','28279967-d68a-45d3-93aa-1887554b2eb3','2025-11-18 02:51:12','2025-11-18','android','8.0.65',1048,'::ffff:127.0.0.1','ADA-AL00U','Android 12','2025-11-18 02:51:12'),('98edaa2a-bea7-4e0d-a613-078f18cac1d8','d2f05391-e6e4-4109-a0ef-47631700cb69','2025-11-21 02:39:52','2025-11-21','android','8.0.65',1008,'::ffff:127.0.0.1','OCE-AN10','Android 12','2025-11-21 02:39:52'),('9981be53-5d9c-4d09-9372-f52f5e1c00a4','942b0614-06e4-4e35-acd8-52f806a9a5c7','2025-11-17 23:43:19','2025-11-17','android','8.0.65',1089,'::ffff:127.0.0.1','HBN-AL00','Android 12','2025-11-17 23:43:19'),('99f97dbe-17d4-47a3-a591-4a94a34c3789','942b0614-06e4-4e35-acd8-52f806a9a5c7','2025-11-20 02:54:11','2025-11-20','devtools','8.0.5',1001,'::ffff:127.0.0.1','iPhone 12/13 (Pro)','iOS 10.0.1','2025-11-20 02:54:11'),('9aaf4bb3-1806-4182-aa72-b870c81e08a3','277dc273-6b68-4d68-8414-3f2672278a6e','2025-11-18 02:52:22','2025-11-18','android','8.0.65',1089,'::ffff:127.0.0.1','ALN-AL80','Android 12','2025-11-18 02:52:22'),('9ae444ff-50e9-42b6-b47c-66f8e964f03a','942b0614-06e4-4e35-acd8-52f806a9a5c7','2025-11-19 05:11:18','2025-11-19','android','8.0.65',1008,'::ffff:127.0.0.1','HBN-AL00','Android 12','2025-11-19 05:11:18'),('9b44f1ff-fe5c-4094-8279-8746fe00e1f3','71d7ab1d-1674-4f0f-8a81-d0348f45ed83','2025-11-18 02:05:33','2025-11-18','ohos','8.0.12',1089,'::ffff:127.0.0.1','ADY-AL10','OpenHarmonyOS 6.0.0','2025-11-18 02:05:33'),('9b50f0ad-4d3a-464c-92cc-91af89e80a5a','942b0614-06e4-4e35-acd8-52f806a9a5c7','2025-11-22 06:18:20','2025-11-22','android','8.0.65',1089,'::ffff:127.0.0.1','HBN-AL00','Android 12','2025-11-22 06:18:20'),('9b75c75f-6e2f-43c0-b3e0-577b8c2fd372','942b0614-06e4-4e35-acd8-52f806a9a5c7','2025-11-21 01:21:01','2025-11-21','devtools','8.0.5',1001,'::ffff:127.0.0.1','iPhone 12/13 (Pro)','iOS 10.0.1','2025-11-21 01:21:01'),('9b9da6f7-13ff-488f-8e14-f07c581c4ce9','277dc273-6b68-4d68-8414-3f2672278a6e','2025-11-26 06:40:16','2025-11-26','android','8.0.65',1008,'::ffff:127.0.0.1','ALN-AL80','Android 12','2025-11-26 06:40:16'),('9bc09b0a-f140-46d9-b20e-4222d111d7ef','942b0614-06e4-4e35-acd8-52f806a9a5c7','2025-11-24 02:06:51','2025-11-24','android','8.0.65',1089,'::ffff:127.0.0.1','HBN-AL00','Android 12','2025-11-24 02:06:51'),('9c1b5702-eac7-4596-bdc0-68574d976195','942b0614-06e4-4e35-acd8-52f806a9a5c7','2025-11-26 04:58:45','2025-11-26','android','8.0.65',1008,'::ffff:127.0.0.1','HBN-AL00','Android 12','2025-11-26 04:58:45'),('9c342fbb-4ea5-43e5-b52d-ab8620506685','3917a336-118b-47cc-b3fd-b2ba2b545e9b','2025-11-21 11:29:49','2025-11-21','android','8.0.65',1089,'::ffff:127.0.0.1','24129PN74C','Android 16','2025-11-21 11:29:49'),('9cc4a345-1168-4ead-940b-0a0e1d8a86bb','8cf4f261-5ddb-446b-9064-dacbe9c59f1f','2025-11-21 16:09:32','2025-11-21','ios','8.0.65',1008,'::ffff:127.0.0.1','iPhone 13<iPhone14,5>','iOS 18.6.2','2025-11-21 16:09:32'),('9d0fa7b6-5a70-435d-b14e-d8166c8b86fd','37a97715-d228-479b-a032-e04e24b43ae7','2025-11-18 01:29:14','2025-11-18','android','8.0.58',1001,'::ffff:127.0.0.1','TDT-MA01','Android 10','2025-11-18 01:29:14'),('9d568095-d85c-42b3-b381-a01320c98d3b','942b0614-06e4-4e35-acd8-52f806a9a5c7','2025-11-17 08:39:39','2025-11-17','android','8.0.65',1089,'::ffff:127.0.0.1','HBN-AL00','Android 12','2025-11-17 08:39:39'),('9d73f0ec-8eff-463d-8ff7-052291862a23','942b0614-06e4-4e35-acd8-52f806a9a5c7','2025-11-17 12:16:10','2025-11-17','android','8.0.65',1089,'::ffff:127.0.0.1','HBN-AL00','Android 12','2025-11-17 12:16:10'),('9e0571ed-d2f6-42f5-b7b4-81bccf0192ba','407b88e4-d9cf-4c78-bff5-85e4fa868eca','2025-11-22 08:01:27','2025-11-22','android','8.0.65',1089,'::ffff:127.0.0.1','PLR-AL50','Android 12','2025-11-22 08:01:27'),('9edd890b-8e9a-43e2-8c03-f4cd6ecd7e09','942b0614-06e4-4e35-acd8-52f806a9a5c7','2025-11-18 02:24:23','2025-11-18','android','8.0.65',1089,'::ffff:127.0.0.1','HBN-AL00','Android 12','2025-11-18 02:24:23'),('9ef2b7dd-6d71-4f8e-8163-d2bfe028dcdf','41097aab-54bd-4800-84cf-f79e8f7d3d2b','2025-11-17 12:02:19','2025-11-17','android','8.0.65',1048,'::ffff:127.0.0.1','ANN-AN00','Android 15','2025-11-17 12:02:19'),('9efb56dd-2392-4dad-b128-1f605cfe58d3','003d0cec-2665-4655-82aa-198784fd2886','2025-11-18 01:57:39','2025-11-18','ios','8.0.65',1047,'::ffff:127.0.0.1','iPhone 13<iPhone14,5>','iOS 16.2','2025-11-18 01:57:39'),('9f1ceccf-b6bc-4b2a-b0cd-03fb91df6474','942b0614-06e4-4e35-acd8-52f806a9a5c7','2025-11-20 05:32:11','2025-11-20','android','8.0.65',1089,'::ffff:127.0.0.1','HBN-AL00','Android 12','2025-11-20 05:32:11'),('9f480f0e-5a83-40c6-937f-eaa7a71a6f6a','942b0614-06e4-4e35-acd8-52f806a9a5c7','2025-11-19 11:37:24','2025-11-19','android','8.0.65',1089,'::ffff:127.0.0.1','HBN-AL00','Android 12','2025-11-19 11:37:24'),('9f508084-01a2-4b30-9cea-363d0162abd0','277dc273-6b68-4d68-8414-3f2672278a6e','2025-11-26 04:01:36','2025-11-26','android','8.0.65',1089,'::ffff:127.0.0.1','ALN-AL80','Android 12','2025-11-26 04:01:36'),('a00352f4-732d-4822-879e-a59420aed4c2','942b0614-06e4-4e35-acd8-52f806a9a5c7','2025-11-19 12:39:56','2025-11-19','android','8.0.65',1007,'::ffff:127.0.0.1','HBN-AL00','Android 12','2025-11-19 12:39:56'),('a0821a26-5844-4bf0-a5a3-2426d0eba52f','277dc273-6b68-4d68-8414-3f2672278a6e','2025-11-21 00:34:52','2025-11-21','android','8.0.65',1160,'::ffff:127.0.0.1','ALN-AL80','Android 12','2025-11-21 00:34:52'),('a1584cee-75be-4539-bd94-fe942ae23dbb','942b0614-06e4-4e35-acd8-52f806a9a5c7','2025-11-21 04:43:45','2025-11-21','android','8.0.65',1160,'::ffff:127.0.0.1','HBN-AL00','Android 12','2025-11-21 04:43:45'),('a25282d6-0c98-4603-9f22-0c9c8a53b823','e18ad310-339b-48b4-8745-58630b87ba3d','2025-11-22 04:09:20','2025-11-22','android','8.0.65',1089,'::ffff:127.0.0.1','LIO-AN00m','Android 12','2025-11-22 04:09:20'),('a27b75d2-8380-491f-9e40-3f113e4ad152','942b0614-06e4-4e35-acd8-52f806a9a5c7','2025-11-19 13:36:55','2025-11-19','android','8.0.65',1089,'::ffff:127.0.0.1','HBN-AL00','Android 12','2025-11-19 13:36:55'),('a2a5b752-0653-4ad7-aa0c-09f298501fd5','71d7ab1d-1674-4f0f-8a81-d0348f45ed83','2025-11-18 01:59:36','2025-11-18','ohos','8.0.12',1089,'::ffff:127.0.0.1','ADY-AL10','OpenHarmonyOS 6.0.0','2025-11-18 01:59:36'),('a304c7fe-650d-4f88-9581-c8df368cd7f9','942b0614-06e4-4e35-acd8-52f806a9a5c7','2025-11-21 03:19:41','2025-11-21','android','8.0.65',1160,'::ffff:127.0.0.1','HBN-AL00','Android 12','2025-11-21 03:19:41'),('a33522fe-d663-43b4-ad30-322b85a7d7aa','942b0614-06e4-4e35-acd8-52f806a9a5c7','2025-11-19 07:21:05','2025-11-19','mac','4.0.6.240',1008,'::ffff:127.0.0.1','MacBookPro18,1','Mac OS X 15.6.1 arm64','2025-11-19 07:21:05'),('a3c89f49-afae-425a-9c8a-f4ad8b96376d','370f143c-17fe-4df4-b2d6-f75ed4a97a99','2025-11-20 11:17:06','2025-11-20','android','8.0.54',1008,'::ffff:127.0.0.1','2308CPXD0C','Android 15','2025-11-20 11:17:06'),('a3db953e-f37a-4efe-a498-e13d193e5405','942b0614-06e4-4e35-acd8-52f806a9a5c7','2025-11-22 01:24:12','2025-11-22','android','8.0.65',1089,'::ffff:127.0.0.1','HBN-AL00','Android 12','2025-11-22 01:24:12'),('a432cf15-8f82-4210-8065-d8e5f52825b2','84e2f056-3854-41e6-9941-25f9a428fcda','2025-11-21 11:30:24','2025-11-21','android','8.0.65',1089,'::ffff:127.0.0.1','24069RA21C','Android 14','2025-11-21 11:30:24'),('a45b1187-8859-4a4c-8411-7cfc6741f1a9','942b0614-06e4-4e35-acd8-52f806a9a5c7','2025-11-19 06:50:46','2025-11-19','android','8.0.65',1007,'::ffff:127.0.0.1','HBN-AL00','Android 12','2025-11-19 06:50:46'),('a53d00c4-d79e-4b57-af69-29f1ca2e8840','fe6aebef-6f31-4cc1-baa0-4131c267d5f8','2025-11-20 11:51:27','2025-11-20','android','8.0.63',1008,'::ffff:127.0.0.1','V2303A','Android 15','2025-11-20 11:51:27'),('a63b56b5-baf0-4cf7-9d16-4d42a5731734','e18ad310-339b-48b4-8745-58630b87ba3d','2025-11-20 06:17:21','2025-11-20','android','8.0.65',1160,'::ffff:127.0.0.1','LIO-AN00m','Android 12','2025-11-20 06:17:21'),('a6fe4bbb-7393-4e9f-8dc4-198900465a0c','277dc273-6b68-4d68-8414-3f2672278a6e','2025-11-19 05:05:33','2025-11-19','android','8.0.65',1008,'::ffff:127.0.0.1','ALN-AL80','Android 12','2025-11-19 05:05:33'),('a70f76e0-729e-4ebe-a1ff-1c741c9b29f1','277dc273-6b68-4d68-8414-3f2672278a6e','2025-11-17 08:24:39','2025-11-17','android','8.0.65',1048,'::ffff:127.0.0.1','ALN-AL80','Android 12','2025-11-17 08:24:39'),('a732c7c3-23e9-4b00-92d0-f6b30ad871a2','942b0614-06e4-4e35-acd8-52f806a9a5c7','2025-11-23 13:24:07','2025-11-23','android','8.0.65',1089,'::ffff:127.0.0.1','HBN-AL00','Android 12','2025-11-23 13:24:07'),('a757970a-c4ef-4497-9cfc-3b68f56b0663','d2f05391-e6e4-4109-a0ef-47631700cb69','2025-11-19 14:11:07','2025-11-19','android','8.0.65',1008,'::ffff:127.0.0.1','OCE-AN10','Android 12','2025-11-19 14:11:07'),('a7a5a3bf-ab55-4649-9c13-10745630f664','942b0614-06e4-4e35-acd8-52f806a9a5c7','2025-11-17 13:47:02','2025-11-17','android','8.0.65',1089,'::ffff:127.0.0.1','HBN-AL00','Android 12','2025-11-17 13:47:02'),('a7eec7e6-4bba-4700-b7ab-c2043ac1a13c','d2f05391-e6e4-4109-a0ef-47631700cb69','2025-11-20 22:52:06','2025-11-20','android','8.0.65',1023,'::ffff:127.0.0.1','OCE-AN10','Android 12','2025-11-20 22:52:06'),('a84c930f-aac8-4e03-bbd9-8fb44ed65cd2','942b0614-06e4-4e35-acd8-52f806a9a5c7','2025-11-20 10:59:40','2025-11-20','android','8.0.65',1089,'::ffff:127.0.0.1','HBN-AL00','Android 12','2025-11-20 10:59:40'),('a8606d3c-ddde-4315-b7b6-7822126442fb','942b0614-06e4-4e35-acd8-52f806a9a5c7','2025-11-22 00:07:37','2025-11-22','android','8.0.65',1089,'::ffff:127.0.0.1','HBN-AL00','Android 12','2025-11-22 00:07:37'),('a9b8443f-8e5a-4554-afab-3ce0f931c17e','942b0614-06e4-4e35-acd8-52f806a9a5c7','2025-11-17 06:10:47','2025-11-17','android','8.0.65',1089,'::ffff:127.0.0.1','HBN-AL00','Android 12','2025-11-17 06:10:47'),('a9d09f6d-dd59-4b47-822b-0e61168dcce4','942b0614-06e4-4e35-acd8-52f806a9a5c7','2025-11-21 03:48:32','2025-11-21','android','8.0.65',1160,'::ffff:127.0.0.1','HBN-AL00','Android 12','2025-11-21 03:48:32'),('a9faa273-aad7-467b-9bbd-b80c54d87833','942b0614-06e4-4e35-acd8-52f806a9a5c7','2025-11-17 06:59:37','2025-11-17','android','8.0.65',1089,'::ffff:127.0.0.1','HBN-AL00','Android 12','2025-11-17 06:59:37'),('aab01336-5bd2-43d2-bf2a-30af07cf36de','0f4a4dee-138b-4356-b071-26f3eac9573a','2025-11-20 15:28:45','2025-11-20','android','8.0.65',1048,'::ffff:127.0.0.1','23013RK75C','Android 14','2025-11-20 15:28:45'),('aafaa4e8-ab0e-496d-848f-879857fdce6c','8cf4f261-5ddb-446b-9064-dacbe9c59f1f','2025-11-20 08:12:02','2025-11-20','windows','4.1.4.17',1008,'::ffff:127.0.0.1','microsoft','Windows 10 x64','2025-11-20 08:12:02'),('ab6a64ea-270b-4c4a-9cdf-32fe80e4fc19','407b88e4-d9cf-4c78-bff5-85e4fa868eca','2025-11-19 05:19:23','2025-11-19','windows','4.1.4.17',1008,'::ffff:127.0.0.1','microsoft','Windows Unknown x64','2025-11-19 05:19:23'),('abf2ba46-7607-40dc-a5e5-be7a581dd80e','407b88e4-d9cf-4c78-bff5-85e4fa868eca','2025-11-18 01:38:08','2025-11-18','windows','4.1.4.17',1256,'::ffff:127.0.0.1','microsoft','Windows Unknown x64','2025-11-18 01:38:08'),('abf3bba4-2f68-48cf-b83e-7dcee3da5adb','277dc273-6b68-4d68-8414-3f2672278a6e','2025-11-26 04:55:48','2025-11-26','android','8.0.65',1089,'::ffff:127.0.0.1','ALN-AL80','Android 12','2025-11-26 04:55:48'),('ac8661a6-a729-49bf-a0a4-4f3cdb75b64b','942b0614-06e4-4e35-acd8-52f806a9a5c7','2025-11-17 11:04:07','2025-11-17','android','8.0.65',1089,'::ffff:127.0.0.1','HBN-AL00','Android 12','2025-11-17 11:04:07'),('ad001969-4bdf-4b8d-a412-ee2a8f0a66d7','942b0614-06e4-4e35-acd8-52f806a9a5c7','2025-11-18 01:46:34','2025-11-18','android','8.0.65',1089,'::ffff:127.0.0.1','HBN-AL00','Android 12','2025-11-18 01:46:34'),('adb6040d-c6d3-4e40-bff6-9a3e09d2b3f2','7fbeef0d-dd93-457b-a259-16e869430e28','2025-11-26 03:57:01','2025-11-26','windows','4.1.4.17',1008,'::ffff:127.0.0.1','microsoft','Windows Unknown x64','2025-11-26 03:57:01'),('adfac937-4395-471a-86d8-9880e3ed1e7a','942b0614-06e4-4e35-acd8-52f806a9a5c7','2025-11-18 04:54:29','2025-11-18','android','8.0.65',1089,'::ffff:127.0.0.1','HBN-AL00','Android 12','2025-11-18 04:54:29'),('af246192-b055-4c76-b6c2-e40dfd7827af','942b0614-06e4-4e35-acd8-52f806a9a5c7','2025-11-20 02:25:23','2025-11-20','devtools','8.0.5',1001,'::ffff:127.0.0.1','iPhone 12/13 (Pro)','iOS 10.0.1','2025-11-20 02:25:23'),('af7a4901-320b-445d-9b89-19a5ae1c73e5','370f143c-17fe-4df4-b2d6-f75ed4a97a99','2025-11-20 11:17:11','2025-11-20','android','8.0.54',1008,'::ffff:127.0.0.1','2308CPXD0C','Android 15','2025-11-20 11:17:11'),('af7bd2c2-d9f9-43b8-9065-ca064ed23679','942b0614-06e4-4e35-acd8-52f806a9a5c7','2025-11-19 10:08:20','2025-11-19','android','8.0.65',1007,'::ffff:127.0.0.1','HBN-AL00','Android 12','2025-11-19 10:08:20'),('afcf0162-0053-4339-a401-14feb447e00d','942b0614-06e4-4e35-acd8-52f806a9a5c7','2025-11-19 06:46:50','2025-11-19','mac','4.0.6.240',1256,'::ffff:127.0.0.1','MacBookPro18,1','Mac OS X 15.6.1 arm64','2025-11-19 06:46:50'),('b038d1cd-b405-41db-8467-268ff2a9eed8','fe6aebef-6f31-4cc1-baa0-4131c267d5f8','2025-11-17 13:45:57','2025-11-17','android','8.0.63',1048,'::ffff:127.0.0.1','V2303A','Android 15','2025-11-17 13:45:57'),('b0471ee2-17d0-4931-b563-7bb852020b4f','9c0ccbee-c7a4-4da5-9147-7e117f9eb16a','2025-11-19 11:56:18','2025-11-19','ios','8.0.54',1048,'::ffff:127.0.0.1','iPhone 15 pro max<iPhone16,2>','iOS 18.6.2','2025-11-19 11:56:18'),('b0f390e6-a930-4221-8615-eb095cb5d8a8','942b0614-06e4-4e35-acd8-52f806a9a5c7','2025-11-19 12:33:37','2025-11-19','android','8.0.65',1089,'::ffff:127.0.0.1','HBN-AL00','Android 12','2025-11-19 12:33:37'),('b1102ad2-8717-4636-a042-7a830e60bbc6','277dc273-6b68-4d68-8414-3f2672278a6e','2025-11-21 09:50:48','2025-11-21','android','8.0.65',1089,'::ffff:127.0.0.1','ALN-AL80','Android 12','2025-11-21 09:50:48'),('b15608c2-6d77-4b82-9474-8d98046f7aa3','8cf4f261-5ddb-446b-9064-dacbe9c59f1f','2025-11-22 00:20:52','2025-11-22','ios','8.0.65',1008,'::ffff:127.0.0.1','iPhone 13<iPhone14,5>','iOS 18.6.2','2025-11-22 00:20:52'),('b15c178e-4cc0-4245-94a4-9e26c4dafdd9','7ac814ea-1d64-4878-a68e-cbba2cf028e8','2025-11-21 11:55:36','2025-11-21','ios','8.0.65',1089,'::ffff:127.0.0.1','iPhone 13 Pro Max<iPhone14,3>','iOS 17.5.1','2025-11-21 11:55:36'),('b209d8a9-d6f2-4825-b346-64dbbb9caf17','8cf4f261-5ddb-446b-9064-dacbe9c59f1f','2025-11-20 08:18:34','2025-11-20','windows','4.1.4.17',1008,'::ffff:127.0.0.1','microsoft','Windows 10 x64','2025-11-20 08:18:34'),('b249c8fe-c7a2-4c32-be9c-dfd4c6662e6f','942b0614-06e4-4e35-acd8-52f806a9a5c7','2025-11-19 12:03:14','2025-11-19','android','8.0.65',1007,'::ffff:127.0.0.1','HBN-AL00','Android 12','2025-11-19 12:03:14'),('b3124eee-799e-49a0-bb6b-a73b1aafd029','407b88e4-d9cf-4c78-bff5-85e4fa868eca','2025-11-20 19:51:35','2025-11-20','android','8.0.65',1160,'::ffff:127.0.0.1','PLR-AL50','Android 12','2025-11-20 19:51:35'),('b329cf65-04cd-4a88-86c6-9f2810499146','942b0614-06e4-4e35-acd8-52f806a9a5c7','2025-11-22 02:53:12','2025-11-22','android','8.0.65',1089,'::ffff:127.0.0.1','HBN-AL00','Android 12','2025-11-22 02:53:12'),('b4e3e060-ebac-463d-82a5-51442973bedc','84e2f056-3854-41e6-9941-25f9a428fcda','2025-11-21 05:27:41','2025-11-21','android','8.0.65',1048,'::ffff:127.0.0.1','24069RA21C','Android 14','2025-11-21 05:27:41'),('b4f5405b-ad5a-40cc-b2b1-949d4cb3b874','d2f05391-e6e4-4109-a0ef-47631700cb69','2025-11-18 22:26:25','2025-11-18','android','8.0.65',1023,'::ffff:127.0.0.1','OCE-AN10','Android 12','2025-11-18 22:26:25'),('b54f8723-a933-44aa-8cc0-a718ab99ccd3','942b0614-06e4-4e35-acd8-52f806a9a5c7','2025-11-21 05:43:19','2025-11-21','mac','4.0.6.240',1256,'::ffff:127.0.0.1','MacBookPro18,1','Mac OS X 15.6.1 arm64','2025-11-21 05:43:19'),('b58a9ba5-c5da-4710-b129-0e32e5bbe0f5','3e41b13c-8329-4911-b8fd-a2b6728759a7','2025-11-21 23:04:52','2025-11-21','android','8.0.65',1089,'::ffff:127.0.0.1','ANN-AN00','Android 14','2025-11-21 23:04:52'),('b5f381a9-1ba8-49d4-952e-4ec6c4f22cd5','37a97715-d228-479b-a032-e04e24b43ae7','2025-11-21 13:37:30','2025-11-21','android','8.0.58',1001,'::ffff:127.0.0.1','TDT-MA01','Android 10','2025-11-21 13:37:30'),('b6386e44-e6d2-4fba-a758-beb8614f809d','942b0614-06e4-4e35-acd8-52f806a9a5c7','2025-11-17 14:10:00','2025-11-17','android','8.0.65',1089,'::ffff:127.0.0.1','HBN-AL00','Android 12','2025-11-17 14:10:00'),('b64ed037-04d1-4cc9-95f5-b58951c8d14e','8cf4f261-5ddb-446b-9064-dacbe9c59f1f','2025-11-20 11:23:35','2025-11-20','ios','8.0.65',1008,'::ffff:127.0.0.1','iPhone 13<iPhone14,5>','iOS 18.6.2','2025-11-20 11:23:35'),('b65e2259-4c22-4bcb-a439-17f05a5ca775','37a97715-d228-479b-a032-e04e24b43ae7','2025-11-21 23:05:25','2025-11-21','android','8.0.58',1048,'::ffff:127.0.0.1','TDT-MA01','Android 10','2025-11-21 23:05:25'),('b7145e25-d5a6-442b-a053-da253e152ea0','d8d70e63-fe1b-4a73-9b1c-93d68d259e99','2025-11-21 05:07:56','2025-11-21','android','8.0.65',1160,'::ffff:127.0.0.1','PLR-AL30','Android 12','2025-11-21 05:07:56'),('b795caa5-7d93-410e-9b0e-86a4bb2300db','003d0cec-2665-4655-82aa-198784fd2886','2025-11-26 06:33:39','2025-11-26','ios','8.0.65',1008,'::ffff:127.0.0.1','iPhone 13<iPhone14,5>','iOS 16.2','2025-11-26 06:33:39'),('b7af3c2f-8091-4c3b-93e6-d34cf23b619b','407b88e4-d9cf-4c78-bff5-85e4fa868eca','2025-11-19 04:58:29','2025-11-19','android','8.0.65',1008,'::ffff:127.0.0.1','PLR-AL50','Android 12','2025-11-19 04:58:29'),('b7e4e1a0-fc1d-4833-9675-5e0e79a06268','d2f05391-e6e4-4109-a0ef-47631700cb69','2025-11-20 01:22:48','2025-11-20','android','8.0.65',1023,'::ffff:127.0.0.1','OCE-AN10','Android 12','2025-11-20 01:22:48'),('b9660ca0-c0de-44d2-b230-f87712986323','84e2f056-3854-41e6-9941-25f9a428fcda','2025-11-17 12:08:58','2025-11-17','android','8.0.65',1048,'::ffff:127.0.0.1','24069RA21C','Android 14','2025-11-17 12:08:58'),('bacdd818-8a27-4a7a-bb6c-c5162742801c','9bb0beb2-1810-466e-9e60-713a82f2c6df','2025-11-17 10:32:26','2025-11-17','android','8.0.65',1089,'::ffff:127.0.0.1','ELS-AN00','Android 12','2025-11-17 10:32:26'),('bb08d713-6d4e-4d22-865b-dd9dcd56b58f','942b0614-06e4-4e35-acd8-52f806a9a5c7','2025-11-21 01:16:11','2025-11-21','devtools','8.0.5',1001,'::ffff:127.0.0.1','iPhone 12/13 (Pro)','iOS 10.0.1','2025-11-21 01:16:11'),('bbeaaef4-fbd0-4e84-95fe-3e5572d99c1b','942b0614-06e4-4e35-acd8-52f806a9a5c7','2025-11-17 11:54:52','2025-11-17','android','8.0.65',1048,'::ffff:127.0.0.1','HBN-AL00','Android 12','2025-11-17 11:54:52'),('bc386f5e-0e7a-42c7-b378-c416fccc325a','942b0614-06e4-4e35-acd8-52f806a9a5c7','2025-11-21 04:25:34','2025-11-21','android','8.0.65',1160,'::ffff:127.0.0.1','HBN-AL00','Android 12','2025-11-21 04:25:34'),('bd017be1-cec4-4dd5-9dd1-3e19d73dce4a','942b0614-06e4-4e35-acd8-52f806a9a5c7','2025-11-22 03:32:35','2025-11-22','android','8.0.65',1089,'::ffff:127.0.0.1','HBN-AL00','Android 12','2025-11-22 03:32:35'),('bd592e43-21fa-49f9-9698-f10ead6f396d','86605ffe-31a8-4264-857a-c5d65934b418','2025-11-19 11:45:12','2025-11-19','android','8.0.63',1048,'::ffff:127.0.0.1','24117RK2CC','Android 15','2025-11-19 11:45:12'),('bdb8c94c-ebf7-4c90-9821-15b963030dc8','d2f05391-e6e4-4109-a0ef-47631700cb69','2025-11-23 11:45:05','2025-11-23','android','8.0.65',1023,'::ffff:127.0.0.1','OCE-AN10','Android 12','2025-11-23 11:45:05'),('bdbb414f-79a2-4efe-b6db-a09231724904','9bb0beb2-1810-466e-9e60-713a82f2c6df','2025-11-23 02:07:27','2025-11-23','android','8.0.65',1089,'::ffff:127.0.0.1','ELS-AN00','Android 12','2025-11-23 02:07:27'),('be5fe0f4-c299-4896-bf35-160e35d16cb8','fe6aebef-6f31-4cc1-baa0-4131c267d5f8','2025-11-20 11:51:22','2025-11-20','android','8.0.63',1008,'::ffff:127.0.0.1','V2303A','Android 15','2025-11-20 11:51:22'),('be9b3885-112e-4354-8202-fa95a6617a6d','7fbeef0d-dd93-457b-a259-16e869430e28','2025-11-19 05:12:57','2025-11-19','ios','8.0.65',1008,'::ffff:127.0.0.1','iPhone 16 Pro Max<iPhone17,2>','iOS 18.0','2025-11-19 05:12:57'),('bf41b8e8-92c5-467a-a4da-49d54e443f46','942b0614-06e4-4e35-acd8-52f806a9a5c7','2025-11-19 14:18:56','2025-11-19','mac','4.0.6.240',1007,'::ffff:127.0.0.1','MacBookPro18,1','Mac OS X 15.6.1 arm64','2025-11-19 14:18:56'),('bf4572bf-5748-47ab-bfa6-a706e4fdaa18','8cf4f261-5ddb-446b-9064-dacbe9c59f1f','2025-11-26 03:56:50','2025-11-26','ios','8.0.65',1008,'::ffff:127.0.0.1','iPhone 13<iPhone14,5>','iOS 18.6.2','2025-11-26 03:56:50'),('bf86caa0-724d-4150-932a-dcbde39c0aa7','942b0614-06e4-4e35-acd8-52f806a9a5c7','2025-11-21 02:12:02','2025-11-21','android','8.0.65',1089,'::ffff:127.0.0.1','HBN-AL00','Android 12','2025-11-21 02:12:02'),('c00d1bc5-c784-46d3-89d8-633c4347f200','942b0614-06e4-4e35-acd8-52f806a9a5c7','2025-11-21 03:03:06','2025-11-21','android','8.0.65',1160,'::ffff:127.0.0.1','HBN-AL00','Android 12','2025-11-21 03:03:06'),('c0ed7a0a-a21f-4684-8bc0-04beecdad4c1','9bb0beb2-1810-466e-9e60-713a82f2c6df','2025-11-22 12:06:06','2025-11-22','android','8.0.65',1089,'::ffff:127.0.0.1','ELS-AN00','Android 12','2025-11-22 12:06:06'),('c10920d3-2c30-47f6-baa8-1aca975964d6','d00e587b-de8f-44d5-b716-9d7860266be6','2025-11-20 11:54:22','2025-11-20','android','8.0.65',1160,'::ffff:127.0.0.1','BRA-AL00','Android 12','2025-11-20 11:54:22'),('c1b5ea51-bf4a-4e8a-abdd-561f679ab16d','8cf4f261-5ddb-446b-9064-dacbe9c59f1f','2025-11-21 14:57:33','2025-11-21','ios','8.0.65',1008,'::ffff:127.0.0.1','iPhone 13<iPhone14,5>','iOS 18.6.2','2025-11-21 14:57:33'),('c3f346eb-70b2-462e-a865-cbe1b6cb64bb','37a97715-d228-479b-a032-e04e24b43ae7','2025-11-20 23:10:52','2025-11-20','android','8.0.58',1008,'::ffff:127.0.0.1','TDT-MA01','Android 10','2025-11-20 23:10:52'),('c45cbc1d-0247-48e3-bb47-5128605db524','d2f05391-e6e4-4109-a0ef-47631700cb69','2025-11-24 05:59:57','2025-11-24','android','8.0.65',1023,'::ffff:127.0.0.1','OCE-AN10','Android 12','2025-11-24 05:59:57'),('c570b5f7-9dc8-46ba-96e4-85a9d3494971','942b0614-06e4-4e35-acd8-52f806a9a5c7','2025-11-19 04:58:50','2025-11-19','android','8.0.65',1008,'::ffff:127.0.0.1','HBN-AL00','Android 12','2025-11-19 04:58:50'),('c5740dd6-49de-446e-9141-42258554b379','37a97715-d228-479b-a032-e04e24b43ae7','2025-11-18 10:37:48','2025-11-18','android','8.0.58',1089,'::ffff:127.0.0.1','TDT-MA01','Android 10','2025-11-18 10:37:48'),('c6551021-e0fb-4c76-84fd-639ed26ed4b3','942b0614-06e4-4e35-acd8-52f806a9a5c7','2025-11-19 07:15:59','2025-11-19','mac','4.0.6.240',1007,'::ffff:127.0.0.1','MacBookPro18,1','Mac OS X 15.6.1 arm64','2025-11-19 07:15:59'),('c66d313c-fbc3-4347-97e3-21b266bac8e6','370f143c-17fe-4df4-b2d6-f75ed4a97a99','2025-11-17 12:46:58','2025-11-17','android','8.0.54',1048,'::ffff:127.0.0.1','2308CPXD0C','Android 15','2025-11-17 12:46:58'),('c6b44ebe-c7c7-4211-a80f-dde84760fde7','d2f05391-e6e4-4109-a0ef-47631700cb69','2025-11-20 01:10:45','2025-11-20','android','8.0.65',1023,'::ffff:127.0.0.1','OCE-AN10','Android 12','2025-11-20 01:10:45'),('c6fba3ad-e9b8-4bda-819e-1ca31a868eb6','942b0614-06e4-4e35-acd8-52f806a9a5c7','2025-11-18 10:14:03','2025-11-18','android','8.0.65',1089,'::ffff:127.0.0.1','HBN-AL00','Android 12','2025-11-18 10:14:03'),('c7492cc4-3205-435c-b3c0-91d4917072a7','8cf4f261-5ddb-446b-9064-dacbe9c59f1f','2025-11-19 07:05:22','2025-11-19','windows','4.1.4.17',1008,'::ffff:127.0.0.1','microsoft','Windows 10 x64','2025-11-19 07:05:22'),('c74d732e-5b5d-484f-8458-ae5c4c763418','942b0614-06e4-4e35-acd8-52f806a9a5c7','2025-11-20 03:22:49','2025-11-20','devtools','8.0.5',1001,'::ffff:127.0.0.1','iPhone 12/13 (Pro)','iOS 10.0.1','2025-11-20 03:22:49'),('c74df84f-e896-4629-ad6b-be195c5e866d','942b0614-06e4-4e35-acd8-52f806a9a5c7','2025-11-21 06:22:33','2025-11-21','mac','4.0.6.240',1012,'::ffff:127.0.0.1','MacBookPro18,1','Mac OS X 15.6.1 arm64','2025-11-21 06:22:33'),('c846b2fc-6c8c-427b-bcc4-082bddbc48a9','e18ad310-339b-48b4-8745-58630b87ba3d','2025-11-19 05:11:12','2025-11-19','android','8.0.65',1008,'::ffff:127.0.0.1','LIO-AN00m','Android 12','2025-11-19 05:11:12'),('c912b069-a49f-4df2-a0a2-82b91de67cde','7ac814ea-1d64-4878-a68e-cbba2cf028e8','2025-11-18 15:33:24','2025-11-18','ios','8.0.65',1089,'::ffff:127.0.0.1','iPhone 13 Pro Max<iPhone14,3>','iOS 17.5.1','2025-11-18 15:33:24'),('c97e5a5d-d974-472e-8215-41f54fed2654','942b0614-06e4-4e35-acd8-52f806a9a5c7','2025-11-18 02:08:23','2025-11-18','android','8.0.65',1089,'::ffff:127.0.0.1','HBN-AL00','Android 12','2025-11-18 02:08:23'),('c9a51339-85c7-4c80-a0b8-0daada848ee8','7dda9b5f-62ca-4e98-a44d-943cb982c684','2025-11-21 12:35:00','2025-11-21','android','8.0.65',1089,'::ffff:127.0.0.1','PKB110','Android 16','2025-11-21 12:35:00'),('c9a5f804-11ad-4981-a84e-75468f07b095','370f143c-17fe-4df4-b2d6-f75ed4a97a99','2025-11-17 12:23:19','2025-11-17','android','8.0.54',1048,'::ffff:127.0.0.1','2308CPXD0C','Android 15','2025-11-17 12:23:19'),('ca099e07-7072-446a-91e7-e52f888f2f7f','942b0614-06e4-4e35-acd8-52f806a9a5c7','2025-11-18 06:59:19','2025-11-18','android','8.0.65',1089,'::ffff:127.0.0.1','HBN-AL00','Android 12','2025-11-18 06:59:19'),('ca5feb11-8e49-4959-98b4-8d08cbbc2ded','277dc273-6b68-4d68-8414-3f2672278a6e','2025-11-18 01:34:49','2025-11-18','android','8.0.65',1089,'::ffff:127.0.0.1','ALN-AL80','Android 12','2025-11-18 01:34:49'),('cac6e6e6-ae24-425f-9397-731e5601f1bc','86605ffe-31a8-4264-857a-c5d65934b418','2025-11-20 08:33:22','2025-11-20','android','8.0.63',1008,'::ffff:127.0.0.1','24117RK2CC','Android 15','2025-11-20 08:33:22'),('cb1658c5-f595-4cc9-a595-51d301f1ee17','37a97715-d228-479b-a032-e04e24b43ae7','2025-11-21 04:41:17','2025-11-21','android','8.0.58',1048,'::ffff:127.0.0.1','TDT-MA01','Android 10','2025-11-21 04:41:17'),('ccb77403-e0c0-4177-8714-cc86750c9685','942b0614-06e4-4e35-acd8-52f806a9a5c7','2025-11-20 05:58:39','2025-11-20','devtools','8.0.5',1001,'::ffff:127.0.0.1','iPhone 12/13 (Pro)','iOS 10.0.1','2025-11-20 05:58:39'),('ccd2ddd7-c1cf-4998-bd57-85b906987ca3','c8687aba-86ee-4d3d-9dcf-4384a1a93015','2025-11-19 04:47:12','2025-11-19','ios','8.0.56',1008,'::ffff:127.0.0.1','iPhone 14 Pro Max<iPhone15,3>','iOS 18.0.1','2025-11-19 04:47:12'),('ccffdc6f-ec01-4ab9-ab4f-b59db77fc1a3','8cd7500c-c95e-4f3e-b776-c9bfaa5c0235','2025-11-21 16:09:40','2025-11-21','ohos','8.0.12',1089,'::ffff:127.0.0.1','ALN-AL00','OpenHarmonyOS 6.0.0','2025-11-21 16:09:40'),('cd220981-c8ed-4850-be67-64a7d4680b78','942b0614-06e4-4e35-acd8-52f806a9a5c7','2025-11-21 03:12:32','2025-11-21','android','8.0.65',1160,'::ffff:127.0.0.1','HBN-AL00','Android 12','2025-11-21 03:12:32'),('cdd78e65-fc8f-4be9-b8e3-6848af9c9023','942b0614-06e4-4e35-acd8-52f806a9a5c7','2025-11-17 08:18:31','2025-11-17','android','8.0.65',1089,'::ffff:127.0.0.1','HBN-AL00','Android 12','2025-11-17 08:18:31'),('ce7a22c3-85d8-4913-a5bb-3080e0230461','942b0614-06e4-4e35-acd8-52f806a9a5c7','2025-11-20 15:58:52','2025-11-20','android','8.0.65',1160,'::ffff:127.0.0.1','HBN-AL00','Android 12','2025-11-20 15:58:52'),('ceac6f5b-87c4-4800-993f-b76c9e7329dc','71d7ab1d-1674-4f0f-8a81-d0348f45ed83','2025-11-18 12:31:00','2025-11-18','ohos','8.0.12',1089,'::ffff:127.0.0.1','ADY-AL10','OpenHarmonyOS 6.0.0','2025-11-18 12:31:00'),('ced6066f-8a32-4fbb-9fa1-9cdc347974cb','f60affc5-8091-4f3d-af5a-5132a8e97bc0','2025-11-20 08:02:34','2025-11-20','android','8.0.65',1008,'::ffff:127.0.0.1','VER-AN00','Android 15','2025-11-20 08:02:34'),('cf11a830-19fb-40bd-be65-1defb5bd8d1f','407b88e4-d9cf-4c78-bff5-85e4fa868eca','2025-11-17 08:56:31','2025-11-17','android','8.0.64',1089,'::ffff:127.0.0.1','PLR-AL50','Android 12','2025-11-17 08:56:31'),('cf562555-f1bf-4d22-ba7e-e57037249286','942b0614-06e4-4e35-acd8-52f806a9a5c7','2025-11-17 08:54:03','2025-11-17','android','8.0.65',1089,'::ffff:127.0.0.1','HBN-AL00','Android 12','2025-11-17 08:54:03'),('cf7567fe-9dc0-4bd0-8de0-e0581581a603','407b88e4-d9cf-4c78-bff5-85e4fa868eca','2025-11-21 01:37:13','2025-11-21','windows','4.1.4.17',1256,'::ffff:127.0.0.1','microsoft','Windows Unknown x64','2025-11-21 01:37:13'),('cfbb2575-0cc3-46d8-80a6-9ed65c0715ff','942b0614-06e4-4e35-acd8-52f806a9a5c7','2025-11-18 06:32:46','2025-11-18','android','8.0.65',1089,'::ffff:127.0.0.1','HBN-AL00','Android 12','2025-11-18 06:32:46'),('cfca7b85-85de-441d-94de-63ab064b3ad8','30d44a9a-3f89-4367-bdac-a32fb0a5315e','2025-11-21 14:41:23','2025-11-21','ios','8.0.65',1008,'::ffff:127.0.0.1','iPhone 14 Pro<iPhone15,2>','iOS 18.6.2','2025-11-21 14:41:23'),('cffba64f-30cb-47df-ab1d-ee908687fb85','942b0614-06e4-4e35-acd8-52f806a9a5c7','2025-11-19 06:23:37','2025-11-19','android','8.0.65',1089,'::ffff:127.0.0.1','HBN-AL00','Android 12','2025-11-19 06:23:37'),('d08e0f15-16dc-4b0e-9fa0-e42db43f6a49','f6f0089f-906c-440f-ac5c-68b479e13133','2025-11-17 12:18:32','2025-11-17','android','8.0.65',1048,'::ffff:127.0.0.1','PKB110','Android 15','2025-11-17 12:18:32'),('d0f1c415-4f95-41ec-9431-2d48581e1d3a','942b0614-06e4-4e35-acd8-52f806a9a5c7','2025-11-18 10:24:59','2025-11-18','android','8.0.65',1131,'::ffff:127.0.0.1','HBN-AL00','Android 12','2025-11-18 10:24:59'),('d17dad68-dd36-40f3-840c-9c1a617936cd','942b0614-06e4-4e35-acd8-52f806a9a5c7','2025-11-17 11:49:39','2025-11-17','android','8.0.65',1047,'::ffff:127.0.0.1','HBN-AL00','Android 12','2025-11-17 11:49:39'),('d277c1db-be85-4446-aa25-7f4c097dfde4','fe6aebef-6f31-4cc1-baa0-4131c267d5f8','2025-11-17 13:52:53','2025-11-17','android','8.0.63',1048,'::ffff:127.0.0.1','V2303A','Android 15','2025-11-17 13:52:53'),('d2c21a28-3641-4a00-a728-7e3a026814ac','942b0614-06e4-4e35-acd8-52f806a9a5c7','2025-11-23 01:39:44','2025-11-23','android','8.0.65',1089,'::ffff:127.0.0.1','HBN-AL00','Android 12','2025-11-23 01:39:44'),('d2e49053-1ab9-4d23-bd15-f270194ab656','d00e587b-de8f-44d5-b716-9d7860266be6','2025-11-22 04:22:00','2025-11-22','android','8.0.65',1089,'::ffff:127.0.0.1','BRA-AL00','Android 12','2025-11-22 04:22:00'),('d342fa13-878c-4ff3-bfa3-cc7dddcdb14d','942b0614-06e4-4e35-acd8-52f806a9a5c7','2025-11-23 01:31:05','2025-11-23','android','8.0.65',1089,'::ffff:127.0.0.1','HBN-AL00','Android 12','2025-11-23 01:31:05'),('d378e69d-ffe8-4a05-9464-fd14e578d685','3917a336-118b-47cc-b3fd-b2ba2b545e9b','2025-11-24 02:10:37','2025-11-24','android','8.0.65',1008,'::ffff:127.0.0.1','24129PN74C','Android 16','2025-11-24 02:10:37'),('d385f297-f418-4513-8977-d59066f18c9a','942b0614-06e4-4e35-acd8-52f806a9a5c7','2025-11-19 06:55:47','2025-11-19','android','8.0.65',1007,'::ffff:127.0.0.1','HBN-AL00','Android 12','2025-11-19 06:55:47'),('d4c288b4-083e-42b1-9af5-251411347c63','d2f05391-e6e4-4109-a0ef-47631700cb69','2025-11-21 12:45:50','2025-11-21','android','8.0.65',1023,'::ffff:127.0.0.1','OCE-AN10','Android 12','2025-11-21 12:45:50'),('d57643fc-fecc-4887-81d0-86a3746364f6','84e2f056-3854-41e6-9941-25f9a428fcda','2025-11-19 04:47:00','2025-11-19','android','8.0.65',1008,'::ffff:127.0.0.1','24069RA21C','Android 14','2025-11-19 04:47:00'),('d5a9c880-5379-47f7-86b3-75f667d55917','e18ad310-339b-48b4-8745-58630b87ba3d','2025-11-17 12:08:28','2025-11-17','android','8.0.65',1048,'::ffff:127.0.0.1','LIO-AN00m','Android 12','2025-11-17 12:08:28'),('d64234c2-01df-4d7e-a967-ed46343f9ba3','942b0614-06e4-4e35-acd8-52f806a9a5c7','2025-11-23 13:10:18','2025-11-23','android','8.0.65',1089,'::ffff:127.0.0.1','HBN-AL00','Android 12','2025-11-23 13:10:18'),('d643d59e-9cc2-4eb5-bfb6-2c5ea796d0ed','84e2f056-3854-41e6-9941-25f9a428fcda','2025-11-17 12:21:17','2025-11-17','android','8.0.65',1048,'::ffff:127.0.0.1','24069RA21C','Android 14','2025-11-17 12:21:17'),('d7236918-c947-4089-99b6-c7ae6be2a8e7','942b0614-06e4-4e35-acd8-52f806a9a5c7','2025-11-20 02:40:04','2025-11-20','devtools','8.0.5',1001,'::ffff:127.0.0.1','iPhone 12/13 (Pro)','iOS 10.0.1','2025-11-20 02:40:04'),('d7b7eac3-a190-4739-bac2-eb3aed1d9b7f','1ab26cea-e054-4500-a4a9-14b9b82239ad','2025-11-19 11:30:29','2025-11-19','ios','8.0.65',1007,'::ffff:127.0.0.1','iPhone XR<iPhone11,8>','iOS 18.6.2','2025-11-19 11:30:29'),('d7f67139-a0eb-4cd2-b847-a24eab1c9c96','3917a336-118b-47cc-b3fd-b2ba2b545e9b','2025-11-19 05:40:46','2025-11-19','android','8.0.65',1048,'::ffff:127.0.0.1','24129PN74C','Android 16','2025-11-19 05:40:46'),('d7facd21-201c-4f00-94f9-3687c25e4f5b','942b0614-06e4-4e35-acd8-52f806a9a5c7','2025-11-21 01:21:21','2025-11-21','devtools','8.0.5',1001,'::ffff:127.0.0.1','iPhone 12/13 (Pro)','iOS 10.0.1','2025-11-21 01:21:21'),('d8899d13-7022-4a39-a2a6-6930faf7390f','7fbeef0d-dd93-457b-a259-16e869430e28','2025-11-19 11:47:23','2025-11-19','ios','8.0.65',1008,'::ffff:127.0.0.1','iPhone 16 Pro Max<iPhone17,2>','iOS 18.0','2025-11-19 11:47:23'),('d9a07510-49f9-4995-a41e-10574ea3f6fd','942b0614-06e4-4e35-acd8-52f806a9a5c7','2025-11-21 04:02:41','2025-11-21','android','8.0.65',1160,'::ffff:127.0.0.1','HBN-AL00','Android 12','2025-11-21 04:02:41'),('d9a0a977-ae82-4223-a02f-dcb14d9679e0','942b0614-06e4-4e35-acd8-52f806a9a5c7','2025-11-17 12:14:40','2025-11-17','android','8.0.65',1089,'::ffff:127.0.0.1','HBN-AL00','Android 12','2025-11-17 12:14:40'),('da430c50-2078-4ce2-8f02-cae4cd8d0497','3917a336-118b-47cc-b3fd-b2ba2b545e9b','2025-11-21 11:20:19','2025-11-21','android','8.0.65',1008,'::ffff:127.0.0.1','24129PN74C','Android 16','2025-11-21 11:20:19'),('da444dfb-b5a2-49af-90c1-3c286ba36268','86605ffe-31a8-4264-857a-c5d65934b418','2025-11-21 01:11:59','2025-11-21','android','8.0.63',1008,'::ffff:127.0.0.1','24117RK2CC','Android 15','2025-11-21 01:11:59'),('db48c3be-1aea-4476-b841-e5c7f2e660ce','942b0614-06e4-4e35-acd8-52f806a9a5c7','2025-11-21 09:59:00','2025-11-21','android','8.0.65',1089,'::ffff:127.0.0.1','HBN-AL00','Android 12','2025-11-21 09:59:00'),('db4b3e6b-0955-4ef1-98df-c90900eabd5d','942b0614-06e4-4e35-acd8-52f806a9a5c7','2025-11-17 09:01:22','2025-11-17','android','8.0.65',1089,'::ffff:127.0.0.1','HBN-AL00','Android 12','2025-11-17 09:01:22'),('db8cec94-2f18-4286-b0fe-1ee823858fa5','7fbeef0d-dd93-457b-a259-16e869430e28','2025-11-17 11:59:58','2025-11-17','ios','8.0.65',1048,'::ffff:127.0.0.1','iPhone 16 Pro Max<iPhone17,2>','iOS 18.0','2025-11-17 11:59:58'),('db99b66c-158b-47ea-991e-0da67fc65228','407b88e4-d9cf-4c78-bff5-85e4fa868eca','2025-11-20 11:27:12','2025-11-20','android','8.0.65',1089,'::ffff:127.0.0.1','PLR-AL50','Android 12','2025-11-20 11:27:12'),('dbe49975-29a2-4ed8-8887-0b783737c85e','d00e587b-de8f-44d5-b716-9d7860266be6','2025-11-18 01:25:16','2025-11-18','android','8.0.65',1089,'::ffff:127.0.0.1','BRA-AL00','Android 12','2025-11-18 01:25:16'),('dc286cde-9357-45e3-88e7-b125b1653192','41c2f924-fcc1-4c6f-9b86-7a715bd54d72','2025-11-26 03:51:43','2025-11-26','ios','8.0.64',1008,'::ffff:127.0.0.1','iPhone 12<iPhone13,2>','iOS 18.7.1','2025-11-26 03:51:43'),('dc87acd2-f865-44ca-952b-29a97bc9597d','942b0614-06e4-4e35-acd8-52f806a9a5c7','2025-11-17 12:00:25','2025-11-17','android','8.0.65',1089,'::ffff:127.0.0.1','HBN-AL00','Android 12','2025-11-17 12:00:25'),('dca01bc0-21c1-4417-ba9b-ea79512a4609','407b88e4-d9cf-4c78-bff5-85e4fa868eca','2025-11-19 11:31:15','2025-11-19','android','8.0.65',1089,'::ffff:127.0.0.1','PLR-AL50','Android 12','2025-11-19 11:31:15'),('dd738998-111c-41ba-9938-19a5c4500c29','180d92e2-5a13-450e-97ea-9e19283c860b','2025-11-20 23:43:35','2025-11-20','ios','8.0.65',1008,'::ffff:127.0.0.1','iPhone 12<iPhone13,2>','iOS 17.6.1','2025-11-20 23:43:35'),('ddaa3bb5-73c2-4ea1-b625-60ce3e35c9b3','407b88e4-d9cf-4c78-bff5-85e4fa868eca','2025-11-19 04:41:16','2025-11-19','android','8.0.65',1008,'::ffff:127.0.0.1','PLR-AL50','Android 12','2025-11-19 04:41:16'),('ddd962d3-7d8b-4954-9f20-a87a2920ef59','942b0614-06e4-4e35-acd8-52f806a9a5c7','2025-11-20 12:13:15','2025-11-20','android','8.0.65',1160,'::ffff:127.0.0.1','HBN-AL00','Android 12','2025-11-20 12:13:15'),('de53c161-2498-4edb-8e6f-b023b0859689','277dc273-6b68-4d68-8414-3f2672278a6e','2025-11-23 01:13:01','2025-11-23','android','8.0.65',1089,'::ffff:127.0.0.1','ALN-AL80','Android 12','2025-11-23 01:13:01'),('dedd30db-45a2-43a3-95e5-a3437aa42a32','942b0614-06e4-4e35-acd8-52f806a9a5c7','2025-11-20 16:30:31','2025-11-20','android','8.0.65',1160,'::ffff:127.0.0.1','HBN-AL00','Android 12','2025-11-20 16:30:31'),('df89455f-3c2e-44ef-90dc-dcea8b70a1a3','942b0614-06e4-4e35-acd8-52f806a9a5c7','2025-11-17 08:29:56','2025-11-17','android','8.0.65',1089,'::ffff:127.0.0.1','HBN-AL00','Android 12','2025-11-17 08:29:56'),('dfa7cad0-3a06-45a9-bc24-4d1e1c124f6b','fe6aebef-6f31-4cc1-baa0-4131c267d5f8','2025-11-18 01:33:06','2025-11-18','android','8.0.63',1048,'::ffff:127.0.0.1','V2303A','Android 15','2025-11-18 01:33:06'),('dfce591b-583b-421c-b1d0-d473b61d3765','407b88e4-d9cf-4c78-bff5-85e4fa868eca','2025-11-25 08:41:32','2025-11-25','android','8.0.65',1089,'::ffff:127.0.0.1','PLR-AL50','Android 12','2025-11-25 08:41:32'),('e2867b72-870c-4473-aa8c-a2522ba9c754','9bb0beb2-1810-466e-9e60-713a82f2c6df','2025-11-21 10:31:49','2025-11-21','android','8.0.65',1089,'::ffff:127.0.0.1','ELS-AN00','Android 12','2025-11-21 10:31:49'),('e2d427c0-8f4d-42e8-9014-f59512a6ccab','8cf4f261-5ddb-446b-9064-dacbe9c59f1f','2025-11-20 08:03:40','2025-11-20','windows','4.1.4.17',1008,'::ffff:127.0.0.1','microsoft','Windows 10 x64','2025-11-20 08:03:40'),('e34c2b6c-edc8-4f64-b6ea-99b9f39b95c6','41c2f924-fcc1-4c6f-9b86-7a715bd54d72','2025-11-26 04:11:59','2025-11-26','ios','8.0.64',1008,'::ffff:127.0.0.1','iPhone 12<iPhone13,2>','iOS 18.7.1','2025-11-26 04:11:59'),('e4b69a15-48a5-4937-87a2-7f06f7d6e589','fe6aebef-6f31-4cc1-baa0-4131c267d5f8','2025-11-21 14:52:54','2025-11-21','android','8.0.63',1008,'::ffff:127.0.0.1','V2303A','Android 15','2025-11-21 14:52:54'),('e4d49709-ca85-45f1-8173-c0a4190cec01','8cd7500c-c95e-4f3e-b776-c9bfaa5c0235','2025-11-21 08:24:25','2025-11-21','ohos','8.0.12',1089,'::ffff:127.0.0.1','ALN-AL00','OpenHarmonyOS 6.0.0','2025-11-21 08:24:25'),('e5139c27-f38b-40ed-b0b4-8da7bb3423ce','942b0614-06e4-4e35-acd8-52f806a9a5c7','2025-11-21 01:17:23','2025-11-21','devtools','8.0.5',1001,'::ffff:127.0.0.1','iPhone 12/13 (Pro)','iOS 10.0.1','2025-11-21 01:17:23'),('e58e841e-afde-4dc7-bcd4-ca2aaded446f','003d0cec-2665-4655-82aa-198784fd2886','2025-11-26 03:56:06','2025-11-26','ios','8.0.65',1008,'::ffff:127.0.0.1','iPhone 13<iPhone14,5>','iOS 16.2','2025-11-26 03:56:06'),('e5900093-5f1e-4346-8a67-08b0fb225bec','942b0614-06e4-4e35-acd8-52f806a9a5c7','2025-11-18 03:02:58','2025-11-18','android','8.0.65',1089,'::ffff:127.0.0.1','HBN-AL00','Android 12','2025-11-18 03:02:58'),('e62abcdf-0fc8-4cd1-a3c5-686becbfc236','8cf4f261-5ddb-446b-9064-dacbe9c59f1f','2025-11-20 07:59:56','2025-11-20','windows','4.1.4.17',1008,'::ffff:127.0.0.1','microsoft','Windows 10 x64','2025-11-20 07:59:56'),('e640e206-1867-4010-9513-300c333ef652','942b0614-06e4-4e35-acd8-52f806a9a5c7','2025-11-17 15:00:04','2025-11-17','android','8.0.65',1089,'::ffff:127.0.0.1','HBN-AL00','Android 12','2025-11-17 15:00:04'),('e6b4b994-f043-47b0-bafe-04c3348403ed','942b0614-06e4-4e35-acd8-52f806a9a5c7','2025-11-22 07:11:17','2025-11-22','android','8.0.65',1160,'::ffff:127.0.0.1','HBN-AL00','Android 12','2025-11-22 07:11:17'),('e6d62a1a-4d37-477d-9351-1397694fd8ed','942b0614-06e4-4e35-acd8-52f806a9a5c7','2025-11-19 10:28:16','2025-11-19','android','8.0.65',1007,'::ffff:127.0.0.1','HBN-AL00','Android 12','2025-11-19 10:28:16'),('e6e01d0c-cc26-4bfa-81fe-6929df26f8aa','942b0614-06e4-4e35-acd8-52f806a9a5c7','2025-11-17 14:06:04','2025-11-17','devtools','8.0.5',1001,'::1','iPhone 12/13 (Pro)','iOS 10.0.1','2025-11-17 14:06:04'),('e6e25cc9-2c78-443d-bd0f-2679d3e13a11','277dc273-6b68-4d68-8414-3f2672278a6e','2025-11-21 01:50:20','2025-11-21','android','8.0.65',1160,'::ffff:127.0.0.1','ALN-AL80','Android 12','2025-11-21 01:50:20'),('e7dec4e4-ae4e-487b-b449-042cdb712b59','8cf4f261-5ddb-446b-9064-dacbe9c59f1f','2025-11-19 04:51:08','2025-11-19','ios','8.0.65',1008,'::ffff:127.0.0.1','iPhone 13<iPhone14,5>','iOS 18.6.2','2025-11-19 04:51:08'),('e7e49afd-d9ac-4770-af82-f50dfb18a932','942b0614-06e4-4e35-acd8-52f806a9a5c7','2025-11-21 04:11:04','2025-11-21','android','8.0.65',1160,'::ffff:127.0.0.1','HBN-AL00','Android 12','2025-11-21 04:11:04'),('e86c31c5-0636-474d-93be-ee0d342cf2d9','180d92e2-5a13-450e-97ea-9e19283c860b','2025-11-20 08:04:45','2025-11-20','ios','8.0.65',1008,'::ffff:127.0.0.1','iPhone 12<iPhone13,2>','iOS 17.6.1','2025-11-20 08:04:45'),('e8c0c617-351f-4389-a92b-ffe912f43ca3','942b0614-06e4-4e35-acd8-52f806a9a5c7','2025-11-18 04:34:06','2025-11-18','android','8.0.65',1089,'::ffff:127.0.0.1','HBN-AL00','Android 12','2025-11-18 04:34:06'),('e8c8601d-ccf4-4b78-8757-3046d886f6eb','407b88e4-d9cf-4c78-bff5-85e4fa868eca','2025-11-26 03:52:58','2025-11-26','android','8.0.65',1008,'::ffff:127.0.0.1','PLR-AL50','Android 12','2025-11-26 03:52:58'),('e9503a7a-1503-4790-8530-2a17316a129e','942b0614-06e4-4e35-acd8-52f806a9a5c7','2025-11-17 14:47:27','2025-11-17','android','8.0.65',1089,'::ffff:127.0.0.1','HBN-AL00','Android 12','2025-11-17 14:47:27'),('e969821d-98ba-409f-a718-ca0fb68ad971','84e2f056-3854-41e6-9941-25f9a428fcda','2025-11-21 12:59:55','2025-11-21','android','8.0.65',1089,'::ffff:127.0.0.1','24069RA21C','Android 14','2025-11-21 12:59:55'),('ea12ff6b-21a6-401b-b72b-8b01a8e869ba','942b0614-06e4-4e35-acd8-52f806a9a5c7','2025-11-26 04:13:35','2025-11-26','android','8.0.65',1008,'::ffff:127.0.0.1','HBN-AL00','Android 12','2025-11-26 04:13:35'),('eab2b23d-378b-45f1-9b8e-0e63499bdf5c','6a1ea615-5f87-4e6a-bc3a-214ee9a48646','2025-11-17 12:34:00','2025-11-17','ios','8.0.65',1048,'::ffff:127.0.0.1','iPhone 13 Pro Max<iPhone14,3>','iOS 18.6.2','2025-11-17 12:34:00'),('eab404cd-5d8b-44f1-9512-365861ee9423','942b0614-06e4-4e35-acd8-52f806a9a5c7','2025-11-20 11:22:11','2025-11-20','android','8.0.65',1007,'::ffff:127.0.0.1','HBN-AL00','Android 12','2025-11-20 11:22:11'),('eb57d1a6-910f-4982-a6e4-662355555c6e','942b0614-06e4-4e35-acd8-52f806a9a5c7','2025-11-18 04:13:30','2025-11-18','android','8.0.65',1089,'::ffff:127.0.0.1','HBN-AL00','Android 12','2025-11-18 04:13:30'),('ebdab2b8-b92c-4cd3-bbc3-8ec052226ce9','3e41b13c-8329-4911-b8fd-a2b6728759a7','2025-11-26 04:35:17','2025-11-26','android','8.0.65',1008,'::ffff:127.0.0.1','ANN-AN00','Android 14','2025-11-26 04:35:17'),('ebde0b79-612d-49b3-8412-f197094d52be','942b0614-06e4-4e35-acd8-52f806a9a5c7','2025-11-24 02:26:52','2025-11-24','android','8.0.65',1089,'::ffff:127.0.0.1','HBN-AL00','Android 12','2025-11-24 02:26:52'),('ebe72f1a-2827-41db-846b-4dbc4fc6c5bf','3e41b13c-8329-4911-b8fd-a2b6728759a7','2025-11-22 04:18:45','2025-11-22','android','8.0.65',1089,'::ffff:127.0.0.1','ANN-AN00','Android 14','2025-11-22 04:18:45'),('ec023e16-be59-4e89-9a0a-e03e5807e947','942b0614-06e4-4e35-acd8-52f806a9a5c7','2025-11-19 04:42:17','2025-11-19','android','8.0.65',1008,'::ffff:127.0.0.1','HBN-AL00','Android 12','2025-11-19 04:42:17'),('eccb31cd-9f0a-40b8-9b46-594c4bb1b2ed','942b0614-06e4-4e35-acd8-52f806a9a5c7','2025-11-17 09:48:10','2025-11-17','android','8.0.65',1089,'::ffff:127.0.0.1','HBN-AL00','Android 12','2025-11-17 09:48:10'),('eccb89f6-4ac6-44e4-9518-04143b7bf741','21a35430-9b03-4adf-9ac1-be66f1aad476','2025-11-17 12:14:52','2025-11-17','ohos','8.0.12',1048,'::ffff:127.0.0.1','LMR-AL00','OpenHarmonyOS 6.0.0','2025-11-17 12:14:52'),('ed259adc-cff1-4986-a9a0-0360d6d9bc08','7ac814ea-1d64-4878-a68e-cbba2cf028e8','2025-11-21 05:08:34','2025-11-21','ios','8.0.65',1089,'::ffff:127.0.0.1','iPhone 13 Pro Max<iPhone14,3>','iOS 17.5.1','2025-11-21 05:08:34'),('ee5e02ce-633b-4fdf-8b7a-35ac49ad1558','942b0614-06e4-4e35-acd8-52f806a9a5c7','2025-11-20 02:12:16','2025-11-20','devtools','8.0.5',1001,'::ffff:127.0.0.1','iPhone 12/13 (Pro)','iOS 10.0.1','2025-11-20 02:12:16'),('eec48e16-38d0-4247-ac6d-94923d1bb841','942b0614-06e4-4e35-acd8-52f806a9a5c7','2025-11-21 01:20:27','2025-11-21','devtools','8.0.5',1001,'::ffff:127.0.0.1','iPhone 12/13 (Pro)','iOS 10.0.1','2025-11-21 01:20:27'),('ef5d7a09-ab85-423f-be25-2c8522f0581f','d00e587b-de8f-44d5-b716-9d7860266be6','2025-11-20 11:54:20','2025-11-20','android','8.0.65',1160,'::ffff:127.0.0.1','BRA-AL00','Android 12','2025-11-20 11:54:20'),('efc3436d-f023-4bc6-883f-77278e467d36','407b88e4-d9cf-4c78-bff5-85e4fa868eca','2025-11-21 00:40:42','2025-11-21','android','8.0.65',1008,'::ffff:127.0.0.1','PLR-AL50','Android 12','2025-11-21 00:40:42'),('efe2327d-dedf-4b08-b2ac-f6e92c86a905','407b88e4-d9cf-4c78-bff5-85e4fa868eca','2025-11-25 09:21:09','2025-11-25','android','8.0.65',1089,'::ffff:127.0.0.1','PLR-AL50','Android 12','2025-11-25 09:21:09'),('eff59ebd-40c4-4167-9b2b-a4e6c0dc4b4a','942b0614-06e4-4e35-acd8-52f806a9a5c7','2025-11-20 06:01:00','2025-11-20','android','8.0.65',1007,'::ffff:127.0.0.1','HBN-AL00','Android 12','2025-11-20 06:01:00'),('f063c668-584e-4526-a727-d501fcdf6eac','3917a336-118b-47cc-b3fd-b2ba2b545e9b','2025-11-21 12:54:02','2025-11-21','android','8.0.65',1089,'::ffff:127.0.0.1','24129PN74C','Android 16','2025-11-21 12:54:02'),('f0aad4b9-fa0a-4a6b-a2ad-073cb0bfcbc3','942b0614-06e4-4e35-acd8-52f806a9a5c7','2025-11-19 16:00:13','2025-11-19','android','8.0.65',1089,'::ffff:127.0.0.1','HBN-AL00','Android 12','2025-11-19 16:00:13'),('f1fcbd3c-b36e-4f8c-bd88-bad40979eaef','942b0614-06e4-4e35-acd8-52f806a9a5c7','2025-11-19 08:32:05','2025-11-19','android','8.0.65',1089,'::ffff:127.0.0.1','HBN-AL00','Android 12','2025-11-19 08:32:05'),('f24cb2d1-37b5-468a-bc26-89f4e1ac1ed5','41c2f924-fcc1-4c6f-9b86-7a715bd54d72','2025-11-19 04:44:41','2025-11-19','ios','8.0.64',1008,'::ffff:127.0.0.1','iPhone 12<iPhone13,2>','iOS 18.7.1','2025-11-19 04:44:41'),('f29ec69a-40d1-49d3-8a27-3269899b38b5','86605ffe-31a8-4264-857a-c5d65934b418','2025-11-21 14:50:45','2025-11-21','android','8.0.63',1008,'::ffff:127.0.0.1','24117RK2CC','Android 15','2025-11-21 14:50:45'),('f2c9acd4-07c8-4e47-9550-c0622d276c43','277dc273-6b68-4d68-8414-3f2672278a6e','2025-11-23 01:06:53','2025-11-23','android','8.0.65',1089,'::ffff:127.0.0.1','ALN-AL80','Android 12','2025-11-23 01:06:53'),('f333aaaa-5d90-49dd-80ea-8f996a20fb80','942b0614-06e4-4e35-acd8-52f806a9a5c7','2025-11-18 05:19:07','2025-11-18','android','8.0.65',1089,'::ffff:127.0.0.1','HBN-AL00','Android 12','2025-11-18 05:19:07'),('f3802e7d-bb1d-4666-9b26-7335fc666304','277dc273-6b68-4d68-8414-3f2672278a6e','2025-11-17 12:01:40','2025-11-17','android','8.0.65',1089,'::ffff:127.0.0.1','ALN-AL80','Android 12','2025-11-17 12:01:40'),('f3ba5f03-ed6f-4058-a81a-6416197d1238','003d0cec-2665-4655-82aa-198784fd2886','2025-11-22 04:17:43','2025-11-22','ios','8.0.65',1048,'::ffff:127.0.0.1','iPhone 13<iPhone14,5>','iOS 16.2','2025-11-22 04:17:43'),('f3d6be92-191c-42a4-ba73-a8febf33a3da','37a97715-d228-479b-a032-e04e24b43ae7','2025-11-22 00:35:47','2025-11-22','android','8.0.58',1001,'::ffff:127.0.0.1','TDT-MA01','Android 10','2025-11-22 00:35:47'),('f445f22e-25b3-4138-9d17-d78e46bb89c5','8cf4f261-5ddb-446b-9064-dacbe9c59f1f','2025-11-19 07:14:02','2025-11-19','windows','4.1.4.17',1008,'::ffff:127.0.0.1','microsoft','Windows 10 x64','2025-11-19 07:14:02'),('f4bfb44e-4754-4d5b-b6dd-077541be09d4','942b0614-06e4-4e35-acd8-52f806a9a5c7','2025-11-19 12:28:16','2025-11-19','android','8.0.65',1007,'::ffff:127.0.0.1','HBN-AL00','Android 12','2025-11-19 12:28:16'),('f53fc363-5e0b-4ec6-8bed-c948bb3bb43d','942b0614-06e4-4e35-acd8-52f806a9a5c7','2025-11-17 06:20:14','2025-11-17','android','8.0.65',1089,'::ffff:127.0.0.1','HBN-AL00','Android 12','2025-11-17 06:20:14'),('f553ca19-cf61-4a4e-bc11-2d999572cfd7','942b0614-06e4-4e35-acd8-52f806a9a5c7','2025-11-17 14:06:04','2025-11-17','devtools','8.0.5',1001,'::1','iPhone 12/13 (Pro)','iOS 10.0.1','2025-11-17 14:06:04'),('f5b50abc-1265-48c8-a652-e0e35a851fea','942b0614-06e4-4e35-acd8-52f806a9a5c7','2025-11-20 00:06:59','2025-11-20','android','8.0.65',1089,'::ffff:127.0.0.1','HBN-AL00','Android 12','2025-11-20 00:06:59'),('f5c90b21-e679-4000-b96a-c25a1dc741dd','942b0614-06e4-4e35-acd8-52f806a9a5c7','2025-11-21 01:16:33','2025-11-21','devtools','8.0.5',1001,'::ffff:127.0.0.1','iPhone 12/13 (Pro)','iOS 10.0.1','2025-11-21 01:16:33'),('f6b7bc72-0487-4079-9383-396f26fd4413','942b0614-06e4-4e35-acd8-52f806a9a5c7','2025-11-18 03:54:06','2025-11-18','android','8.0.65',1089,'::ffff:127.0.0.1','HBN-AL00','Android 12','2025-11-18 03:54:06'),('f79206ae-ec0b-4d79-bfdc-1c47bf9fcbb0','d2f05391-e6e4-4109-a0ef-47631700cb69','2025-11-24 14:32:23','2025-11-24','android','8.0.65',1023,'::ffff:127.0.0.1','OCE-AN10','Android 12','2025-11-24 14:32:23'),('f7e58466-f2b9-47a4-86d5-e345b0b60d48','21a35430-9b03-4adf-9ac1-be66f1aad476','2025-11-17 12:32:51','2025-11-17','ohos','8.0.12',1048,'::ffff:127.0.0.1','LMR-AL00','OpenHarmonyOS 6.0.0','2025-11-17 12:32:51'),('f8090874-58d3-4a45-89b2-028d904a78e4','8cd7500c-c95e-4f3e-b776-c9bfaa5c0235','2025-11-18 01:55:19','2025-11-18','ohos','8.0.12',1089,'::ffff:127.0.0.1','ALN-AL00','OpenHarmonyOS 6.0.0','2025-11-18 01:55:19'),('f8198c35-5d11-4c2a-929e-bb74f3b8d441','8cf4f261-5ddb-446b-9064-dacbe9c59f1f','2025-11-21 09:55:39','2025-11-21','ios','8.0.65',1008,'::ffff:127.0.0.1','iPhone 13<iPhone14,5>','iOS 18.6.2','2025-11-21 09:55:39'),('f8502f19-5705-46a6-b4ff-e3e77fced3f5','942b0614-06e4-4e35-acd8-52f806a9a5c7','2025-11-20 05:59:03','2025-11-20','devtools','8.0.5',1001,'::ffff:127.0.0.1','iPhone 12/13 (Pro)','iOS 10.0.1','2025-11-20 05:59:03'),('f8ec6651-2708-44e5-af4e-ec672c5996d7','8cf4f261-5ddb-446b-9064-dacbe9c59f1f','2025-11-20 08:13:53','2025-11-20','windows','4.1.4.17',1008,'::ffff:127.0.0.1','microsoft','Windows 10 x64','2025-11-20 08:13:53'),('f954207d-f303-4210-8935-38219b155b7f','942b0614-06e4-4e35-acd8-52f806a9a5c7','2025-11-18 04:46:02','2025-11-18','android','8.0.65',1089,'::ffff:127.0.0.1','HBN-AL00','Android 12','2025-11-18 04:46:02'),('f97dd648-8079-48b3-8128-3f6b9e9f7811','cef30ce9-504f-48fe-9bee-b6c66b61db77','2025-11-19 11:33:39','2025-11-19','ios','8.0.65',1008,'::ffff:127.0.0.1','iPhone 15<iPhone15,4>','iOS 18.6.2','2025-11-19 11:33:39'),('f9b33674-7042-459e-a39d-78b6bed6ea74','1f8b12ed-deef-46de-8530-1fa1c8fd2f12','2025-11-20 10:01:10','2025-11-20','android','8.0.65',1089,'::ffff:127.0.0.1','PTP-AN00','Android 16','2025-11-20 10:01:10'),('f9b41325-d777-455f-9b1d-4dc460fcce06','942b0614-06e4-4e35-acd8-52f806a9a5c7','2025-11-17 07:38:33','2025-11-17','android','8.0.65',1089,'::ffff:127.0.0.1','HBN-AL00','Android 12','2025-11-17 07:38:33'),('fa0700b0-fdfd-491c-a1b2-a943f10b7aa5','942b0614-06e4-4e35-acd8-52f806a9a5c7','2025-11-22 00:01:53','2025-11-22','android','8.0.65',1160,'::ffff:127.0.0.1','HBN-AL00','Android 12','2025-11-22 00:01:53'),('fc28557b-07ca-4d09-bb5f-9d470a4120cf','fe6aebef-6f31-4cc1-baa0-4131c267d5f8','2025-11-18 01:50:26','2025-11-18','android','8.0.63',1089,'::ffff:127.0.0.1','V2303A','Android 15','2025-11-18 01:50:26'),('fce5be91-15af-40f7-adc1-192e805dc604','8cd7500c-c95e-4f3e-b776-c9bfaa5c0235','2025-11-22 00:07:48','2025-11-22','ohos','8.0.12',1089,'::ffff:127.0.0.1','ALN-AL00','OpenHarmonyOS 6.0.0','2025-11-22 00:07:48'),('fce9204d-15f0-498a-bd9d-c86523cd3ebf','407b88e4-d9cf-4c78-bff5-85e4fa868eca','2025-11-19 05:25:40','2025-11-19','windows','4.1.4.17',1256,'::ffff:127.0.0.1','microsoft','Windows Unknown x64','2025-11-19 05:25:40'),('fd358ddb-b496-46f4-af3c-1940da71b19a','7ac814ea-1d64-4878-a68e-cbba2cf028e8','2025-11-20 05:35:49','2025-11-20','ios','8.0.65',1089,'::ffff:127.0.0.1','iPhone 13 Pro Max<iPhone14,3>','iOS 17.5.1','2025-11-20 05:35:49'),('fd7fc54c-bf38-474d-ab76-a611282d5384','277dc273-6b68-4d68-8414-3f2672278a6e','2025-11-18 01:49:24','2025-11-18','android','8.0.65',1089,'::ffff:127.0.0.1','ALN-AL80','Android 12','2025-11-18 01:49:24'),('fd967761-5c7e-42c8-9fd0-df96282093c7','cef30ce9-504f-48fe-9bee-b6c66b61db77','2025-11-20 15:14:09','2025-11-20','ios','8.0.65',1160,'::ffff:127.0.0.1','iPhone 15<iPhone15,4>','iOS 18.6.2','2025-11-20 15:14:09'),('fdfc0226-b46b-4eb8-9523-4369814ed454','277dc273-6b68-4d68-8414-3f2672278a6e','2025-11-20 22:53:09','2025-11-20','android','8.0.65',1160,'::ffff:127.0.0.1','ALN-AL80','Android 12','2025-11-20 22:53:09'),('fe00ab01-8162-4e0e-8a87-79aa136d6cca','41097aab-54bd-4800-84cf-f79e8f7d3d2b','2025-11-21 14:26:10','2025-11-21','android','8.0.65',1008,'::ffff:127.0.0.1','ANN-AN00','Android 15','2025-11-21 14:26:10'),('fe1445e7-19bd-450d-99fa-d42c9f6b4b1e','942b0614-06e4-4e35-acd8-52f806a9a5c7','2025-11-26 04:26:18','2025-11-26','android','8.0.65',1160,'::ffff:127.0.0.1','HBN-AL00','Android 12','2025-11-26 04:26:18'),('fe64fc8e-80d7-4ebb-8698-41bf80fdd3f0','41097aab-54bd-4800-84cf-f79e8f7d3d2b','2025-11-18 01:52:00','2025-11-18','android','8.0.65',1048,'::ffff:127.0.0.1','ANN-AN00','Android 15','2025-11-18 01:52:00'),('fe9f5d92-228b-4158-bb91-8aafd0d95359','e18ad310-339b-48b4-8745-58630b87ba3d','2025-11-21 11:10:18','2025-11-21','android','8.0.65',1089,'::ffff:127.0.0.1','LIO-AN00m','Android 12','2025-11-21 11:10:18'),('feb19c40-8b11-4777-9668-1621e7e067ee','942b0614-06e4-4e35-acd8-52f806a9a5c7','2025-11-18 07:38:06','2025-11-18','android','8.0.65',1089,'::ffff:127.0.0.1','HBN-AL00','Android 12','2025-11-18 07:38:06'),('fedf73c0-1832-453c-a721-aa1a2c4c2281','942b0614-06e4-4e35-acd8-52f806a9a5c7','2025-11-18 10:32:30','2025-11-18','android','8.0.65',1089,'::ffff:127.0.0.1','HBN-AL00','Android 12','2025-11-18 10:32:30'),('ff60a3e9-b200-4ce2-811b-1d9512fe0fcc','942b0614-06e4-4e35-acd8-52f806a9a5c7','2025-11-17 12:43:14','2025-11-17','android','8.0.65',1089,'::ffff:127.0.0.1','HBN-AL00','Android 12','2025-11-17 12:43:14');
/*!40000 ALTER TABLE `user_visit_logs` ENABLE KEYS */;
UNLOCK TABLES;

--
-- Table structure for table `users`
--

DROP TABLE IF EXISTS `users`;
/*!40101 SET @saved_cs_client     = @@character_set_client */;
/*!50503 SET character_set_client = utf8mb4 */;
CREATE TABLE `users` (
  `id` varchar(36) CHARACTER SET utf8mb4 COLLATE utf8mb4_0900_ai_ci NOT NULL COMMENT '用户ID (UUID)',
  `openid` varchar(100) CHARACTER SET utf8mb4 COLLATE utf8mb4_0900_ai_ci NOT NULL COMMENT '微信openid',
  `unionid` varchar(100) CHARACTER SET utf8mb4 COLLATE utf8mb4_0900_ai_ci DEFAULT NULL COMMENT '微信unionid',
  `nickname` varchar(50) CHARACTER SET utf8mb4 COLLATE utf8mb4_0900_ai_ci DEFAULT NULL COMMENT '昵称',
  `real_name` varchar(50) CHARACTER SET utf8mb4 COLLATE utf8mb4_0900_ai_ci DEFAULT NULL COMMENT '真实姓名',
  `avatar` varchar(255) CHARACTER SET utf8mb4 COLLATE utf8mb4_0900_ai_ci DEFAULT NULL COMMENT '头像URL',
  `phone` varchar(20) CHARACTER SET utf8mb4 COLLATE utf8mb4_0900_ai_ci DEFAULT NULL COMMENT '手机号',
  `jersey_number` int DEFAULT NULL COMMENT '球衣号码',
  `position` text CHARACTER SET utf8mb4 COLLATE utf8mb4_0900_ai_ci COMMENT '场上位置编码JSON数组 (支持多选, 如 ["CAM","LW","ST"])',
  `left_foot_skill` tinyint unsigned DEFAULT '0' COMMENT '左脚擅长程度(0-5)',
  `right_foot_skill` tinyint unsigned DEFAULT '0' COMMENT '右脚擅长程度(0-5)',
  `role` enum('super_admin','captain','member') CHARACTER SET utf8mb4 COLLATE utf8mb4_0900_ai_ci DEFAULT 'member' COMMENT '角色',
  `status` enum('active','inactive','leave') CHARACTER SET utf8mb4 COLLATE utf8mb4_0900_ai_ci DEFAULT 'active' COMMENT '状态',
  `current_team_id` varchar(36) CHARACTER SET utf8mb4 COLLATE utf8mb4_0900_ai_ci DEFAULT NULL COMMENT '当前队伍ID',
  `join_date` date DEFAULT NULL COMMENT '加入日期',
  `created_at` timestamp NULL DEFAULT CURRENT_TIMESTAMP COMMENT '创建时间',
  `updated_at` timestamp NULL DEFAULT CURRENT_TIMESTAMP ON UPDATE CURRENT_TIMESTAMP COMMENT '更新时间',
  `member_type` enum('regular','temporary') CHARACTER SET utf8mb4 COLLATE utf8mb4_0900_ai_ci DEFAULT 'temporary' COMMENT '队员类型（regular=正式队员, temporary=临时队员）',
  `player_status` enum('active','virtual','honorary','retired') DEFAULT 'active',
  PRIMARY KEY (`id`) USING BTREE,
  UNIQUE KEY `openid` (`openid`) USING BTREE,
  KEY `idx_openid` (`openid`) USING BTREE,
  KEY `idx_status` (`status`) USING BTREE,
  KEY `idx_team` (`current_team_id`) USING BTREE
) ENGINE=InnoDB DEFAULT CHARSET=utf8mb4 COLLATE=utf8mb4_0900_ai_ci ROW_FORMAT=DYNAMIC COMMENT='用户表';
/*!40101 SET character_set_client = @saved_cs_client */;

--
-- Dumping data for table `users`
--

LOCK TABLES `users` WRITE;
/*!40000 ALTER TABLE `users` DISABLE KEYS */;
INSERT INTO `users` VALUES ('003d0cec-2665-4655-82aa-198784fd2886','okxVv103cG6LKsmQvpz2dUrHzy8A',NULL,'刘仔裤','刘剑桥','https://api.129club.cloud/user_avatars/2025/11/1763429231743_x89k84.jpg',NULL,47,'[\"CF\",\"RW\",\"LW\",\"CAM\"]',5,4,'member','active','b6ab3e9b-7bd7-468f-ae54-51c7675831e3','2025-11-18','2025-11-18 01:26:29','2025-11-20 02:48:19','regular','active'),('02eabd85-b0ee-4813-9e7f-b854f71bf0a2','okxVv1-54sKjvTo0ARqk_7UXt92I',NULL,NULL,NULL,NULL,NULL,NULL,NULL,0,0,'member','inactive',NULL,NULL,'2025-11-21 08:28:08','2025-11-21 08:28:08','temporary','active'),('09f94250-a533-490b-bea7-295e2b128737','okxVv12GLttCziYW64VWNxx7kmMQ',NULL,'铜元局皮尔洛','王清亮','https://api.129club.cloud/user_avatars/2025/11/1763380888326_lkx3xq.jpg',NULL,22,'[\"RB\",\"RW\"]',0,5,'member','active','281a79c2-e10a-4bfa-8dc8-def0b7b7580a',NULL,'2025-11-17 11:59:39','2025-11-20 02:49:06','regular','active'),('0d6d6f93-fc4b-4512-bd9f-4bb08178c742','okxVv1xT-G3z2IF2FHbBjJpAVcY8',NULL,'🇧🇷10','黄鑫','https://api.129club.cloud/user_avatars/2025/11/1763438637493_qj7ehv.jpg',NULL,80,'[\"CDM\",\"RB\",\"CB\",\"LW\",\"LB\"]',3,5,'member','active','281a79c2-e10a-4bfa-8dc8-def0b7b7580a','2025-11-18','2025-11-18 04:03:49','2025-11-18 05:02:38','temporary','active'),('0f4a4dee-138b-4356-b071-26f3eac9573a','okxVv1-6zuggsDrV5d80KMSPMoDM',NULL,'猴','猴','https://api.129club.cloud/user_avatars/2025/11/1763640029816_5nwp4z.jpeg',NULL,1,'[\"CDM\"]',1,1,'member','active','b6ab3e9b-7bd7-468f-ae54-51c7675831e3','2025-11-21','2025-11-20 12:00:23','2025-11-21 01:02:10','temporary','active'),('108f7973-6baa-47ae-8138-139723ad1eb5','okxVv1z_p7z0RouQkkDiwJ2sVAb0',NULL,'laughing鑫','王鑫','https://api.129club.cloud/user_avatars/2025/11/1763380950540_4aowxj.jpeg',NULL,31,'[\"RB\"]',0,1,'member','active','b6ab3e9b-7bd7-468f-ae54-51c7675831e3',NULL,'2025-11-17 12:01:12','2025-11-20 02:49:06','regular','active'),('155aeda2-32ae-4d3e-9964-f13dd736ccac','okxVv1yQpfwVxru8X4tcVDaHZC3s',NULL,'年轻的飙哥','卢飙','https://api.129club.cloud/user_avatars/2025/11/1763530820458_uze0ex.jpg',NULL,2,'[\"LB\",\"CDM\",\"LW\",\"RW\"]',1,0,'member','active','281a79c2-e10a-4bfa-8dc8-def0b7b7580a','2025-11-20','2025-11-19 05:37:39','2025-11-20 02:56:33','regular','active'),('180d92e2-5a13-450e-97ea-9e19283c860b','okxVv1y0IhBzsOgioOmnUo4kq2RE',NULL,'：D','戴壮','https://api.129club.cloud/user_avatars/2025/11/1763432429179_0cc20v.jpg',NULL,34,'[\"GK\",\"CB\",\"RB\",\"LB\",\"CDM\",\"CAM\",\"LW\",\"RW\",\"CF\"]',5,5,'member','active','281a79c2-e10a-4bfa-8dc8-def0b7b7580a','2025-11-18','2025-11-18 02:19:29','2025-11-20 03:04:19','regular','active'),('1ab26cea-e054-4500-a4a9-14b9b82239ad','okxVv1z2hxL4ZmKQ_rsAySMWvw1s',NULL,'小房','房光宇','https://api.129club.cloud/user_avatars/2025/11/1763382152076_ya2jmk.jpg',NULL,88,'[\"CF\"]',0,1,'member','active','281a79c2-e10a-4bfa-8dc8-def0b7b7580a',NULL,'2025-11-17 12:20:26','2025-11-20 02:49:06','regular','active'),('1f8b12ed-deef-46de-8530-1fa1c8fd2f12','okxVv13gliw-s1In_b32x9WCcVZc',NULL,'江津皮尔洛','李强','https://api.129club.cloud/user_avatars/2025/11/1763385573146_aurzf1.jpeg',NULL,24,'[\"GK\",\"CB\",\"LB\",\"CDM\",\"CAM\",\"LW\",\"RW\",\"CF\",\"RB\"]',0,5,'captain','active','281a79c2-e10a-4bfa-8dc8-def0b7b7580a','2025-11-17','2025-11-17 13:18:46','2025-11-20 02:45:57','regular','active'),('21a35430-9b03-4adf-9ac1-be66f1aad476','okxVv1z7J0w0hiGNJe2NlA2F-X4U',NULL,'施毅','施毅','https://api.129club.cloud/user_avatars/2025/11/1763382869997_cdjyzb.jpeg',NULL,45,'[\"CAM\",\"CDM\"]',2,5,'member','active','b6ab3e9b-7bd7-468f-ae54-51c7675831e3',NULL,'2025-11-17 12:07:10','2025-11-20 02:49:06','regular','active'),('26c50a79-562c-4ca6-b156-45023eee3c94','okxVv1x_LZZUKt_YZEWt8sbtbI5M',NULL,'屠夫','郑彤','https://api.129club.cloud/user_avatars/2025/11/1763381504218_cl76db.jpg',NULL,13,'[\"CDM\",\"RB\",\"LB\",\"LW\",\"RW\"]',1,1,'member','active',NULL,NULL,'2025-11-17 12:06:18','2025-11-20 02:49:06','regular','active'),('277dc273-6b68-4d68-8414-3f2672278a6e','okxVv1_b9ryl3s-7D_aV_KOTjizU',NULL,'公园-加图索','李洪胜','https://api.129club.cloud/user_avatars/2025/11/1763367366796_resd12.jpeg',NULL,8,'[\"CDM\",\"CF\",\"CB\"]',1,1,'member','active','b6ab3e9b-7bd7-468f-ae54-51c7675831e3','2025-11-17','2025-11-17 08:15:25','2025-11-20 02:45:57','regular','active'),('28279967-d68a-45d3-93aa-1887554b2eb3','okxVv105BIbl-zNpWTmwZXy27HT8',NULL,'黑子','黄儒学','https://api.129club.cloud/user_avatars/2025/11/1763434276518_wgqnjk.jpg',NULL,6,'[\"CB\",\"LB\",\"RB\"]',1,2,'member','active','281a79c2-e10a-4bfa-8dc8-def0b7b7580a','2025-11-18','2025-11-18 02:49:04','2025-11-18 03:04:43','temporary','active'),('30d44a9a-3f89-4367-bdac-a32fb0a5315e','okxVv18woxNF2oALSN_TUtr6lDIA',NULL,'marz','张潮','https://api.129club.cloud/user_avatars/2025/11/1763625803406_pj7rbq.jpg',NULL,70,'[\"LB\",\"RB\",\"LW\",\"RW\",\"CDM\",\"CAM\",\"CF\"]',1,0,'member','active',NULL,NULL,'2025-11-20 08:01:50','2025-11-20 08:03:24','temporary','active'),('313be62b-e1af-4a0a-ad93-898c801accea','okxVv1xI0x1Wm1sQSZFFfGebK-fw',NULL,'骞','徐骞','https://api.129club.cloud/user_avatars/2025/11/1763428633559_1qragn.jpeg',NULL,20,'[\"LW\"]',0,1,'member','active','281a79c2-e10a-4bfa-8dc8-def0b7b7580a','2025-11-18','2025-11-18 01:16:21','2025-11-20 03:04:26','regular','active'),('323a4409-176d-4475-9903-6b12bbf6d9ca','okxVv149unIN9IbkTzy7YQvEhEEM',NULL,NULL,NULL,NULL,NULL,NULL,NULL,0,0,'member','inactive',NULL,NULL,'2025-11-20 05:59:05','2025-11-20 05:59:05','temporary','active'),('370f143c-17fe-4df4-b2d6-f75ed4a97a99','okxVv13ST31ZbsGEAP-P9Pcd5auA',NULL,'川哥','张海川','https://api.129club.cloud/user_avatars/2025/11/1763381476214_klx7px.jpg',NULL,7,'[\"LW\",\"RW\",\"CF\",\"GK\"]',0,1,'member','active','b6ab3e9b-7bd7-468f-ae54-51c7675831e3',NULL,'2025-11-17 12:10:30','2025-11-20 02:49:06','regular','active'),('37a97715-d228-479b-a032-e04e24b43ae7','okxVv11XuaDN6fzdbHH1OHYFdung',NULL,'马培才','马培才','https://api.129club.cloud/user_avatars/2025/11/1763382711153_y464q9.jpeg',NULL,27,'[\"RB\",\"RW\",\"CB\"]',1,5,'member','active','b6ab3e9b-7bd7-468f-ae54-51c7675831e3',NULL,'2025-11-17 11:54:50','2025-11-20 02:49:06','regular','active'),('3917a336-118b-47cc-b3fd-b2ba2b545e9b','okxVv13cAujJmXC8nJ-ziL8l9Hhw',NULL,'D','邓建伟','https://api.129club.cloud/user_avatars/2025/11/1763530923958_bb6g35.jpg',NULL,21,'[\"LW\",\"RW\",\"CAM\"]',0,1,'member','active',NULL,NULL,'2025-11-19 05:40:26','2025-11-19 05:42:06','temporary','active'),('3e41b13c-8329-4911-b8fd-a2b6728759a7','okxVv15WE8SdO2GVdjr3ne2dmiNo',NULL,'塑料门','杨明强','https://api.129club.cloud/user_avatars/2025/11/1763699589360_aot23v.jpeg',NULL,99,'[\"GK\"]',0,1,'member','active','b6ab3e9b-7bd7-468f-ae54-51c7675831e3','2025-11-23','2025-11-21 04:32:35','2025-11-23 13:13:43','temporary','active'),('407b88e4-d9cf-4c78-bff5-85e4fa868eca','okxVv13GdYjUug5lHcP-P7fMK74E',NULL,'曾鹏','曾鹏','https://api.129club.cloud/user_avatars/2025/11/1763367057306_ondajm.jpeg',NULL,38,'[\"CB\",\"CDM\",\"GK\"]',5,5,'captain','active','b6ab3e9b-7bd7-468f-ae54-51c7675831e3','2025-11-17','2025-11-17 08:10:51','2025-11-20 02:43:43','regular','active'),('41097aab-54bd-4800-84cf-f79e8f7d3d2b','okxVv103EgHeB3uaE92X241bTwRQ',NULL,'巴国城小胖子','邱帅','https://api.129club.cloud/user_avatars/2025/11/1763381010387_6bmpu8.jpg',NULL,33,'[\"LB\",\"RB\"]',0,1,'member','active','281a79c2-e10a-4bfa-8dc8-def0b7b7580a',NULL,'2025-11-17 12:01:44','2025-11-20 02:49:06','regular','active'),('41c2f924-fcc1-4c6f-9b86-7a715bd54d72','okxVv1zlyaOXvAqOWUUbXgB-_upI',NULL,'杨洋洋','杨鹏','https://api.129club.cloud/user_avatars/2025/11/1763527400342_yaeq1t.jpg',NULL,0,'[\"GK\"]',1,0,'member','active','b6ab3e9b-7bd7-468f-ae54-51c7675831e3','2025-11-20','2025-11-19 04:41:00','2025-11-20 01:53:19','temporary','active'),('4b881f49-1bc9-494b-9c00-c24ce2566eb8','okxVv11jQ_l1EYAqQgF8bz4b4YnI',NULL,NULL,NULL,NULL,NULL,NULL,NULL,0,0,'member','inactive',NULL,NULL,'2025-11-23 06:21:19','2025-11-23 06:21:19','temporary','active'),('573d56a3-feea-4106-a507-fc7dc9aa637e','okxVv1w_KvVmrxROiZvdhuRQPjIQ',NULL,'jack','蒋','https://api.129club.cloud/user_avatars/2025/11/1764128835867_vhmykn.jpeg',NULL,52,'[\"LB\",\"RW\"]',0,1,'member','active',NULL,NULL,'2025-11-26 03:47:08','2025-11-26 03:48:17','temporary','active'),('5d8d2d9a-19f4-4896-abd3-304c0704b483','okxVv1686kd9QTeAZQngr-jOzwp0',NULL,NULL,NULL,NULL,NULL,NULL,NULL,0,0,'member','inactive',NULL,NULL,'2025-11-17 05:58:59','2025-11-20 02:50:05','temporary','active'),('63fe6ebf-4360-4840-a567-2b46d7237bf9','okxVv1-FqbAPZbStnouW3XiZQjXg',NULL,'南岸卡西利亚斯','曾晨','https://api.129club.cloud/user_avatars/2025/11/1763381010913_upn081.jpg',NULL,96,'[\"GK\"]',1,3,'member','active','281a79c2-e10a-4bfa-8dc8-def0b7b7580a','2025-11-17','2025-11-17 12:02:40','2025-11-20 02:49:06','regular','active'),('6a1ea615-5f87-4e6a-bc3a-214ee9a48646','okxVv1_m8zBdtKlLtghzHc4s76bk',NULL,'幺','王凌云','https://api.129club.cloud/user_avatars/2025/11/1763382959723_cwitq1.jpg',NULL,10,'[\"CDM\",\"RW\",\"CB\"]',2,5,'member','active','b6ab3e9b-7bd7-468f-ae54-51c7675831e3',NULL,'2025-11-17 12:10:36','2025-11-20 02:45:57','regular','active'),('6f19ae14-c42c-11f0-b163-525400735d47','temp_changjianghhuanghe_1763435557',NULL,'外援','外援-长江',NULL,NULL,NULL,NULL,0,0,'member','inactive','281a79c2-e10a-4bfa-8dc8-def0b7b7580a',NULL,'2025-11-18 03:12:37','2025-11-18 06:43:03','temporary','active'),('6f1ea48f-c42c-11f0-b163-525400735d47','temp_jialingmotuo_1763435557',NULL,'外援','外援-嘉陵',NULL,NULL,NULL,NULL,0,0,'member','inactive','b6ab3e9b-7bd7-468f-ae54-51c7675831e3',NULL,'2025-11-18 03:12:37','2025-11-18 06:43:06','temporary','active'),('71d7ab1d-1674-4f0f-8a81-d0348f45ed83','okxVv10PhpewphVw9NHaS-11ZB9c',NULL,'罗纳尔多','廖鹏','https://api.129club.cloud/user_avatars/2025/11/1763382246582_f8duw8.webp',NULL,49,'[\"LW\",\"RW\"]',2,5,'member','active','b6ab3e9b-7bd7-468f-ae54-51c7675831e3',NULL,'2025-11-17 12:23:48','2025-11-20 02:49:06','regular','active'),('72fab86a-caad-41b4-8f73-fe8c8ed30add','okxVv1yJlWvHhwyGzFpmBtth23YA',NULL,NULL,NULL,NULL,NULL,NULL,NULL,0,0,'member','inactive',NULL,NULL,'2025-11-19 04:47:11','2025-11-19 04:47:11','temporary','active'),('78e6a8de-20dc-4560-b567-a054b04237b5','okxVv14-IR8I0vqb1EE71GMshE_I',NULL,'光电园基耶萨','骆地生','https://api.129club.cloud/user_avatars/2025/11/1763462551559_lsuozl.jpeg',NULL,81,'[\"CB\",\"LB\",\"CDM\",\"LW\"]',1,4,'member','active','281a79c2-e10a-4bfa-8dc8-def0b7b7580a','2025-11-20','2025-11-18 10:41:31','2025-11-20 03:04:01','regular','active'),('79c6ae93-bff1-407f-b447-b3c1f3e72f5e','okxVv1_7p_RL2pKPA46Mb-eO3NKY',NULL,NULL,NULL,NULL,NULL,NULL,NULL,0,0,'member','inactive',NULL,NULL,'2025-11-19 04:40:56','2025-11-19 04:40:56','temporary','active'),('7ac814ea-1d64-4878-a68e-cbba2cf028e8','okxVv11ZzXTZvOevlwK01QvwuytY',NULL,'诚友小朱','朱静','https://api.129club.cloud/user_avatars/2025/11/1763381186400_o4w4ui.jpg',NULL,85,'[\"CB\",\"LB\",\"RB\",\"CDM\",\"CAM\",\"RW\",\"LW\",\"CF\"]',1,1,'member','active','281a79c2-e10a-4bfa-8dc8-def0b7b7580a',NULL,'2025-11-17 12:01:42','2025-11-20 02:49:06','regular','active'),('7dda9b5f-62ca-4e98-a44d-943cb982c684','okxVv1xVuCz5yZ2vX9Rx0F5eVBuo',NULL,'Young','罗阳','https://api.129club.cloud/user_avatars/2025/11/1763381026138_0v3umf.jpg',NULL,29,'[\"CF\",\"LW\",\"CDM\",\"RW\",\"CAM\"]',1,1,'member','active','281a79c2-e10a-4bfa-8dc8-def0b7b7580a',NULL,'2025-11-17 12:02:41','2025-11-20 02:49:06','regular','active'),('7e769d4a-ca83-469d-a117-75b84313ed6c','okxVv1yVyQzjC8KE_ibvy5Mcwf5s',NULL,'阿尔恒','阿尔恒','https://api.129club.cloud/user_avatars/2025/11/1763733317170_zddtku.jpg',NULL,94,'[\"CDM\"]',2,5,'member','active','281a79c2-e10a-4bfa-8dc8-def0b7b7580a','2025-11-23','2025-11-21 13:53:59','2025-11-23 13:09:53','temporary','active'),('7ed26a6f-f796-4823-983e-8133ecb4f1bd','okxVv11n7dMC46wpfvs49fBU-OwA',NULL,NULL,NULL,NULL,NULL,NULL,NULL,0,0,'member','inactive',NULL,NULL,'2025-11-17 05:58:59','2025-11-20 02:49:54','temporary','active'),('7fbeef0d-dd93-457b-a259-16e869430e28','okxVv13putqNZO0sQrbiTajGw75I',NULL,'啊啊喔','曹枫','https://api.129club.cloud/user_avatars/2025/11/1763380818159_x22tcw.jpg',NULL,19,'[\"RB\",\"LW\",\"RW\",\"LB\"]',3,5,'member','active','281a79c2-e10a-4bfa-8dc8-def0b7b7580a',NULL,'2025-11-17 10:16:58','2025-11-20 02:45:57','regular','active'),('84e2f056-3854-41e6-9941-25f9a428fcda','okxVv1-n-xPsZ8Bvk4snm6qGTsTY',NULL,'杨涛','杨涛','https://api.129club.cloud/user_avatars/2025/11/1763382147193_njpcus.jpg',NULL,87,'[\"GK\",\"CB\",\"LB\",\"RB\"]',1,5,'member','active','b6ab3e9b-7bd7-468f-ae54-51c7675831e3',NULL,'2025-11-17 12:08:23','2025-11-20 02:49:06','regular','active'),('86605ffe-31a8-4264-857a-c5d65934b418','okxVv1zOcp2t1r3ModAh15Ip3U4A',NULL,'刘柯良','刘柯良','https://api.129club.cloud/user_avatars/2025/11/1763552713957_d5nig1.jpeg',NULL,99,'[\"RB\"]',1,1,'member','active','281a79c2-e10a-4bfa-8dc8-def0b7b7580a','2025-11-20','2025-11-19 11:44:32','2025-11-20 11:00:42','temporary','active'),('8cd7500c-c95e-4f3e-b776-c9bfaa5c0235','okxVv1ySewYT-wA3YIpssQp6VLTw',NULL,'然大大','陈然','https://api.129club.cloud/user_avatars/2025/11/1763381388858_ouf61b.jpeg',NULL,18,'[\"CF\",\"RW\",\"LW\",\"GK\"]',0,1,'member','active','281a79c2-e10a-4bfa-8dc8-def0b7b7580a',NULL,'2025-11-17 12:09:10','2025-11-21 08:25:31','regular','active'),('8cf4f261-5ddb-446b-9064-dacbe9c59f1f','okxVv15hQhueU8ARLqsMnpXSHhCk',NULL,'二塘坎特','张正祥','https://api.129club.cloud/user_avatars/2025/11/1763381451682_4nb6oe.jpg',NULL,3,'[\"CB\",\"LB\",\"RB\",\"LW\",\"RW\",\"CDM\"]',0,1,'member','active','281a79c2-e10a-4bfa-8dc8-def0b7b7580a',NULL,'2025-11-17 12:10:45','2025-11-20 02:45:57','regular','active'),('8cf5f4ad-3159-41e2-942f-b77804afe972','okxVv12CLeNOOpHA1hgl6Z3LWDzE',NULL,'李云鹏','李云鹏','https://api.129club.cloud/user_avatars/2025/11/1763380959353_wtdbaq.jpeg',NULL,10,'[\"CF\",\"CAM\",\"CDM\",\"CB\"]',0,5,'member','active','281a79c2-e10a-4bfa-8dc8-def0b7b7580a',NULL,'2025-11-17 12:02:31','2025-11-20 02:45:57','regular','active'),('9276f9f0-2df8-4db8-9d87-88f6e77f56d7','okxVv1wOEM6arWtJRuz5svxZLGs0',NULL,'黄泥塝卡恩','邹可','https://api.129club.cloud/user_avatars/2025/11/1763383953910_h7qusf.jpeg',NULL,0,'[\"GK\"]',0,1,'member','active',NULL,NULL,'2025-11-17 12:51:54','2025-11-20 02:49:06','regular','active'),('942b0614-06e4-4e35-acd8-52f806a9a5c7','okxVv1z1t0DVfyOyc-uL94jJEbYo',NULL,'小刘','刘立希','https://api.129club.cloud/user_avatars/2025/11/1763359810151_e77vaj.jpeg',NULL,65,'[\"RB\",\"LB\",\"RW\",\"LW\"]',1,5,'super_admin','active','b6ab3e9b-7bd7-468f-ae54-51c7675831e3','2025-11-17','2025-11-17 06:10:00','2025-11-20 02:45:57','regular','active'),('9bb0615a-37c7-4547-867a-916ca1c9d7e2','okxVv13BDh7AW3Mm_LAntWZ_JiN0',NULL,NULL,NULL,NULL,NULL,NULL,NULL,0,0,'member','inactive',NULL,NULL,'2025-11-19 04:46:29','2025-11-19 04:46:29','temporary','active'),('9bb0beb2-1810-466e-9e60-713a82f2c6df','okxVv14MkJjr5bRyBNjbkw2XWJ1Y',NULL,'黄泥磅斯凯利','黄波','https://api.129club.cloud/user_avatars/2025/11/1763368420602_r3b45t.jpeg',NULL,11,'[\"LB\",\"CDM\",\"LW\"]',5,2,'member','active','b6ab3e9b-7bd7-468f-ae54-51c7675831e3','2025-11-17','2025-11-17 08:33:29','2025-11-20 02:45:57','regular','active'),('9c0ccbee-c7a4-4da5-9147-7e117f9eb16a','okxVv11zEjF6rSlRp0wtliLiOLvI',NULL,'福子','孙福临','https://api.129club.cloud/user_avatars/2025/11/1763381481741_mhuiqp.jpg',NULL,4,'[\"CB\",\"LB\",\"RB\",\"CDM\",\"CAM\",\"LW\",\"RW\",\"CF\"]',2,5,'member','active','281a79c2-e10a-4bfa-8dc8-def0b7b7580a',NULL,'2025-11-17 12:10:45','2025-11-20 02:49:06','regular','active'),('a9a4f518-9b49-4120-b008-54b3f7035783','okxVv13EUjNZsuteg_73TU_6P3Rs',NULL,'小银','银河','https://api.129club.cloud/user_avatars/2025/11/1763772264021_0lvsie.jpeg',NULL,77,'[\"LB\",\"RB\",\"RW\",\"LW\"]',0,1,'member','active',NULL,NULL,'2025-11-22 00:43:37','2025-11-23 13:17:38','regular','active'),('c55cbd22-ffa7-4da9-8793-454134257948','okxVv1_ZIjW75EQMBJBOn7oKS2hg',NULL,'🤬','严帅','https://api.129club.cloud/user_avatars/2025/11/1763624354055_t5zz68.jpg',NULL,79,'[\"GK\"]',0,5,'member','active','281a79c2-e10a-4bfa-8dc8-def0b7b7580a','2025-11-23','2025-11-20 07:38:38','2025-11-23 13:10:51','temporary','active'),('c8687aba-86ee-4d3d-9dcf-4384a1a93015','okxVv18S12YUl9Jr3UgQQpOR-RaA',NULL,'Didier','史地','https://api.129club.cloud/user_avatars/2025/11/1763527612211_z71dxc.jpg',NULL,0,'[\"GK\",\"CB\",\"LB\",\"RB\",\"CDM\",\"CAM\",\"LW\",\"RW\",\"CF\"]',0,1,'member','active',NULL,NULL,'2025-11-19 04:45:56','2025-11-19 04:46:54','temporary','active'),('cef30ce9-504f-48fe-9bee-b6c66b61db77','okxVv12K1s8sIXZ7NEQFtXDjP4hk',NULL,'QIN','覃文波','https://api.129club.cloud/user_avatars/2025/11/1763383859023_1gyjmh.jpg',NULL,23,'[\"CAM\",\"CDM\"]',0,1,'member','active','b6ab3e9b-7bd7-468f-ae54-51c7675831e3',NULL,'2025-11-17 12:50:10','2025-11-20 02:49:06','regular','active'),('d00e587b-de8f-44d5-b716-9d7860266be6','okxVv14F-SLRqYRx1g_3G8_FBscc',NULL,'汽博-哈兰德','杨文华','https://api.129club.cloud/user_avatars/2025/11/1763383069778_rd81uu.jpg',NULL,17,'[\"CB\",\"LB\",\"RB\",\"CDM\",\"CAM\",\"LW\",\"RW\",\"CF\"]',3,5,'member','active','b6ab3e9b-7bd7-468f-ae54-51c7675831e3',NULL,'2025-11-17 12:30:22','2025-11-20 02:49:06','regular','active'),('d2f05391-e6e4-4109-a0ef-47631700cb69','okxVv102_krsNl7l1QJYVSTs8LB8',NULL,'木头','牟小军','https://api.129club.cloud/user_avatars/2025/11/1763434203358_k27uwh.jpeg',NULL,78,'[\"LB\",\"RB\",\"LW\",\"RW\"]',0,1,'member','active','b6ab3e9b-7bd7-468f-ae54-51c7675831e3','2025-11-18','2025-11-18 02:48:37','2025-11-18 03:05:12','temporary','active'),('d79a0e39-d5cc-41a0-afac-ae59da779797','okxVv17aTp5pjtA-VXkJHDcjB2jU',NULL,'大渡口坎比亚索','余信','https://api.129club.cloud/user_avatars/2025/11/1763380685601_qsggyl.jpeg',NULL,12,'[\"RB\",\"LB\"]',1,1,'member','active',NULL,NULL,'2025-11-17 11:57:12','2025-11-20 02:49:06','regular','active'),('d8d70e63-fe1b-4a73-9b1c-93d68d259e99','okxVv1zTM4n7773cg7togL5pYlYY',NULL,'二哥','徐翔','https://api.129club.cloud/user_avatars/2025/11/1763381377826_pnmtus.jpeg',NULL,14,'[\"CB\",\"LB\",\"RB\",\"CDM\",\"CAM\",\"LW\",\"RW\"]',5,5,'member','active','b6ab3e9b-7bd7-468f-ae54-51c7675831e3',NULL,'2025-11-17 12:08:26','2025-11-20 02:49:06','regular','active'),('e18ad310-339b-48b4-8745-58630b87ba3d','okxVv140amwFakUCd400f-JGJW-E',NULL,'蒲海瑞','蒲海瑞','https://api.129club.cloud/user_avatars/2025/11/1763381330242_dxt43x.jpeg',NULL,68,'[\"RB\",\"LB\",\"RW\"]',0,1,'member','active','b6ab3e9b-7bd7-468f-ae54-51c7675831e3',NULL,'2025-11-17 12:05:34','2025-11-20 02:49:06','regular','active'),('f60affc5-8091-4f3d-af5a-5132a8e97bc0','okxVv15jylCUmZ8BidRr6FT7dAYg',NULL,'猫儿','陈奇','https://api.129club.cloud/user_avatars/2025/11/1763625689974_x9km8u.jpeg',NULL,58,'[\"GK\"]',0,1,'member','active','281a79c2-e10a-4bfa-8dc8-def0b7b7580a','2025-11-20','2025-11-20 08:01:05','2025-11-20 11:07:34','regular','active'),('f6f0089f-906c-440f-ac5c-68b479e13133','okxVv1-xRoql0KbFBCc6r-cllMkM',NULL,'小猪','朱荣峥','https://api.129club.cloud/user_avatars/2025/11/1763381923494_lj4pqf.jpg',NULL,4,'[\"CAM\"]',2,5,'member','active','281a79c2-e10a-4bfa-8dc8-def0b7b7580a','2025-11-17','2025-11-17 12:17:33','2025-11-20 02:49:06','regular','active'),('fc5f3bf4-bcaf-4a07-a529-28c6cf6f622a','okxVv1y3vgWtj9ID3PIbuU9ZjM-o',NULL,'张9','张欣','https://api.129club.cloud/user_avatars/2025/11/1763381158221_z5tu70.jpg',NULL,9,'[\"LW\"]',5,5,'member','active','b6ab3e9b-7bd7-468f-ae54-51c7675831e3',NULL,'2025-11-17 12:05:51','2025-11-20 02:49:06','regular','active'),('fe6aebef-6f31-4cc1-baa0-4131c267d5f8','okxVv16ywFvjwfhXbhT5AGa7aHMc',NULL,'黄展','黄展','https://api.129club.cloud/user_avatars/2025/11/1763387164050_46zsph.jpg',NULL,21,'[\"CF\",\"CDM\",\"CB\",\"RB\"]',2,5,'member','active','281a79c2-e10a-4bfa-8dc8-def0b7b7580a','2025-11-17','2025-11-17 13:44:30','2025-11-20 02:49:06','regular','active');
/*!40000 ALTER TABLE `users` ENABLE KEYS */;
UNLOCK TABLES;
/*!40103 SET TIME_ZONE=@OLD_TIME_ZONE */;

/*!40101 SET SQL_MODE=@OLD_SQL_MODE */;
/*!40014 SET FOREIGN_KEY_CHECKS=@OLD_FOREIGN_KEY_CHECKS */;
/*!40014 SET UNIQUE_CHECKS=@OLD_UNIQUE_CHECKS */;
/*!40101 SET CHARACTER_SET_CLIENT=@OLD_CHARACTER_SET_CLIENT */;
/*!40101 SET CHARACTER_SET_RESULTS=@OLD_CHARACTER_SET_RESULTS */;
/*!40101 SET COLLATION_CONNECTION=@OLD_COLLATION_CONNECTION */;
/*!40111 SET SQL_NOTES=@OLD_SQL_NOTES */;

-- Dump completed on 2025-11-26 18:17:47
